forecast_time,cpi,fed_funds,real_10y,ust_10y,ust_2y,broad_usd,m2,nasdaq,payrolls,rrp,unemployment,vix,fed_assets,tga,cpi__observation_time,fed_funds__observation_time,real_10y__observation_time,ust_10y__observation_time,ust_2y__observation_time,broad_usd__observation_time,m2__observation_time,nasdaq__observation_time,payrolls__observation_time,rrp__observation_time,unemployment__observation_time,vix__observation_time,fed_assets__observation_time,tga__observation_time,broad_usd_logchg_13w,broad_usd_logchg_52w,m2_logchg_13w,m2_logchg_52w,payrolls_logchg_13w,payrolls_logchg_52w,nasdaq_logchg_13w,nasdaq_logchg_52w,cpi_logchg_13w,cpi_logchg_52w,tga_logchg_13w,tga_logchg_52w,fed_assets_logchg_13w,fed_assets_logchg_52w,rrp_delta_13w,rrp_delta_52w,ust_10y_delta_13w,ust_10y_delta_52w,unemployment_delta_13w,unemployment_delta_52w,fed_funds_delta_13w,fed_funds_delta_52w,ust_2y_delta_13w,ust_2y_delta_52w,real_10y_delta_13w,real_10y_delta_52w,vix_delta_13w,vix_delta_52w,yield_curve_10y_2y,breakeven_proxy_10y,net_liquidity_musd,net_liquidity_logchg_13w,net_liquidity_logchg_52w,m2__staleness_days,fed_assets__staleness_days,tga__staleness_days,rrp__staleness_days,fed_funds__staleness_days,ust_2y__staleness_days,ust_10y__staleness_days,real_10y__staleness_days,broad_usd__staleness_days,vix__staleness_days,nasdaq__staleness_days,cpi__staleness_days,unemployment__staleness_days,payrolls__staleness_days
2018-01-01 00:00:00+00:00,247.592,1.42,0.47,2.43,1.91,,13785.4,6903.39,147241.0,319.595,4.1,11.04,4448680.0,190.283,2017-11-01 00:00:00+00:00,2017-12-28 00:00:00+00:00,2017-12-28 00:00:00+00:00,2017-12-28 00:00:00+00:00,2017-12-28 00:00:00+00:00,,2017-11-01 00:00:00+00:00,2017-12-29 00:00:00+00:00,2017-11-01 00:00:00+00:00,2017-12-29 00:00:00+00:00,2017-11-01 00:00:00+00:00,2017-12-29 00:00:00+00:00,2017-12-27 00:00:00+00:00,2017-12-27 00:00:00+00:00,,,,,,,,,,,,,,,,,,,,,,,,,,,,,0.5200000000000002,1.9600000000000002,4128894.717,,,61,5,5,3,4,4,4,4,,3,3,61,61,61
2018-01-08 00:00:00+00:00,247.592,1.42,0.46,2.47,1.96,,13785.4,7157.39,147380.0,63.531,4.1,9.52,4448680.0,190.283,2017-11-01 00:00:00+00:00,2018-01-05 00:00:00+00:00,2018-01-05 00:00:00+00:00,2018-01-05 00:00:00+00:00,2018-01-05 00:00:00+00:00,,2017-11-01 00:00:00+00:00,2018-01-08 00:00:00+00:00,2017-12-01 00:00:00+00:00,2018-01-08 00:00:00+00:00,2017-12-01 00:00:00+00:00,2018-01-08 00:00:00+00:00,2017-12-27 00:00:00+00:00,2017-12-27 00:00:00+00:00,,,,,,,,,,,,,,,,,,,,,,,,,,,,,0.5100000000000002,2.0100000000000002,4384958.717,,,68,12,12,0,3,3,3,3,,0,0,68,38,38
2018-01-15 00:00:00+00:00,247.963,1.42,0.54,2.54,1.98,,13844.5,7261.06,147380.0,21.59,4.1,10.16,4443718.0,211.566,2017-12-01 00:00:00+00:00,2018-01-11 00:00:00+00:00,2018-01-11 00:00:00+00:00,2018-01-11 00:00:00+00:00,2018-01-11 00:00:00+00:00,,2017-12-01 00:00:00+00:00,2018-01-12 00:00:00+00:00,2017-12-01 00:00:00+00:00,2018-01-12 00:00:00+00:00,2017-12-01 00:00:00+00:00,2018-01-12 00:00:00+00:00,2018-01-03 00:00:00+00:00,2018-01-03 00:00:00+00:00,,,,,,,,,,,,,,,,,,,,,,,,,,,,,0.56,2.0,4421916.434,,,45,12,12,3,4,4,4,4,,3,3,45,45,45
2018-01-22 00:00:00+00:00,247.963,1.42,0.58,2.64,2.06,,13845.0,7408.03,147380.0,28.706,4.1,11.03,4439145.0,227.665,2017-12-01 00:00:00+00:00,2018-01-19 00:00:00+00:00,2018-01-19 00:00:00+00:00,2018-01-19 00:00:00+00:00,2018-01-19 00:00:00+00:00,,2017-12-01 00:00:00+00:00,2018-01-22 00:00:00+00:00,2017-12-01 00:00:00+00:00,2018-01-22 00:00:00+00:00,2017-12-01 00:00:00+00:00,2018-01-22 00:00:00+00:00,2018-01-17 00:00:00+00:00,2018-01-17 00:00:00+00:00,,,,,,,,,,,,,,,,,,,,,,,,,,,,,0.5800000000000001,2.06,4410211.335,,,52,5,5,0,3,3,3,3,,0,0,52,52,52
2018-01-29 00:00:00+00:00,247.963,1.42,0.57,2.66,2.13,,13833.3,7466.51,147380.0,23.98,4.1,13.84,4441317.0,269.118,2017-12-01 00:00:00+00:00,2018-01-26 00:00:00+00:00,2018-01-26 00:00:00+00:00,2018-01-26 00:00:00+00:00,2018-01-26 00:00:00+00:00,,2017-12-01 00:00:00+00:00,2018-01-29 00:00:00+00:00,2017-12-01 00:00:00+00:00,2018-01-29 00:00:00+00:00,2017-12-01 00:00:00+00:00,2018-01-29 00:00:00+00:00,2018-01-24 00:00:00+00:00,2018-01-24 00:00:00+00:00,,,,,,,,,,,,,,,,,,,,,,,,,,,,,0.5300000000000002,2.0900000000000003,4417067.882,,,59,5,5,0,3,3,3,3,,0,0,59,59,59
2018-02-05 00:00:00+00:00,247.963,1.42,0.7,2.84,2.15,,13833.5,6967.53,147810.0,59.008,4.1,37.32,4419225.0,270.244,2017-12-01 00:00:00+00:00,2018-02-02 00:00:00+00:00,2018-02-02 00:00:00+00:00,2018-02-02 00:00:00+00:00,2018-02-02 00:00:00+00:00,,2017-12-01 00:00:00+00:00,2018-02-05 00:00:00+00:00,2018-01-01 00:00:00+00:00,2018-02-05 00:00:00+00:00,2018-01-01 00:00:00+00:00,2018-02-05 00:00:00+00:00,2018-01-31 00:00:00+00:00,2018-01-31 00:00:00+00:00,,,,,,,,,,,,,,,,,,,,,,,,,,,,,0.69,2.1399999999999997,4359946.756,,,66,5,5,0,3,3,3,3,,0,0,66,35,35
2018-02-12 00:00:00+00:00,247.963,1.42,0.78,2.83,2.05,,13833.1,6981.96,147810.0,30.631,4.1,25.61,4420745.0,203.936,2017-12-01 00:00:00+00:00,2018-02-09 00:00:00+00:00,2018-02-09 00:00:00+00:00,2018-02-09 00:00:00+00:00,2018-02-09 00:00:00+00:00,,2017-12-01 00:00:00+00:00,2018-02-12 00:00:00+00:00,2018-01-01 00:00:00+00:00,2018-02-12 00:00:00+00:00,2018-01-01 00:00:00+00:00,2018-02-12 00:00:00+00:00,2018-02-07 00:00:00+00:00,2018-02-07 00:00:00+00:00,,,,,,,,,,,,,,,,,,,,,,,,,,,,,0.7800000000000002,2.05,4389910.064,,,73,5,5,0,3,3,3,3,,0,0,73,42,42
2018-02-19 00:00:00+00:00,249.245,1.42,0.79,2.9,2.19,,13838.3,7239.47,147810.0,29.615,4.1,19.46,4434863.0,197.681,2018-01-01 00:00:00+00:00,2018-02-15 00:00:00+00:00,2018-02-15 00:00:00+00:00,2018-02-15 00:00:00+00:00,2018-02-15 00:00:00+00:00,,2018-01-01 00:00:00+00:00,2018-02-16 00:00:00+00:00,2018-01-01 00:00:00+00:00,2018-02-16 00:00:00+00:00,2018-01-01 00:00:00+00:00,2018-02-16 00:00:00+00:00,2018-02-14 00:00:00+00:00,2018-02-14 00:00:00+00:00,,,,,,,,,,,,,,,,,,,,,,,,,,,,,0.71,2.11,4405050.319,,,49,5,5,3,4,4,4,4,,3,3,49,49,49
2018-02-26 00:00:00+00:00,249.245,1.42,0.76,2.88,2.25,,13837.7,7421.46,147810.0,9.36,4.1,15.8,4411660.0,214.677,2018-01-01 00:00:00+00:00,2018-02-23 00:00:00+00:00,2018-02-23 00:00:00+00:00,2018-02-23 00:00:00+00:00,2018-02-23 00:00:00+00:00,,2018-01-01 00:00:00+00:00,2018-02-26 00:00:00+00:00,2018-01-01 00:00:00+00:00,2018-02-26 00:00:00+00:00,2018-01-01 00:00:00+00:00,2018-02-26 00:00:00+00:00,2018-02-21 00:00:00+00:00,2018-02-21 00:00:00+00:00,,,,,,,,,,,,,,,,,,,,,,,,,,,,,0.6299999999999999,2.12,4402085.323,,,56,5,5,0,3,3,3,3,,0,0,56,56,56
2018-03-05 00:00:00+00:00,249.245,1.42,0.74,2.86,2.25,,13837.7,7330.7,147810.0,15.23,4.1,18.73,4393401.0,202.62,2018-01-01 00:00:00+00:00,2018-03-02 00:00:00+00:00,2018-03-02 00:00:00+00:00,2018-03-02 00:00:00+00:00,2018-03-02 00:00:00+00:00,,2018-01-01 00:00:00+00:00,2018-03-05 00:00:00+00:00,2018-01-01 00:00:00+00:00,2018-03-05 00:00:00+00:00,2018-01-01 00:00:00+00:00,2018-03-05 00:00:00+00:00,2018-02-28 00:00:00+00:00,2018-02-28 00:00:00+00:00,,,,,,,,,,,,,,,,,,,,,,,,,,,,,0.6099999999999999,2.12,4377968.38,,,63,5,5,0,3,3,3,3,,0,0,63,63,63
2018-03-12 00:00:00+00:00,249.245,1.42,0.78,2.9,2.27,,13837.7,7588.32,148177.0,1.77,4.1,15.78,4396097.0,195.071,2018-01-01 00:00:00+00:00,2018-03-09 00:00:00+00:00,2018-03-09 00:00:00+00:00,2018-03-09 00:00:00+00:00,2018-03-09 00:00:00+00:00,,2018-01-01 00:00:00+00:00,2018-03-12 00:00:00+00:00,2018-02-01 00:00:00+00:00,2018-03-12 00:00:00+00:00,2018-02-01 00:00:00+00:00,2018-03-12 00:00:00+00:00,2018-03-07 00:00:00+00:00,2018-03-07 00:00:00+00:00,,,,,,,,,,,,,,,,,,,,,,,,,,,,,0.6299999999999999,2.12,4394131.929,,,70,5,5,0,3,3,3,3,,0,0,70,39,39
2018-03-19 00:00:00+00:00,249.619,1.43,0.77,2.85,2.31,,13858.3,7344.24,148177.0,7.82,4.1,19.02,4407258.0,249.929,2018-02-01 00:00:00+00:00,2018-03-16 00:00:00+00:00,2018-03-16 00:00:00+00:00,2018-03-16 00:00:00+00:00,2018-03-16 00:00:00+00:00,,2018-02-01 00:00:00+00:00,2018-03-19 00:00:00+00:00,2018-02-01 00:00:00+00:00,2018-03-19 00:00:00+00:00,2018-02-01 00:00:00+00:00,2018-03-19 00:00:00+00:00,2018-03-14 00:00:00+00:00,2018-03-14 00:00:00+00:00,,,,,,,,,,,,,,,,,,,,,,,,,,,,,0.54,2.08,4399188.071,,,46,5,5,0,3,3,3,3,,0,0,46,46,46
2018-03-26 00:00:00+00:00,249.619,1.68,0.75,2.82,2.28,,13858.2,7220.54,148177.0,5.921,4.1,21.03,4401222.0,316.454,2018-02-01 00:00:00+00:00,2018-03-23 00:00:00+00:00,2018-03-23 00:00:00+00:00,2018-03-23 00:00:00+00:00,2018-03-23 00:00:00+00:00,,2018-02-01 00:00:00+00:00,2018-03-26 00:00:00+00:00,2018-02-01 00:00:00+00:00,2018-03-26 00:00:00+00:00,2018-02-01 00:00:00+00:00,2018-03-26 00:00:00+00:00,2018-03-21 00:00:00+00:00,2018-03-21 00:00:00+00:00,,,,,,,,,,,,,,,,,,,,,,,,,,,,,0.54,2.07,4394984.546,,,53,5,5,0,3,3,3,3,,0,0,53,53,53
2018-04-02 00:00:00+00:00,249.619,1.67,0.69,2.74,2.27,,13858.4,6870.12,148177.0,3.823,4.1,23.62,4392198.0,318.858,2018-02-01 00:00:00+00:00,2018-03-30 00:00:00+00:00,2018-03-29 00:00:00+00:00,2018-03-29 00:00:00+00:00,2018-03-29 00:00:00+00:00,,2018-02-01 00:00:00+00:00,2018-04-02 00:00:00+00:00,2018-02-01 00:00:00+00:00,2018-04-02 00:00:00+00:00,2018-02-01 00:00:00+00:00,2018-04-02 00:00:00+00:00,2018-03-28 00:00:00+00:00,2018-03-28 00:00:00+00:00,,,0.00528148588030497,,0.0063368050159127165,,-0.004831021969959437,,0.008153525282277307,,0.5162334249352973,,-0.012777637803237596,,-315.77200000000005,,0.31000000000000005,,0.0,,0.25,,0.3600000000000001,,0.21999999999999997,,12.580000000000002,,0.4700000000000002,2.0500000000000003,4388056.142,0.060876588617421845,,60,5,5,0,3,4,4,4,,0,0,60,60,60
2018-04-09 00:00:00+00:00,249.619,1.69,0.7,2.77,2.27,,13858.4,6950.34,148230.0,4.07,4.1,21.77,4386104.0,303.916,2018-02-01 00:00:00+00:00,2018-04-06 00:00:00+00:00,2018-04-06 00:00:00+00:00,2018-04-06 00:00:00+00:00,2018-04-06 00:00:00+00:00,,2018-02-01 00:00:00+00:00,2018-04-09 00:00:00+00:00,2018-03-01 00:00:00+00:00,2018-04-09 00:00:00+00:00,2018-03-01 00:00:00+00:00,2018-04-09 00:00:00+00:00,2018-04-04 00:00:00+00:00,2018-04-04 00:00:00+00:00,,,0.00528148588030497,,0.005750836186914299,,-0.029354810134027076,,0.008153525282277307,,0.46823890975548554,,-0.014166061436638344,,-59.461,,0.2999999999999998,,0.0,,0.27,,0.31000000000000005,,0.23999999999999994,,12.25,,0.5,2.0700000000000003,4381730.084,-0.0007365684397520056,,67,5,5,0,3,3,3,3,,0,0,67,39,39
2018-04-16 00:00:00+00:00,249.462,1.69,0.69,2.82,2.37,,13918.1,7156.28,148230.0,3.372,4.1,16.56,4383684.0,294.083,2018-03-01 00:00:00+00:00,2018-04-13 00:00:00+00:00,2018-04-13 00:00:00+00:00,2018-04-13 00:00:00+00:00,2018-04-13 00:00:00+00:00,,2018-03-01 00:00:00+00:00,2018-04-16 00:00:00+00:00,2018-03-01 00:00:00+00:00,2018-04-16 00:00:00+00:00,2018-03-01 00:00:00+00:00,2018-04-16 00:00:00+00:00,2018-04-11 00:00:00+00:00,2018-04-11 00:00:00+00:00,,,0.005302109487038464,,0.005750836186914299,,-0.014535530803115648,,0.006027057496699406,,0.32932503387671197,,-0.013601946662475939,,-18.218,,0.2799999999999998,,0.0,,0.27,,0.3900000000000001,,0.1499999999999999,,6.399999999999999,,0.44999999999999973,2.13,4380017.917,-0.009520369453623445,,46,5,5,0,3,3,3,3,,0,0,46,46,46
2018-04-23 00:00:00+00:00,249.462,1.7,0.79,2.96,2.46,,13926.4,7128.6,148230.0,10.821,4.1,16.34,4385903.0,275.246,2018-03-01 00:00:00+00:00,2018-04-20 00:00:00+00:00,2018-04-20 00:00:00+00:00,2018-04-20 00:00:00+00:00,2018-04-20 00:00:00+00:00,,2018-03-01 00:00:00+00:00,2018-04-23 00:00:00+00:00,2018-03-01 00:00:00+00:00,2018-04-23 00:00:00+00:00,2018-03-01 00:00:00+00:00,2018-04-23 00:00:00+00:00,2018-04-18 00:00:00+00:00,2018-04-18 00:00:00+00:00,,,0.005862162736397281,,0.005750836186914299,,-0.038449685301545244,,0.006027057496699406,,0.18978999302211275,,-0.01206625640498693,,-17.884999999999998,,0.31999999999999984,,0.0,,0.28,,0.3999999999999999,,0.21000000000000008,,5.3100000000000005,,0.5,2.17,4374806.754,-0.008060261759505138,,53,5,5,0,3,3,3,3,,0,0,53,53,53
2018-04-30 00:00:00+00:00,249.462,1.7,0.79,2.96,2.49,,13926.6,7066.27,148230.0,13.83,4.1,15.93,4372886.0,359.599,2018-03-01 00:00:00+00:00,2018-04-27 00:00:00+00:00,2018-04-27 00:00:00+00:00,2018-04-27 00:00:00+00:00,2018-04-27 00:00:00+00:00,,2018-03-01 00:00:00+00:00,2018-04-30 00:00:00+00:00,2018-03-01 00:00:00+00:00,2018-04-30 00:00:00+00:00,2018-03-01 00:00:00+00:00,2018-04-30 00:00:00+00:00,2018-04-25 00:00:00+00:00,2018-04-25 00:00:00+00:00,,,0.006721951542351334,,0.005750836186914299,,-0.05509492847097874,,0.006027057496699406,,0.2898395765980126,,-0.015527751051422456,,-10.15,,0.2999999999999998,,0.0,,0.28,,0.3600000000000003,,0.22000000000000008,,2.09,,0.46999999999999975,2.17,4358696.401,-0.013303078787842537,,60,5,5,0,3,3,3,3,,0,0,60,60,60
2018-05-07 00:00:00+00:00,249.462,1.7,0.79,2.95,2.51,,13926.6,7265.21,148424.0,3.22,3.9,14.75,4356129.0,399.984,2018-03-01 00:00:00+00:00,2018-05-04 00:00:00+00:00,2018-05-04 00:00:00+00:00,2018-05-04 00:00:00+00:00,2018-05-04 00:00:00+00:00,,2018-03-01 00:00:00+00:00,2018-05-07 00:00:00+00:00,2018-04-01 00:00:00+00:00,2018-05-07 00:00:00+00:00,2018-04-01 00:00:00+00:00,2018-05-07 00:00:00+00:00,2018-05-02 00:00:00+00:00,2018-05-02 00:00:00+00:00,,,0.0067074937807003465,,0.004145377500595515,,0.04183641624704748,,0.006027057496699406,,0.3920992917002284,,-0.014380522392059447,,-55.788000000000004,,0.11000000000000032,,-0.19999999999999973,,0.28,,0.3599999999999999,,0.09000000000000008,,-22.57,,0.4400000000000004,2.16,4352509.016,-0.0017073812485222106,,67,5,5,0,3,3,3,3,,0,0,67,36,36
2018-05-14 00:00:00+00:00,250.013,1.7,0.82,2.97,2.54,,13950.9,7411.32,148424.0,3.859,3.9,12.93,4358207.0,353.741,2018-04-01 00:00:00+00:00,2018-05-11 00:00:00+00:00,2018-05-11 00:00:00+00:00,2018-05-11 00:00:00+00:00,2018-05-11 00:00:00+00:00,,2018-04-01 00:00:00+00:00,2018-05-14 00:00:00+00:00,2018-04-01 00:00:00+00:00,2018-05-14 00:00:00+00:00,2018-04-01 00:00:00+00:00,2018-05-14 00:00:00+00:00,2018-05-09 00:00:00+00:00,2018-05-09 00:00:00+00:00,,,0.008479751358924759,,0.004145377500595515,,0.05967888144622968,,0.008233375024162548,,0.5507587878058056,,-0.014247499675429154,,-26.772,,0.14000000000000012,,-0.19999999999999973,,0.28,,0.4900000000000002,,0.039999999999999925,,-12.68,,0.43000000000000016,2.1500000000000004,4353994.259,-0.008215096063024063,,43,5,5,0,3,3,3,3,,0,0,43,43,43
2018-05-21 00:00:00+00:00,250.013,1.7,0.91,3.06,2.55,,13951.5,7394.04,148424.0,5.404,3.9,13.08,4337609.0,337.258,2018-04-01 00:00:00+00:00,2018-05-18 00:00:00+00:00,2018-05-18 00:00:00+00:00,2018-05-18 00:00:00+00:00,2018-05-18 00:00:00+00:00,,2018-04-01 00:00:00+00:00,2018-05-21 00:00:00+00:00,2018-04-01 00:00:00+00:00,2018-05-21 00:00:00+00:00,2018-04-01 00:00:00+00:00,2018-05-21 00:00:00+00:00,2018-05-16 00:00:00+00:00,2018-05-16 00:00:00+00:00,,,0.00814691909342713,,0.004145377500595515,,0.021126270993368834,,0.003076568050095041,,0.5341935957332833,,-0.022173450001572448,,-24.211,,0.16000000000000014,,-0.19999999999999973,,0.28,,0.3599999999999999,,0.12,,-6.380000000000001,,0.5100000000000002,2.15,4331867.742,-0.016752884276638014,,50,5,5,0,3,3,3,3,,0,0,50,50,50
2018-05-28 00:00:00+00:00,250.013,1.7,0.86,2.98,2.5,,13951.5,7433.85,148424.0,0.02,3.9,13.22,4337301.0,326.445,2018-04-01 00:00:00+00:00,2018-05-24 00:00:00+00:00,2018-05-24 00:00:00+00:00,2018-05-24 00:00:00+00:00,2018-05-24 00:00:00+00:00,,2018-04-01 00:00:00+00:00,2018-05-25 00:00:00+00:00,2018-04-01 00:00:00+00:00,2018-05-25 00:00:00+00:00,2018-04-01 00:00:00+00:00,2018-05-25 00:00:00+00:00,2018-05-23 00:00:00+00:00,2018-05-23 00:00:00+00:00,,,0.008190277960320458,,0.004145377500595515,,0.0016680907867900885,,0.003076568050095041,,0.4191269083104645,,-0.016998770607150604,,-9.34,,0.10000000000000009,,-0.19999999999999973,,0.28,,0.25,,0.09999999999999998,,-2.58,,0.48,2.12,4336954.555,-0.014905979339969733,,57,5,5,3,4,4,4,4,,3,3,57,57,57
2018-06-04 00:00:00+00:00,250.013,1.7,0.8,2.89,2.47,,13951.5,7606.46,148662.0,11.166,3.8,12.74,4327519.0,325.351,2018-04-01 00:00:00+00:00,2018-06-01 00:00:00+00:00,2018-06-01 00:00:00+00:00,2018-06-01 00:00:00+00:00,2018-06-01 00:00:00+00:00,,2018-04-01 00:00:00+00:00,2018-06-04 00:00:00+00:00,2018-05-01 00:00:00+00:00,2018-06-04 00:00:00+00:00,2018-05-01 00:00:00+00:00,2018-06-04 00:00:00+00:00,2018-05-30 00:00:00+00:00,2018-05-30 00:00:00+00:00,,,0.008190277960320458,,0.005747607500763863,,0.03692687695432717,,0.003076568050095041,,0.4735722959237707,,-0.015109243827774677,,-4.064,,0.03000000000000025,,-0.2999999999999998,,0.28,,0.2200000000000002,,0.06000000000000005,,-5.99,,0.41999999999999993,2.09,4316027.649,-0.014249323060090191,,64,5,5,0,3,3,3,3,,0,0,64,34,34
2018-06-11 00:00:00+00:00,250.013,1.7,0.82,2.93,2.5,,13951.4,7659.93,148662.0,4.836,3.8,12.35,4319191.0,294.069,2018-04-01 00:00:00+00:00,2018-06-08 00:00:00+00:00,2018-06-08 00:00:00+00:00,2018-06-08 00:00:00+00:00,2018-06-08 00:00:00+00:00,,2018-04-01 00:00:00+00:00,2018-06-11 00:00:00+00:00,2018-05-01 00:00:00+00:00,2018-06-11 00:00:00+00:00,2018-05-01 00:00:00+00:00,2018-06-11 00:00:00+00:00,2018-06-06 00:00:00+00:00,2018-06-06 00:00:00+00:00,,,0.008183110246569925,,0.0032677675883654445,,0.009392622295692377,,0.003076568050095041,,0.4104508388213368,,-0.017648985611478096,,3.0660000000000003,,0.03000000000000025,,-0.2999999999999998,,0.28,,0.22999999999999998,,0.039999999999999925,,-3.4299999999999997,,0.43000000000000016,2.1100000000000003,4314060.931,-0.018390326436181326,,71,5,5,0,3,3,3,3,,0,0,71,41,41
2018-06-18 00:00:00+00:00,250.535,1.9,0.81,2.93,2.55,,14024.7,7747.03,148662.0,0.37,3.8,12.31,4324906.0,294.069,2018-05-01 00:00:00+00:00,2018-06-15 00:00:00+00:00,2018-06-15 00:00:00+00:00,2018-06-15 00:00:00+00:00,2018-06-15 00:00:00+00:00,,2018-05-01 00:00:00+00:00,2018-06-18 00:00:00+00:00,2018-05-01 00:00:00+00:00,2018-06-18 00:00:00+00:00,2018-05-01 00:00:00+00:00,2018-06-18 00:00:00+00:00,2018-06-13 00:00:00+00:00,2018-06-06 00:00:00+00:00,,,0.011935729689303898,,0.0032677675883654445,,0.05339321158624699,,0.0036628759307664183,,0.16263755615332354,,-0.018862321329340404,,-7.45,,0.08000000000000007,,-0.2999999999999998,,0.47,,0.23999999999999977,,0.040000000000000036,,-6.709999999999999,,0.38000000000000034,2.12,4324241.931,-0.017183145626571417,,48,5,12,0,3,3,3,3,,0,0,48,48,48
2018-06-25 00:00:00+00:00,250.535,1.92,0.78,2.9,2.56,,14024.2,7532.01,148662.0,12.73,3.8,17.33,4315896.0,352.777,2018-05-01 00:00:00+00:00,2018-06-22 00:00:00+00:00,2018-06-22 00:00:00+00:00,2018-06-22 00:00:00+00:00,2018-06-22 00:00:00+00:00,,2018-05-01 00:00:00+00:00,2018-06-25 00:00:00+00:00,2018-05-01 00:00:00+00:00,2018-06-25 00:00:00+00:00,2018-05-01 00:00:00+00:00,2018-06-25 00:00:00+00:00,2018-06-20 00:00:00+00:00,2018-06-20 00:00:00+00:00,,,0.011907293585611711,,0.0032677675883654445,,0.04223219611093754,,0.0036628759307664183,,0.10865823789478135,,-0.01957727891783989,,6.809,,0.08000000000000007,,-0.2999999999999998,,0.24,,0.28000000000000025,,0.030000000000000027,,-3.700000000000003,,0.33999999999999986,2.12,4302813.223,-0.02119496817629951,,55,5,5,0,3,3,3,3,,0,0,55,55,55
2018-07-02 00:00:00+00:00,250.535,1.91,0.74,2.85,2.52,,14024.2,7567.69,148662.0,32.139,3.8,15.6,4305491.0,373.94,2018-05-01 00:00:00+00:00,2018-06-29 00:00:00+00:00,2018-06-29 00:00:00+00:00,2018-06-29 00:00:00+00:00,2018-06-29 00:00:00+00:00,,2018-05-01 00:00:00+00:00,2018-07-02 00:00:00+00:00,2018-05-01 00:00:00+00:00,2018-07-02 00:00:00+00:00,2018-05-01 00:00:00+00:00,2018-07-02 00:00:00+00:00,2018-06-27 00:00:00+00:00,2018-06-27 00:00:00+00:00,,,0.011892861801049648,,0.0032677675883654445,,0.09670629563496647,,0.0036628759307664183,,0.15934949412280996,,-0.019938600355937197,,28.316000000000003,,0.10999999999999988,,-0.2999999999999998,,0.24,,0.25,,0.050000000000000044,,-8.020000000000001,,0.33000000000000007,2.1100000000000003,4272978.06,-0.02657531468768859,,62,5,5,0,3,3,3,3,,0,0,62,62,62
2018-07-09 00:00:00+00:00,250.535,1.91,0.7,2.82,2.53,,14024.2,7756.2,148912.0,3.596,4.0,12.69,4289764.0,336.026,2018-05-01 00:00:00+00:00,2018-07-06 00:00:00+00:00,2018-07-06 00:00:00+00:00,2018-07-06 00:00:00+00:00,2018-07-06 00:00:00+00:00,,2018-05-01 00:00:00+00:00,2018-07-09 00:00:00+00:00,2018-06-01 00:00:00+00:00,2018-07-09 00:00:00+00:00,2018-06-01 00:00:00+00:00,2018-07-09 00:00:00+00:00,2018-07-04 00:00:00+00:00,2018-07-04 00:00:00+00:00,,,0.011892861801049648,,0.004590405917587859,,0.10970194429239655,,0.0036628759307664183,,0.10043719048732758,,-0.022209641753162757,,-0.4740000000000002,,0.04999999999999982,,-0.09999999999999964,,0.21999999999999997,,0.2599999999999998,,0.0,,-9.08,,0.29000000000000004,2.12,4285831.974,-0.022128949915058982,,69,5,5,0,3,3,3,3,,0,0,69,38,38
2018-07-16 00:00:00+00:00,250.857,1.91,0.72,2.83,2.59,,14112.3,7805.72,148912.0,0.87,4.0,12.83,4291201.0,326.476,2018-06-01 00:00:00+00:00,2018-07-13 00:00:00+00:00,2018-07-13 00:00:00+00:00,2018-07-13 00:00:00+00:00,2018-07-13 00:00:00+00:00,,2018-06-01 00:00:00+00:00,2018-07-16 00:00:00+00:00,2018-06-01 00:00:00+00:00,2018-07-16 00:00:00+00:00,2018-06-01 00:00:00+00:00,2018-07-16 00:00:00+00:00,2018-07-11 00:00:00+00:00,2018-07-11 00:00:00+00:00,,,0.013856606204665667,,0.004590405917587859,,0.08686650538591145,,0.005576456680675079,,0.10449439870239452,,-0.021322819615591015,,-2.502,,0.010000000000000231,,-0.09999999999999964,,0.21999999999999997,,0.21999999999999975,,0.030000000000000027,,-3.7299999999999986,,0.2400000000000002,2.1100000000000003,4290004.524,-0.020765027534432434,,45,5,5,0,3,3,3,3,,0,0,45,45,45
2018-07-23 00:00:00+00:00,250.857,1.91,0.78,2.89,2.6,,14112.4,7841.87,148912.0,2.27,4.0,12.62,4291615.0,324.457,2018-06-01 00:00:00+00:00,2018-07-20 00:00:00+00:00,2018-07-20 00:00:00+00:00,2018-07-20 00:00:00+00:00,2018-07-20 00:00:00+00:00,,2018-06-01 00:00:00+00:00,2018-07-23 00:00:00+00:00,2018-06-01 00:00:00+00:00,2018-07-23 00:00:00+00:00,2018-06-01 00:00:00+00:00,2018-07-23 00:00:00+00:00,2018-07-18 00:00:00+00:00,2018-07-18 00:00:00+00:00,,,0.013267524174613854,,0.004590405917587859,,0.09536246461884978,,0.005576456680675079,,0.1644877725536924,,-0.021732414953794077,,-8.551,,-0.06999999999999984,,-0.09999999999999964,,0.20999999999999996,,0.14000000000000012,,-0.010000000000000009,,-3.7200000000000006,,0.29000000000000004,2.1100000000000003,4289020.543,-0.019803953101904526,,52,5,5,0,3,3,3,3,,0,0,52,52,52
2018-07-30 00:00:00+00:00,250.857,1.91,0.84,2.96,2.67,,14113.0,7630.0,148912.0,1.995,4.0,14.26,4277681.0,348.886,2018-06-01 00:00:00+00:00,2018-07-27 00:00:00+00:00,2018-07-27 00:00:00+00:00,2018-07-27 00:00:00+00:00,2018-07-27 00:00:00+00:00,,2018-06-01 00:00:00+00:00,2018-07-30 00:00:00+00:00,2018-06-01 00:00:00+00:00,2018-07-30 00:00:00+00:00,2018-06-01 00:00:00+00:00,2018-07-30 00:00:00+00:00,2018-07-25 00:00:00+00:00,2018-07-25 00:00:00+00:00,,,0.013295677962434027,,0.004590405917587859,,0.07675508593744418,,0.005576456680675079,,-0.030244300448947214,,-0.022012162705854266,,-11.835,,0.0,,-0.09999999999999964,,0.20999999999999996,,0.17999999999999972,,0.04999999999999993,,-1.67,,0.29000000000000004,2.12,4275337.114,-0.019310065702322632,,59,5,5,0,3,3,3,3,,0,0,59,59,59
2018-08-06 00:00:00+00:00,250.857,1.91,0.83,2.95,2.63,,14113.0,7859.68,149128.0,2.095,3.9,11.27,4255653.0,351.523,2018-06-01 00:00:00+00:00,2018-08-03 00:00:00+00:00,2018-08-03 00:00:00+00:00,2018-08-03 00:00:00+00:00,2018-08-03 00:00:00+00:00,,2018-06-01 00:00:00+00:00,2018-08-06 00:00:00+00:00,2018-07-01 00:00:00+00:00,2018-08-06 00:00:00+00:00,2018-07-01 00:00:00+00:00,2018-08-06 00:00:00+00:00,2018-08-01 00:00:00+00:00,2018-08-01 00:00:00+00:00,,,0.013295677962434027,,0.004731954842368324,,0.07864869082734316,,0.005576456680675079,,-0.12914940334303537,,-0.02333560219674169,,-1.125,,0.0,,0.0,,0.20999999999999996,,0.1200000000000001,,0.039999999999999925,,-3.4800000000000004,,0.3200000000000003,2.12,4253206.477,-0.02307930046423401,,66,5,5,0,3,3,3,3,,0,0,66,36,36
2018-08-13 00:00:00+00:00,251.286,1.91,0.78,2.87,2.61,,14112.9,7819.71,149128.0,1.383,3.9,14.78,4258030.0,326.471,2018-07-01 00:00:00+00:00,2018-08-10 00:00:00+00:00,2018-08-10 00:00:00+00:00,2018-08-10 00:00:00+00:00,2018-08-10 00:00:00+00:00,,2018-06-01 00:00:00+00:00,2018-08-13 00:00:00+00:00,2018-07-01 00:00:00+00:00,2018-08-13 00:00:00+00:00,2018-07-01 00:00:00+00:00,2018-08-13 00:00:00+00:00,2018-08-08 00:00:00+00:00,2018-08-08 00:00:00+00:00,,,0.011545250425736953,,0.004731954842368324,,0.053638908375409855,,0.005078816180970058,,-0.0802238829929589,,-0.023254122239313446,,-2.476,,-0.10000000000000009,,0.0,,0.20999999999999996,,0.06999999999999984,,-0.039999999999999925,,1.8499999999999996,,0.26000000000000023,2.09,4256320.529,-0.02268858278528363,,73,5,5,0,3,3,3,3,,0,0,43,43,43
2018-08-20 00:00:00+00:00,251.286,1.92,0.79,2.87,2.61,,14147.3,7821.01,149128.0,1.646,3.9,12.49,4228924.0,342.799,2018-07-01 00:00:00+00:00,2018-08-17 00:00:00+00:00,2018-08-17 00:00:00+00:00,2018-08-17 00:00:00+00:00,2018-08-17 00:00:00+00:00,,2018-07-01 00:00:00+00:00,2018-08-20 00:00:00+00:00,2018-07-01 00:00:00+00:00,2018-08-20 00:00:00+00:00,2018-07-01 00:00:00+00:00,2018-08-20 00:00:00+00:00,2018-08-15 00:00:00+00:00,2018-08-15 00:00:00+00:00,,,0.013936763792841589,,0.004731954842368324,,0.05613943193600157,,0.005078816180970058,,0.01629605348497165,,-0.025375687462933172,,-3.758,,-0.18999999999999995,,0.0,,0.21999999999999997,,0.06000000000000005,,-0.12,,-0.5899999999999999,,0.26000000000000023,2.08,4226935.201,-0.02452160651933255,,50,5,5,0,3,3,3,3,,0,0,50,50,50
2018-08-27 00:00:00+00:00,251.286,1.92,0.73,2.82,2.63,,14146.7,8017.9,149128.0,0.996,3.9,12.16,4228818.0,348.393,2018-07-01 00:00:00+00:00,2018-08-24 00:00:00+00:00,2018-08-24 00:00:00+00:00,2018-08-24 00:00:00+00:00,2018-08-24 00:00:00+00:00,,2018-07-01 00:00:00+00:00,2018-08-27 00:00:00+00:00,2018-07-01 00:00:00+00:00,2018-08-27 00:00:00+00:00,2018-07-01 00:00:00+00:00,2018-08-27 00:00:00+00:00,2018-08-22 00:00:00+00:00,2018-08-22 00:00:00+00:00,,,0.013894351974075292,,0.004731954842368324,,0.07563264809546055,,0.005078816180970058,,0.06506967169391409,,-0.025329743872466892,,0.976,,-0.16000000000000014,,0.0,,0.21999999999999997,,0.1299999999999999,,-0.13,,-1.0600000000000005,,0.18999999999999995,2.09,4227473.607,-0.025567827755624606,,57,5,5,0,3,3,3,3,,0,0,57,57,57
2018-09-03 00:00:00+00:00,251.286,1.92,0.76,2.86,2.64,,14146.7,8109.54,149128.0,0.39,3.9,12.86,4218914.0,342.543,2018-07-01 00:00:00+00:00,2018-08-30 00:00:00+00:00,2018-08-30 00:00:00+00:00,2018-08-30 00:00:00+00:00,2018-08-30 00:00:00+00:00,,2018-07-01 00:00:00+00:00,2018-08-31 00:00:00+00:00,2018-07-01 00:00:00+00:00,2018-08-31 00:00:00+00:00,2018-07-01 00:00:00+00:00,2018-08-31 00:00:00+00:00,2018-08-29 00:00:00+00:00,2018-08-29 00:00:00+00:00,,,0.013894351974075292,,0.003129724842199977,,0.06404326017316997,,0.005078816180970058,,0.05149259771781267,,-0.025416649627096888,,-10.776,,-0.03000000000000025,,0.10000000000000009,,0.21999999999999997,,0.16999999999999993,,-0.040000000000000036,,0.11999999999999922,,0.21999999999999975,2.0999999999999996,4218181.457,-0.022931352729646193,,64,5,5,3,4,4,4,4,,3,3,64,64,64
2018-09-10 00:00:00+00:00,251.286,1.92,0.84,2.94,2.71,,14146.9,7924.16,149279.0,0.015,3.9,14.16,4208496.0,323.764,2018-07-01 00:00:00+00:00,2018-09-07 00:00:00+00:00,2018-09-07 00:00:00+00:00,2018-09-07 00:00:00+00:00,2018-09-07 00:00:00+00:00,,2018-07-01 00:00:00+00:00,2018-09-10 00:00:00+00:00,2018-08-01 00:00:00+00:00,2018-09-10 00:00:00+00:00,2018-08-01 00:00:00+00:00,2018-09-10 00:00:00+00:00,2018-09-05 00:00:00+00:00,2018-09-05 00:00:00+00:00,,,0.013915657160611161,,0.0041417655308446655,,0.033913475125221026,,0.005078816180970058,,0.09620042164209597,,-0.02596277698892635,,-4.821000000000001,,0.009999999999999787,,0.10000000000000009,,0.21999999999999997,,0.20999999999999996,,0.020000000000000018,,1.8100000000000005,,0.22999999999999998,2.1,4208157.236,-0.024854831175156633,,71,5,5,0,3,3,3,3,,0,0,71,40,40
2018-09-17 00:00:00+00:00,251.846,1.92,0.89,2.99,2.78,,14217.0,7895.79,149279.0,0.715,3.9,13.68,4210812.0,303.654,2018-08-01 00:00:00+00:00,2018-09-14 00:00:00+00:00,2018-09-14 00:00:00+00:00,2018-09-14 00:00:00+00:00,2018-09-14 00:00:00+00:00,,2018-08-01 00:00:00+00:00,2018-09-17 00:00:00+00:00,2018-08-01 00:00:00+00:00,2018-09-17 00:00:00+00:00,2018-08-01 00:00:00+00:00,2018-09-17 00:00:00+00:00,2018-09-12 00:00:00+00:00,2018-09-12 00:00:00+00:00,,,0.013618370847909844,,0.0041417655308446655,,0.019020161923798184,,0.00521915827201358,,0.032074461637977336,,-0.026734902837873165,,0.345,,0.06000000000000005,,0.10000000000000009,,0.020000000000000018,,0.22999999999999998,,0.07999999999999996,,1.3699999999999992,,0.2100000000000004,2.1,4209793.346,-0.02682328892312924,,47,5,5,0,3,3,3,3,,0,0,47,47,47
2018-09-24 00:00:00+00:00,251.846,1.92,0.92,3.07,2.81,,14217.2,7993.25,149279.0,9.34,3.9,12.2,4208059.0,335.878,2018-08-01 00:00:00+00:00,2018-09-21 00:00:00+00:00,2018-09-21 00:00:00+00:00,2018-09-21 00:00:00+00:00,2018-09-21 00:00:00+00:00,,2018-08-01 00:00:00+00:00,2018-09-24 00:00:00+00:00,2018-08-01 00:00:00+00:00,2018-09-24 00:00:00+00:00,2018-08-01 00:00:00+00:00,2018-09-24 00:00:00+00:00,2018-09-19 00:00:00+00:00,2018-09-19 00:00:00+00:00,,,0.013668090436439684,,0.0041417655308446655,,0.05943549705981255,,0.00521915827201358,,-0.04908813047366056,,-0.0253034544703592,,-3.3900000000000006,,0.16999999999999993,,0.10000000000000009,,0.0,,0.25,,0.14,,-5.129999999999999,,0.2599999999999998,2.15,4198383.122,-0.024569566469569537,,54,5,5,0,3,3,3,3,,0,0,54,54,54
2018-10-01 00:00:00+00:00,251.846,2.18,0.91,3.05,2.81,,14217.2,8037.3,149279.0,4.185,3.9,12.0,4192909.0,370.031,2018-08-01 00:00:00+00:00,2018-09-28 00:00:00+00:00,2018-09-28 00:00:00+00:00,2018-09-28 00:00:00+00:00,2018-09-28 00:00:00+00:00,,2018-08-01 00:00:00+00:00,2018-10-01 00:00:00+00:00,2018-08-01 00:00:00+00:00,2018-10-01 00:00:00+00:00,2018-08-01 00:00:00+00:00,2018-10-01 00:00:00+00:00,2018-09-26 00:00:00+00:00,2018-09-26 00:00:00+00:00,,,0.013668090436439684,,0.0041417655308446655,,0.06020533692930563,,0.00521915827201358,,-0.010508570824739216,,-0.02649641968729277,,-27.954000000000004,,0.19999999999999973,,0.10000000000000009,,0.27000000000000024,,0.29000000000000004,,0.17000000000000004,,-3.5999999999999996,,0.23999999999999977,2.1399999999999997,4188353.969,-0.020003212827607086,,61,5,5,0,3,3,3,3,,0,0,61,61,61
2018-10-08 00:00:00+00:00,251.846,2.18,1.03,3.19,2.87,,14217.1,7735.95,149500.0,1.565,3.7,15.69,4174704.0,368.007,2018-08-01 00:00:00+00:00,2018-10-04 00:00:00+00:00,2018-10-04 00:00:00+00:00,2018-10-04 00:00:00+00:00,2018-10-04 00:00:00+00:00,,2018-08-01 00:00:00+00:00,2018-10-08 00:00:00+00:00,2018-09-01 00:00:00+00:00,2018-10-05 00:00:00+00:00,2018-09-01 00:00:00+00:00,2018-10-08 00:00:00+00:00,2018-10-03 00:00:00+00:00,2018-10-03 00:00:00+00:00,,,0.013661056677916505,,0.0039408653873849175,,-0.002614228694234555,,0.00521915827201358,,0.09091342180531647,,-0.02718826218588788,,-2.031,,0.3700000000000001,,-0.2999999999999998,,0.27000000000000024,,0.3400000000000003,,0.33000000000000007,,3.0,,0.31999999999999984,2.16,4172770.993,-0.02673437099129572,,68,5,5,3,4,4,4,4,,0,0,68,37,37
2018-10-15 00:00:00+00:00,251.994,2.18,1.03,3.15,2.85,,14253.7,7430.74,149500.0,0.366,3.7,21.3,4176906.0,324.721,2018-09-01 00:00:00+00:00,2018-10-12 00:00:00+00:00,2018-10-12 00:00:00+00:00,2018-10-12 00:00:00+00:00,2018-10-12 00:00:00+00:00,,2018-09-01 00:00:00+00:00,2018-10-15 00:00:00+00:00,2018-09-01 00:00:00+00:00,2018-10-15 00:00:00+00:00,2018-09-01 00:00:00+00:00,2018-10-15 00:00:00+00:00,2018-10-10 00:00:00+00:00,2018-10-10 00:00:00+00:00,,,0.009969764592590025,,0.0039408653873849175,,-0.04923134826958808,,0.004522222040657553,,-0.005390087021299728,,-0.026995866068038055,,-0.504,,0.31999999999999984,,-0.2999999999999998,,0.27000000000000024,,0.26000000000000023,,0.31000000000000005,,8.47,,0.2999999999999998,2.12,4176215.279,-0.026882386748544818,,44,5,5,0,3,3,3,3,,0,0,44,44,44
2018-10-22 00:00:00+00:00,251.994,2.19,1.09,3.2,2.92,,14241.6,7468.63,149500.0,3.189,3.7,19.64,4175446.0,332.923,2018-09-01 00:00:00+00:00,2018-10-19 00:00:00+00:00,2018-10-19 00:00:00+00:00,2018-10-19 00:00:00+00:00,2018-10-19 00:00:00+00:00,,2018-09-01 00:00:00+00:00,2018-10-22 00:00:00+00:00,2018-09-01 00:00:00+00:00,2018-10-22 00:00:00+00:00,2018-09-01 00:00:00+00:00,2018-10-22 00:00:00+00:00,2018-10-17 00:00:00+00:00,2018-10-17 00:00:00+00:00,,,0.009113415688593918,,0.0039408653873849175,,-0.04876574427190583,,0.004522222040657553,,0.02575821620367691,,-0.027441940029675038,,0.919,,0.31000000000000005,,-0.2999999999999998,,0.28,,0.31999999999999984,,0.31000000000000005,,7.020000000000001,,0.28000000000000025,2.1100000000000003,4171924.077,-0.02768105647117558,,51,5,5,0,3,3,3,3,,0,0,51,51,51
2018-10-29 00:00:00+00:00,251.994,2.2,1.02,3.08,2.81,,14241.5,7050.29,149500.0,1.748,3.7,24.7,4173070.0,369.576,2018-09-01 00:00:00+00:00,2018-10-26 00:00:00+00:00,2018-10-26 00:00:00+00:00,2018-10-26 00:00:00+00:00,2018-10-26 00:00:00+00:00,,2018-09-01 00:00:00+00:00,2018-10-29 00:00:00+00:00,2018-09-01 00:00:00+00:00,2018-10-29 00:00:00+00:00,2018-09-01 00:00:00+00:00,2018-10-29 00:00:00+00:00,2018-10-24 00:00:00+00:00,2018-10-24 00:00:00+00:00,,,0.009063879083051063,,0.0039408653873849175,,-0.07901909456642464,,0.004522222040657553,,0.05761118131720089,,-0.024759064353501614,,-0.2470000000000001,,0.1200000000000001,,-0.2999999999999998,,0.29000000000000026,,0.14000000000000012,,0.18000000000000005,,10.44,,0.27,2.06,4170952.424,-0.024718547583303163,,58,5,5,0,3,3,3,3,,0,0,58,58,58
2018-11-05 00:00:00+00:00,251.994,2.19,1.16,3.22,2.91,,14241.5,7328.85,149750.0,1.465,3.7,19.96,4139731.0,373.368,2018-09-01 00:00:00+00:00,2018-11-02 00:00:00+00:00,2018-11-02 00:00:00+00:00,2018-11-02 00:00:00+00:00,2018-11-02 00:00:00+00:00,,2018-09-01 00:00:00+00:00,2018-11-05 00:00:00+00:00,2018-10-01 00:00:00+00:00,2018-11-05 00:00:00+00:00,2018-10-01 00:00:00+00:00,2018-11-05 00:00:00+00:00,2018-10-31 00:00:00+00:00,2018-10-31 00:00:00+00:00,,,0.009063879083051063,,0.004162239428614711,,-0.06992727904925644,,0.004522222040657553,,0.06028938548800422,,-0.02761740687975589,,-0.6300000000000001,,0.27,,-0.19999999999999973,,0.28,,0.28000000000000025,,0.32999999999999996,,8.690000000000001,,0.31000000000000005,2.0600000000000005,4137892.632,-0.027486531494508526,,65,5,5,0,3,3,3,3,,0,0,65,35,35
2018-11-12 00:00:00+00:00,251.994,2.2,1.17,3.24,2.98,,14241.6,7200.87,149750.0,0.401,3.7,20.45,4141936.0,319.984,2018-09-01 00:00:00+00:00,2018-11-08 00:00:00+00:00,2018-11-08 00:00:00+00:00,2018-11-08 00:00:00+00:00,2018-11-08 00:00:00+00:00,,2018-09-01 00:00:00+00:00,2018-11-12 00:00:00+00:00,2018-10-01 00:00:00+00:00,2018-11-09 00:00:00+00:00,2018-10-01 00:00:00+00:00,2018-11-12 00:00:00+00:00,2018-11-07 00:00:00+00:00,2018-11-07 00:00:00+00:00,,,0.009077986481461409,,0.004162239428614711,,-0.082445617415015,,0.002813545012899432,,-0.020070129400999726,,-0.02764330062646536,,-0.982,,0.3700000000000001,,-0.19999999999999973,,0.29000000000000026,,0.3700000000000001,,0.3899999999999999,,5.67,,0.26000000000000023,2.0700000000000003,4141215.016,-0.02741583456318253,,72,5,5,3,4,4,4,4,,0,0,72,42,42
2018-11-19 00:00:00+00:00,252.827,2.2,1.06,3.08,2.81,,14271.5,7028.48,149750.0,16.295,3.7,20.1,4145892.0,341.094,2018-10-01 00:00:00+00:00,2018-11-16 00:00:00+00:00,2018-11-16 00:00:00+00:00,2018-11-16 00:00:00+00:00,2018-11-16 00:00:00+00:00,,2018-10-01 00:00:00+00:00,2018-11-19 00:00:00+00:00,2018-10-01 00:00:00+00:00,2018-11-19 00:00:00+00:00,2018-10-01 00:00:00+00:00,2018-11-19 00:00:00+00:00,2018-11-14 00:00:00+00:00,2018-11-14 00:00:00+00:00,,,0.008740748430339451,,0.004162239428614711,,-0.10684323599926948,,0.006113727675788105,,-0.004986170446135141,,-0.019829622707046468,,14.649000000000001,,0.20999999999999996,,-0.19999999999999973,,0.28000000000000025,,0.20000000000000018,,0.27,,7.610000000000001,,0.27,2.02,4129255.906,-0.023379968980444588,,49,5,5,0,3,3,3,3,,0,0,49,49,49
2018-11-26 00:00:00+00:00,252.827,2.2,1.09,3.05,2.81,,14270.3,7081.85,149750.0,0.615,3.7,18.9,4106198.0,330.202,2018-10-01 00:00:00+00:00,2018-11-23 00:00:00+00:00,2018-11-23 00:00:00+00:00,2018-11-23 00:00:00+00:00,2018-11-23 00:00:00+00:00,,2018-10-01 00:00:00+00:00,2018-11-26 00:00:00+00:00,2018-10-01 00:00:00+00:00,2018-11-26 00:00:00+00:00,2018-10-01 00:00:00+00:00,2018-11-26 00:00:00+00:00,2018-11-21 00:00:00+00:00,2018-11-21 00:00:00+00:00,,,0.008699073050630446,,0.004162239428614711,,-0.12414136919649543,,0.006113727675788105,,-0.053626564525179,,-0.029424981837429698,,-0.381,,0.22999999999999998,,-0.19999999999999973,,0.28000000000000025,,0.18000000000000016,,0.3600000000000001,,6.739999999999998,,0.23999999999999977,1.9599999999999997,4105252.798,-0.029337234645522514,,56,5,5,0,3,3,3,3,,0,0,56,56,56
2018-12-03 00:00:00+00:00,252.827,2.2,1.04,3.01,2.8,,14270.4,7441.51,149750.0,2.21,3.7,16.44,4097170.0,340.596,2018-10-01 00:00:00+00:00,2018-11-30 00:00:00+00:00,2018-11-30 00:00:00+00:00,2018-11-30 00:00:00+00:00,2018-11-30 00:00:00+00:00,,2018-10-01 00:00:00+00:00,2018-12-03 00:00:00+00:00,2018-10-01 00:00:00+00:00,2018-12-03 00:00:00+00:00,2018-10-01 00:00:00+00:00,2018-12-03 00:00:00+00:00,2018-11-28 00:00:00+00:00,2018-11-28 00:00:00+00:00,,,0.008706080587236542,,0.004162239428614711,,-0.0859673611787688,,0.006113727675788105,,-0.005700173088697191,,-0.029281257477375533,,1.8199999999999998,,0.1499999999999999,,-0.19999999999999973,,0.28000000000000025,,0.1599999999999997,,0.28,,3.580000000000002,,0.20999999999999996,1.9699999999999998,4094619.404,-0.02973032945928722,,63,5,5,0,3,3,3,3,,0,0,63,63,63
2018-12-10 00:00:00+00:00,252.827,2.19,0.96,2.85,2.72,,14270.4,7020.52,149893.0,1.424,3.7,22.64,4086044.0,337.564,2018-10-01 00:00:00+00:00,2018-12-07 00:00:00+00:00,2018-12-07 00:00:00+00:00,2018-12-07 00:00:00+00:00,2018-12-07 00:00:00+00:00,,2018-10-01 00:00:00+00:00,2018-12-10 00:00:00+00:00,2018-11-01 00:00:00+00:00,2018-12-10 00:00:00+00:00,2018-11-01 00:00:00+00:00,2018-12-10 00:00:00+00:00,2018-12-05 00:00:00+00:00,2018-12-05 00:00:00+00:00,,,0.008691943114451206,,0.004104667964053732,,-0.12107903108631923,,0.006113727675788105,,0.041740266642760204,,-0.029528074396456105,,1.409,,-0.08999999999999986,,-0.19999999999999973,,0.27,,0.010000000000000231,,0.12,,8.48,,0.1299999999999999,1.8900000000000001,4084282.436,-0.029878786086587894,,70,5,5,0,3,3,3,3,,0,0,70,39,39
2018-12-17 00:00:00+00:00,252.876,2.19,1.07,2.89,2.73,,14317.6,6753.73,149893.0,0.415,3.7,24.52,4088314.0,334.967,2018-11-01 00:00:00+00:00,2018-12-14 00:00:00+00:00,2018-12-14 00:00:00+00:00,2018-12-14 00:00:00+00:00,2018-12-14 00:00:00+00:00,,2018-11-01 00:00:00+00:00,2018-12-17 00:00:00+00:00,2018-11-01 00:00:00+00:00,2018-12-17 00:00:00+00:00,2018-11-01 00:00:00+00:00,2018-12-17 00:00:00+00:00,2018-12-12 00:00:00+00:00,2018-12-12 00:00:00+00:00,,,0.007051118067499473,,0.004104667964053732,,-0.15623476117885815,,0.0040814604072689775,,0.09814312419229054,,-0.02952284307795594,,-0.3,,-0.10000000000000009,,-0.19999999999999973,,0.27,,-0.04999999999999982,,0.18000000000000005,,10.84,,0.16000000000000014,1.82,4087564.033,-0.029464358362286447,,46,5,5,0,3,3,3,3,,0,0,46,46,46
2018-12-24 00:00:00+00:00,252.876,2.4,1.03,2.79,2.67,,14318.1,6192.92,149893.0,7.96,3.7,36.07,4084274.0,350.714,2018-11-01 00:00:00+00:00,2018-12-20 00:00:00+00:00,2018-12-20 00:00:00+00:00,2018-12-20 00:00:00+00:00,2018-12-20 00:00:00+00:00,,2018-11-01 00:00:00+00:00,2018-12-24 00:00:00+00:00,2018-11-01 00:00:00+00:00,2018-12-24 00:00:00+00:00,2018-11-01 00:00:00+00:00,2018-12-24 00:00:00+00:00,2018-12-19 00:00:00+00:00,2018-12-19 00:00:00+00:00,,,0.0070719719451943774,,0.004104667964053732,,-0.25519073146039517,,0.0040814604072689775,,0.043223077718952396,,-0.029857507110580883,,-1.38,,-0.2799999999999998,,-0.19999999999999973,,0.48,,-0.14000000000000012,,0.10999999999999999,,23.87,,0.1200000000000001,1.76,4075963.286,-0.029592372256846744,,53,5,5,0,4,4,4,4,,0,0,53,53,53
2018-12-31 00:00:00+00:00,252.876,2.4,0.99,2.72,2.52,,14318.2,6635.28,149893.0,41.848,3.7,25.42,4075636.0,374.085,2018-11-01 00:00:00+00:00,2018-12-28 00:00:00+00:00,2018-12-28 00:00:00+00:00,2018-12-28 00:00:00+00:00,2018-12-28 00:00:00+00:00,,2018-11-01 00:00:00+00:00,2018-12-31 00:00:00+00:00,2018-11-01 00:00:00+00:00,2018-12-31 00:00:00+00:00,2018-11-01 00:00:00+00:00,2018-12-31 00:00:00+00:00,2018-12-26 00:00:00+00:00,2018-12-26 00:00:00+00:00,,,0.007078956087697819,0.03792139420549212,0.004104667964053732,0.01785100609917656,-0.19169233854898415,-0.039611727954671494,0.0040814604072689775,0.021117019892326283,0.010896258406881465,0.6759706066402495,-0.028367956980813958,-0.08758061482728152,37.663,-277.747,-0.3299999999999996,0.29000000000000004,-0.19999999999999973,-0.39999999999999947,0.21999999999999975,0.98,-0.29000000000000004,0.6100000000000001,0.07999999999999996,0.52,13.420000000000002,14.380000000000003,0.20000000000000018,1.7300000000000002,4033413.915,-0.0376946665945912,-0.023396605492465028,60,5,5,0,3,3,3,3,,0,0,60,60,60
2019-01-07 00:00:00+00:00,252.876,2.4,0.91,2.67,2.5,,14318.0,6823.47,150263.0,2.786,3.9,21.4,4058378.0,379.902,2018-11-01 00:00:00+00:00,2019-01-04 00:00:00+00:00,2019-01-04 00:00:00+00:00,2019-01-04 00:00:00+00:00,2019-01-04 00:00:00+00:00,,2018-11-01 00:00:00+00:00,2019-01-07 00:00:00+00:00,2018-12-01 00:00:00+00:00,2019-01-07 00:00:00+00:00,2018-12-01 00:00:00+00:00,2019-01-07 00:00:00+00:00,2019-01-02 00:00:00+00:00,2019-01-02 00:00:00+00:00,,,0.0070720215124335795,0.0379074258717047,0.005090699304286517,0.01937280679617359,-0.12551015472589455,-0.047777249261759636,0.0040814604072689775,0.021117019892326283,0.03181136499587289,0.6914008870440025,-0.02826007118568974,-0.09182403656137872,1.221,-60.745,-0.52,0.19999999999999973,0.19999999999999973,-0.19999999999999973,0.21999999999999975,0.98,-0.3700000000000001,0.54,-0.12,0.45,5.709999999999999,11.879999999999999,0.16999999999999993,1.7599999999999998,4055212.098,-0.028577330336913676,-0.07817721968302038,67,5,5,0,3,3,3,3,,0,0,67,37,37
2019-01-14 00:00:00+00:00,252.733,2.4,0.93,2.74,2.56,,14454.9,6905.92,150263.0,1.205,3.9,19.07,4056563.0,356.698,2018-12-01 00:00:00+00:00,2019-01-10 00:00:00+00:00,2019-01-10 00:00:00+00:00,2019-01-10 00:00:00+00:00,2019-01-10 00:00:00+00:00,,2018-12-01 00:00:00+00:00,2019-01-14 00:00:00+00:00,2018-12-01 00:00:00+00:00,2019-01-14 00:00:00+00:00,2018-12-01 00:00:00+00:00,2019-01-14 00:00:00+00:00,2019-01-09 00:00:00+00:00,2019-01-09 00:00:00+00:00,,,0.014016935288466925,0.04314541557276108,0.005090699304286517,0.01937280679617359,-0.07324643523082486,-0.050146808917617136,0.002928317795877433,0.01905405401390947,0.09392313329435442,0.5223524788521612,-0.02923471770996855,-0.09115535005607356,0.8390000000000001,-20.384999999999998,-0.4099999999999997,0.20000000000000018,0.19999999999999973,-0.19999999999999973,0.21999999999999975,0.98,-0.29000000000000004,0.5800000000000001,-0.09999999999999998,0.39,-2.2300000000000004,8.91,0.18000000000000016,1.81,4055001.302,-0.029454392083875902,-0.0866221758204766,44,5,5,0,4,4,4,4,,0,0,44,44,44
2019-01-21 00:00:00+00:00,252.733,2.4,0.96,2.75,2.56,,14455.1,7157.23,150263.0,13.165,3.9,17.8,4050044.0,351.18,2018-12-01 00:00:00+00:00,2019-01-17 00:00:00+00:00,2019-01-17 00:00:00+00:00,2019-01-17 00:00:00+00:00,2019-01-17 00:00:00+00:00,,2018-12-01 00:00:00+00:00,2019-01-18 00:00:00+00:00,2018-12-01 00:00:00+00:00,2019-01-18 00:00:00+00:00,2018-12-01 00:00:00+00:00,2019-01-18 00:00:00+00:00,2019-01-16 00:00:00+00:00,2019-01-16 00:00:00+00:00,,,0.014880034243295981,0.04312313684290103,0.005090699304286517,0.01937280679617359,-0.04258854744701779,-0.03444151240161908,0.002928317795877433,0.01905405401390947,0.05338768052003484,0.4334236622995169,-0.030493433687631466,-0.09173404507608751,9.975999999999999,-15.541,-0.4500000000000002,0.10999999999999988,0.19999999999999973,-0.19999999999999973,0.20999999999999996,0.98,-0.3599999999999999,0.5,-0.13000000000000012,0.38,-1.8399999999999999,6.770000000000001,0.18999999999999995,1.79,4036527.82,-0.03299246680798085,-0.08853773814056609,51,5,5,3,4,4,4,4,,3,3,51,51,51
2019-01-28 00:00:00+00:00,252.733,2.4,0.97,2.76,2.6,,14455.1,7085.69,150263.0,1.265,3.9,18.87,4047052.0,389.626,2018-12-01 00:00:00+00:00,2019-01-25 00:00:00+00:00,2019-01-25 00:00:00+00:00,2019-01-25 00:00:00+00:00,2019-01-25 00:00:00+00:00,,2018-12-01 00:00:00+00:00,2019-01-28 00:00:00+00:00,2018-12-01 00:00:00+00:00,2019-01-28 00:00:00+00:00,2018-12-01 00:00:00+00:00,2019-01-28 00:00:00+00:00,2019-01-23 00:00:00+00:00,2019-01-23 00:00:00+00:00,,,0.014887055950904227,0.04396856453874065,0.005090699304286517,0.01937280679617359,0.005008506520399081,-0.052350430579560125,0.002928317795877433,0.01905405401390947,0.05283090206040608,0.3700373595266724,-0.030663261136332665,-0.092962239247111,-0.4830000000000001,-22.715,-0.3200000000000003,0.09999999999999964,0.19999999999999973,-0.19999999999999973,0.19999999999999973,0.98,-0.20999999999999996,0.4700000000000002,-0.050000000000000044,0.4,-5.829999999999998,5.030000000000001,0.1599999999999997,1.7899999999999998,4045397.374,-0.030564624768087967,-0.0878963168415563,58,5,5,0,3,3,3,3,,0,0,58,58,58
2019-02-04 00:00:00+00:00,252.733,2.4,0.82,2.7,2.52,112.1594,14454.8,7347.54,150574.0,4.515,4.0,15.73,4039678.0,403.276,2018-12-01 00:00:00+00:00,2019-02-01 00:00:00+00:00,2019-02-01 00:00:00+00:00,2019-02-01 00:00:00+00:00,2019-02-01 00:00:00+00:00,2019-02-01 00:00:00+00:00,2018-12-01 00:00:00+00:00,2019-02-04 00:00:00+00:00,2019-01-01 00:00:00+00:00,2019-02-04 00:00:00+00:00,2019-01-01 00:00:00+00:00,2019-02-04 00:00:00+00:00,2019-01-30 00:00:00+00:00,2019-01-30 00:00:00+00:00,,,0.014866301814777216,0.04393335264096265,0.005487420703472523,0.018526992475051074,0.002546949229806472,0.05310477725494067,0.002928317795877433,0.01905405401390947,0.07705666260532418,0.4002959364505214,-0.024465824054479057,-0.08979935552303608,3.05,-54.493,-0.52,-0.13999999999999968,0.2999999999999998,-0.09999999999999964,0.20999999999999996,0.98,-0.3900000000000001,0.3700000000000001,-0.33999999999999997,0.12,-4.23,-21.59,0.18000000000000016,1.8800000000000003,4034759.724,-0.025239880159034556,-0.0775130933662993,65,5,5,0,3,3,3,3,3.0,0,0,65,34,34
2019-02-11 00:00:00+00:00,252.723,2.4,0.81,2.63,2.45,112.3238,14387.7,7307.91,150574.0,2.006,4.0,15.97,4026350.0,352.375,2018-12-01 00:00:00+00:00,2019-02-08 00:00:00+00:00,2019-02-08 00:00:00+00:00,2019-02-08 00:00:00+00:00,2019-02-08 00:00:00+00:00,2019-02-08 00:00:00+00:00,2018-12-01 00:00:00+00:00,2019-02-11 00:00:00+00:00,2019-01-01 00:00:00+00:00,2019-02-11 00:00:00+00:00,2019-01-01 00:00:00+00:00,2019-02-11 00:00:00+00:00,2019-02-06 00:00:00+00:00,2019-02-06 00:00:00+00:00,,,0.010206415684544723,0.03930940395066784,0.005487420703472523,0.018526992475051074,0.014755471113407026,0.04562764352003157,0.0028887495644136507,0.01901448578244569,0.09642495489054603,0.546889730302393,-0.02830305301931979,-0.09344797556052775,1.6049999999999998,-28.625,-0.6100000000000003,-0.20000000000000018,0.2999999999999998,-0.09999999999999964,0.19999999999999973,0.98,-0.5299999999999998,0.40000000000000036,-0.3599999999999999,0.030000000000000027,-4.479999999999999,-9.639999999999999,0.17999999999999972,1.8199999999999998,4023991.625,-0.028714875372525483,-0.0870343887840157,72,5,5,0,3,3,3,3,3.0,0,0,72,41,41
2019-02-18 00:00:00+00:00,252.673,2.4,0.81,2.66,2.5,112.3238,14467.2,7472.41,150574.0,5.271,4.0,14.91,4028431.0,359.109,2019-01-01 00:00:00+00:00,2019-02-14 00:00:00+00:00,2019-02-14 00:00:00+00:00,2019-02-14 00:00:00+00:00,2019-02-14 00:00:00+00:00,2019-02-08 00:00:00+00:00,2019-01-01 00:00:00+00:00,2019-02-15 00:00:00+00:00,2019-01-01 00:00:00+00:00,2019-02-15 00:00:00+00:00,2019-01-01 00:00:00+00:00,2019-02-15 00:00:00+00:00,2019-02-13 00:00:00+00:00,2019-02-13 00:00:00+00:00,,,0.013619476526473662,0.04444390784308183,0.005487420703472523,0.018526992475051074,0.061247104713235245,0.03166957164333617,-0.0006092977438747482,0.013659814162978456,0.05146786445424034,0.5969713432263601,-0.028740994345081816,-0.0961197545166339,-11.024000000000001,-24.343999999999998,-0.41999999999999993,-0.23999999999999977,0.2999999999999998,-0.09999999999999964,0.19999999999999973,0.98,-0.31000000000000005,0.31000000000000005,-0.25,0.020000000000000018,-5.190000000000001,-4.550000000000001,0.16000000000000014,1.85,4022800.891,-0.026118823626305243,-0.0907732834027204,48,5,5,3,4,4,4,4,10.0,3,3,48,48,48
2019-02-25 00:00:00+00:00,252.673,2.4,0.74,2.65,2.48,112.6429,14465.7,7554.46,150574.0,1.375,4.0,14.85,3981420.0,333.896,2019-01-01 00:00:00+00:00,2019-02-22 00:00:00+00:00,2019-02-22 00:00:00+00:00,2019-02-22 00:00:00+00:00,2019-02-22 00:00:00+00:00,2019-02-22 00:00:00+00:00,2019-01-01 00:00:00+00:00,2019-02-25 00:00:00+00:00,2019-01-01 00:00:00+00:00,2019-02-25 00:00:00+00:00,2019-01-01 00:00:00+00:00,2019-02-25 00:00:00+00:00,2019-02-20 00:00:00+00:00,2019-02-20 00:00:00+00:00,,,0.01359987553597719,0.044383578521003386,0.005487420703472523,0.018526992475051074,0.06460294431846592,0.017762314004221125,-0.0006092977438747482,0.013659814162978456,0.011124978840356015,0.4416949943195556,-0.030858999964376466,-0.10261249628142366,0.76,-7.984999999999999,-0.3999999999999999,-0.22999999999999998,0.2999999999999998,-0.09999999999999964,0.19999999999999973,0.98,-0.33000000000000007,0.22999999999999998,-0.3500000000000001,-0.020000000000000018,-4.049999999999999,-0.9500000000000011,0.16999999999999993,1.91,3979711.104,-0.031058094228750832,-0.10086913596986768,55,5,5,0,3,3,3,3,3.0,0,0,55,55,55
2019-03-04 00:00:00+00:00,252.673,2.4,0.8,2.76,2.55,112.911,14465.9,7577.57,150574.0,2.917,4.0,14.63,3974590.0,310.574,2019-01-01 00:00:00+00:00,2019-03-01 00:00:00+00:00,2019-03-01 00:00:00+00:00,2019-03-01 00:00:00+00:00,2019-03-01 00:00:00+00:00,2019-03-01 00:00:00+00:00,2019-01-01 00:00:00+00:00,2019-03-04 00:00:00+00:00,2019-01-01 00:00:00+00:00,2019-03-04 00:00:00+00:00,2019-01-01 00:00:00+00:00,2019-03-04 00:00:00+00:00,2019-02-27 00:00:00+00:00,2019-02-27 00:00:00+00:00,,,0.013606693712432616,0.04439740423406491,0.005487420703472523,0.018526992475051074,0.01811878254117616,0.0331215584899045,-0.0006092977438747482,0.013659814162978456,-0.0922748259180386,0.4270898946348476,-0.03037489334739263,-0.10018204427963973,0.7069999999999999,-12.313,-0.25,-0.10000000000000009,0.2999999999999998,-0.09999999999999964,0.19999999999999973,0.98,-0.25,0.2999999999999998,-0.24,0.06000000000000005,-1.8100000000000005,-4.1,0.20999999999999996,1.9599999999999997,3971362.426,-0.030564555170712993,-0.0974755604197366,62,5,5,0,3,3,3,3,3.0,0,0,62,62,62
2019-03-11 00:00:00+00:00,252.673,2.4,0.72,2.62,2.45,113.7129,14465.9,7558.06,150606.0,0.019,3.8,14.33,3969134.0,220.045,2019-01-01 00:00:00+00:00,2019-03-08 00:00:00+00:00,2019-03-08 00:00:00+00:00,2019-03-08 00:00:00+00:00,2019-03-08 00:00:00+00:00,2019-03-08 00:00:00+00:00,2019-01-01 00:00:00+00:00,2019-03-11 00:00:00+00:00,2019-02-01 00:00:00+00:00,2019-03-11 00:00:00+00:00,2019-02-01 00:00:00+00:00,2019-03-11 00:00:00+00:00,2019-03-06 00:00:00+00:00,2019-03-06 00:00:00+00:00,,,0.013606693712432616,0.04439740423406491,0.004745448989982748,0.01625965007324659,0.07377725413543956,-0.003995679529966267,-0.0006092977438747482,0.013659814162978456,-0.42792305107445117,0.12046847603174182,-0.029029329931352876,-0.10216916692821343,-1.405,-1.7510000000000001,-0.22999999999999998,-0.2799999999999998,0.09999999999999964,-0.2999999999999998,0.20999999999999996,0.98,-0.27,0.18000000000000016,-0.24,-0.06000000000000005,-8.31,-1.4499999999999993,0.16999999999999993,1.9000000000000001,3968894.955,-0.02865834753394836,-0.10178229123187421,69,5,5,0,3,3,3,3,3.0,0,0,69,38,38
2019-03-18 00:00:00+00:00,253.113,2.4,0.65,2.59,2.43,112.9627,14477.8,7714.48,150606.0,3.169,3.8,13.1,3971559.0,245.972,2019-02-01 00:00:00+00:00,2019-03-15 00:00:00+00:00,2019-03-15 00:00:00+00:00,2019-03-15 00:00:00+00:00,2019-03-15 00:00:00+00:00,2019-03-15 00:00:00+00:00,2019-02-01 00:00:00+00:00,2019-03-18 00:00:00+00:00,2019-02-01 00:00:00+00:00,2019-03-18 00:00:00+00:00,2019-02-01 00:00:00+00:00,2019-03-18 00:00:00+00:00,2019-03-13 00:00:00+00:00,2019-03-13 00:00:00+00:00,,,0.011126891991757759,0.043732110596470974,0.004745448989982748,0.01625965007324659,0.1330041375230362,0.04918274985422322,0.0009367793265528945,0.01390027393660187,-0.30881431119416636,-0.01595916921057494,-0.02897394729915881,-0.10409401454432832,2.754,-4.651,-0.30000000000000027,-0.26000000000000023,0.09999999999999964,-0.2999999999999998,0.20999999999999996,0.97,-0.2999999999999998,0.1200000000000001,-0.42000000000000004,-0.12,-11.42,-5.92,0.1599999999999997,1.94,3968144.028,-0.0296507155234913,-0.1031215084354784,45,5,5,0,3,3,3,3,3.0,0,0,45,45,45
2019-03-25 00:00:00+00:00,253.113,2.41,0.54,2.44,2.31,113.0745,14478.8,7637.54,150606.0,0.129,3.8,16.33,3962748.0,303.623,2019-02-01 00:00:00+00:00,2019-03-22 00:00:00+00:00,2019-03-22 00:00:00+00:00,2019-03-22 00:00:00+00:00,2019-03-22 00:00:00+00:00,2019-03-22 00:00:00+00:00,2019-02-01 00:00:00+00:00,2019-03-25 00:00:00+00:00,2019-02-01 00:00:00+00:00,2019-03-25 00:00:00+00:00,2019-02-01 00:00:00+00:00,2019-03-25 00:00:00+00:00,2019-03-20 00:00:00+00:00,2019-03-20 00:00:00+00:00,,,0.011161039429964603,0.043808395397210376,0.004745448989982748,0.01625965007324659,0.2096688577378174,0.05614581944817232,0.0009367793265528945,0.01390027393660187,-0.1441842762812522,-0.041391091141179004,-0.030206265143364774,-0.10494450564214475,-7.8309999999999995,-5.792,-0.3500000000000001,-0.3799999999999999,0.09999999999999964,-0.2999999999999998,0.010000000000000231,0.7300000000000002,-0.3599999999999999,0.03000000000000025,-0.49,-0.20999999999999996,-19.740000000000002,-4.700000000000003,0.1299999999999999,1.9,3962315.377,-0.02827856239702875,-0.10363546929974454,52,5,5,0,3,3,3,3,3.0,0,0,52,52,52
2019-04-01 00:00:00+00:00,253.113,2.43,0.53,2.41,2.27,113.4983,14478.8,7828.91,150606.0,0.011,3.8,13.4,3955617.0,310.868,2019-02-01 00:00:00+00:00,2019-03-29 00:00:00+00:00,2019-03-29 00:00:00+00:00,2019-03-29 00:00:00+00:00,2019-03-29 00:00:00+00:00,2019-03-29 00:00:00+00:00,2019-02-01 00:00:00+00:00,2019-04-01 00:00:00+00:00,2019-02-01 00:00:00+00:00,2019-04-01 00:00:00+00:00,2019-02-01 00:00:00+00:00,2019-04-01 00:00:00+00:00,2019-03-27 00:00:00+00:00,2019-03-27 00:00:00+00:00,,,0.011154055287461162,0.04379396361264831,0.004745448989982748,0.01625965007324659,0.16542242479276048,0.13064171880804842,0.0009367793265528945,0.01390027393660187,-0.18511465953807704,-0.02537747783312483,-0.02989021402525438,-0.1046931910492983,-41.836999999999996,-3.812,-0.31000000000000005,-0.33000000000000007,0.09999999999999964,-0.2999999999999998,0.03000000000000025,0.7600000000000002,-0.25,0.0,-0.45999999999999996,-0.15999999999999992,-12.020000000000001,-10.22,0.14000000000000012,1.8800000000000001,3955295.132,-0.01955792172197235,-0.10383111583185922,59,5,5,0,3,3,3,3,3.0,0,0,59,59,59
2019-04-08 00:00:00+00:00,253.113,2.41,0.6,2.5,2.35,113.3413,14478.8,7953.883789,150816.0,0.284,3.8,13.18,3935509.0,310.188,2019-02-01 00:00:00+00:00,2019-04-05 00:00:00+00:00,2019-04-05 00:00:00+00:00,2019-04-05 00:00:00+00:00,2019-04-05 00:00:00+00:00,2019-04-05 00:00:00+00:00,2019-02-01 00:00:00+00:00,2019-04-08 00:00:00+00:00,2019-03-01 00:00:00+00:00,2019-04-08 00:00:00+00:00,2019-03-01 00:00:00+00:00,2019-04-08 00:00:00+00:00,2019-04-03 00:00:00+00:00,2019-04-03 00:00:00+00:00,,,0.01116802362124858,0.04379396361264831,0.0036734586062934227,0.017295429215552716,0.15329219617836287,0.1348697570506303,0.0009367793265528945,0.01390027393660187,-0.20273475944839348,0.02042721784012347,-0.03074316092651408,-0.10840113605125445,-2.5020000000000002,-3.7860000000000005,-0.16999999999999993,-0.27,-0.10000000000000009,-0.2999999999999998,0.010000000000000231,0.7200000000000002,-0.1499999999999999,0.08000000000000007,-0.31000000000000005,-0.09999999999999998,-8.219999999999999,-8.59,0.1499999999999999,1.9,3934914.812,-0.030113758659453538,-0.10755440990272191,66,5,5,0,3,3,3,3,3.0,0,0,66,38,38
2019-04-15 00:00:00+00:00,254.148,2.41,0.61,2.56,2.4,112.7403,14509.0,7976.012207,150816.0,0.018,3.8,12.32,3936784.0,262.617,2019-03-01 00:00:00+00:00,2019-04-12 00:00:00+00:00,2019-04-12 00:00:00+00:00,2019-04-12 00:00:00+00:00,2019-04-12 00:00:00+00:00,2019-04-12 00:00:00+00:00,2019-03-01 00:00:00+00:00,2019-04-15 00:00:00+00:00,2019-03-01 00:00:00+00:00,2019-04-15 00:00:00+00:00,2019-03-01 00:00:00+00:00,2019-04-15 00:00:00+00:00,2019-04-10 00:00:00+00:00,2019-04-10 00:00:00+00:00,,,0.0037356891106128387,0.041578995196335455,0.0036734586062934227,0.017295429215552716,0.14405954835380363,0.10844827023930215,0.005583178993425086,0.018610175510635152,-0.3061927883802191,-0.11316534340476991,-0.02997191701545532,-0.10752532040905294,-1.187,-3.354,-0.18000000000000016,-0.2599999999999998,-0.10000000000000009,-0.2999999999999998,0.010000000000000231,0.7200000000000002,-0.16000000000000014,0.029999999999999805,-0.32000000000000006,-0.07999999999999996,-6.75,-4.239999999999998,0.16000000000000014,1.9500000000000002,3936503.383,-0.029658145617526444,-0.1067599519843796,45,5,5,0,3,3,3,3,3.0,0,0,45,45,45
2019-04-22 00:00:00+00:00,254.148,2.44,0.62,2.57,2.38,113.0675,14468.2,8015.266113,150816.0,1.117,3.8,12.09,3931827.0,285.264,2019-03-01 00:00:00+00:00,2019-04-19 00:00:00+00:00,2019-04-18 00:00:00+00:00,2019-04-18 00:00:00+00:00,2019-04-18 00:00:00+00:00,2019-04-19 00:00:00+00:00,2019-03-01 00:00:00+00:00,2019-04-22 00:00:00+00:00,2019-03-01 00:00:00+00:00,2019-04-22 00:00:00+00:00,2019-03-01 00:00:00+00:00,2019-04-18 00:00:00+00:00,2019-04-17 00:00:00+00:00,2019-04-17 00:00:00+00:00,,,0.0009058441392078009,0.03816681824571155,0.0036734586062934227,0.017295429215552716,0.11322495277175193,0.1172331256716781,0.005583178993425086,0.018610175510635152,-0.20788384523877035,0.035749824038633804,-0.02962354190539429,-0.10929133057649487,-12.047999999999998,-9.704,-0.18000000000000016,-0.3900000000000001,-0.10000000000000009,-0.2999999999999998,0.040000000000000036,0.74,-0.18000000000000016,-0.08000000000000007,-0.33999999999999997,-0.17000000000000004,-5.710000000000001,-4.25,0.18999999999999995,1.9499999999999997,3930424.736,-0.026637376579165206,-0.10711485296022616,52,5,5,0,3,4,4,4,3.0,4,0,52,52,52
2019-04-29 00:00:00+00:00,254.148,2.44,0.54,2.51,2.28,113.8177,14468.1,8161.853027,150816.0,0.615,3.8,13.11,3928273.0,378.602,2019-03-01 00:00:00+00:00,2019-04-26 00:00:00+00:00,2019-04-26 00:00:00+00:00,2019-04-26 00:00:00+00:00,2019-04-26 00:00:00+00:00,2019-04-26 00:00:00+00:00,2019-03-01 00:00:00+00:00,2019-04-29 00:00:00+00:00,2019-03-01 00:00:00+00:00,2019-04-29 00:00:00+00:00,2019-03-01 00:00:00+00:00,2019-04-29 00:00:00+00:00,2019-04-24 00:00:00+00:00,2019-04-24 00:00:00+00:00,,,0.0008989324055033165,0.03814554540189263,0.0036734586062934227,0.017295429215552716,0.14139397258756503,0.14413847047898365,0.005583178993425086,0.018610175510635152,-0.028701783273178627,0.05149599965548113,-0.029788825739682778,-0.10722331393537132,-0.6499999999999999,-13.215,-0.25,-0.4500000000000002,-0.10000000000000009,-0.2999999999999998,0.040000000000000036,0.74,-0.3200000000000003,-0.2100000000000004,-0.42999999999999994,-0.25,-5.760000000000002,-2.8200000000000003,0.22999999999999998,1.9699999999999998,3927279.398,-0.02963286298923329,-0.10422610104294705,59,5,5,0,3,3,3,3,3.0,0,0,59,59,59
2019-05-06 00:00:00+00:00,254.148,2.4,0.63,2.54,2.33,113.6325,14468.1,8123.289063,151095.0,0.067,3.6,15.44,3889691.0,400.498,2019-03-01 00:00:00+00:00,2019-05-03 00:00:00+00:00,2019-05-03 00:00:00+00:00,2019-05-03 00:00:00+00:00,2019-05-03 00:00:00+00:00,2019-05-03 00:00:00+00:00,2019-03-01 00:00:00+00:00,2019-05-06 00:00:00+00:00,2019-04-01 00:00:00+00:00,2019-05-06 00:00:00+00:00,2019-04-01 00:00:00+00:00,2019-05-06 00:00:00+00:00,2019-05-01 00:00:00+00:00,2019-05-01 00:00:00+00:00,0.013048483148705436,,0.0009196865416303268,0.03814554540189263,0.0034541203637221685,0.017835735338177727,0.10036956585514467,0.11163792686303786,0.005583178993425086,0.018610175510635152,-0.006912418320111691,0.0012842264301813344,-0.03783526579833918,-0.11325409892931582,-4.4479999999999995,-3.153,-0.16000000000000014,-0.41000000000000014,-0.3999999999999999,-0.2999999999999998,0.0,0.7,-0.18999999999999995,-0.17999999999999972,-0.18999999999999995,-0.16000000000000003,-0.2900000000000009,0.6899999999999995,0.20999999999999996,1.9100000000000001,3889223.502,-0.0367372281703684,-0.11254294028814549,66,5,5,0,3,3,3,3,3.0,0,0,66,35,35
2019-05-13 00:00:00+00:00,254.958,2.38,0.59,2.47,2.26,113.9365,14468.2,7647.023926,151095.0,0.111,3.6,20.55,3892216.0,348.357,2019-04-01 00:00:00+00:00,2019-05-10 00:00:00+00:00,2019-05-10 00:00:00+00:00,2019-05-10 00:00:00+00:00,2019-05-10 00:00:00+00:00,2019-05-10 00:00:00+00:00,2019-03-01 00:00:00+00:00,2019-05-13 00:00:00+00:00,2019-04-01 00:00:00+00:00,2019-05-13 00:00:00+00:00,2019-04-01 00:00:00+00:00,2019-05-13 00:00:00+00:00,2019-05-08 00:00:00+00:00,2019-05-08 00:00:00+00:00,0.014255504044684564,,0.005579462697959059,0.03640911528970214,0.0034541203637221685,0.017835735338177727,0.045359219696885944,0.03130798177068783,0.008804798441993889,0.01958590920027703,-0.011468133427735339,-0.015337190931147937,-0.03388159711982652,-0.11308207300492512,-1.8949999999999998,-3.7479999999999998,-0.1599999999999997,-0.5,-0.3999999999999999,-0.2999999999999998,-0.020000000000000018,0.6799999999999999,-0.1900000000000004,-0.28000000000000025,-0.22000000000000008,-0.22999999999999998,4.58,7.620000000000001,0.2100000000000004,1.8800000000000003,3891756.643,-0.033413716656305326,-0.11223300937729697,73,5,5,0,3,3,3,3,3.0,0,0,42,42,42
2019-05-20 00:00:00+00:00,254.958,2.39,0.58,2.39,2.2,114.8531,14513.2,7707.084961,151095.0,8.105,3.6,16.31,3864749.0,323.786,2019-04-01 00:00:00+00:00,2019-05-17 00:00:00+00:00,2019-05-17 00:00:00+00:00,2019-05-17 00:00:00+00:00,2019-05-17 00:00:00+00:00,2019-05-17 00:00:00+00:00,2019-04-01 00:00:00+00:00,2019-05-20 00:00:00+00:00,2019-04-01 00:00:00+00:00,2019-05-20 00:00:00+00:00,2019-04-01 00:00:00+00:00,2019-05-20 00:00:00+00:00,2019-05-15 00:00:00+00:00,2019-05-15 00:00:00+00:00,0.02226814888513129,,0.003174562023417593,0.039471550773072295,0.0034541203637221685,0.017835735338177727,0.03092245966799645,0.041465760317963785,0.009002663087393614,0.01958590920027703,-0.1035431598315899,-0.04076541233851305,-0.041480231979843296,-0.11542653649490475,2.8340000000000005,2.7010000000000005,-0.27,-0.6699999999999999,-0.3999999999999999,-0.2999999999999998,-0.009999999999999787,0.6900000000000002,-0.2999999999999998,-0.34999999999999964,-0.2300000000000001,-0.33000000000000007,1.3999999999999986,3.2299999999999986,0.18999999999999995,1.81,3856320.214,-0.04226498272547552,-0.1162853818515579,49,5,5,0,3,3,3,3,3.0,0,0,49,49,49
2019-05-27 00:00:00+00:00,254.958,2.38,0.58,2.31,2.12,114.8531,14513.2,7637.008789,151095.0,5.956,3.6,15.85,3860435.0,282.864,2019-04-01 00:00:00+00:00,2019-05-23 00:00:00+00:00,2019-05-23 00:00:00+00:00,2019-05-23 00:00:00+00:00,2019-05-23 00:00:00+00:00,2019-05-17 00:00:00+00:00,2019-04-01 00:00:00+00:00,2019-05-24 00:00:00+00:00,2019-04-01 00:00:00+00:00,2019-05-24 00:00:00+00:00,2019-04-01 00:00:00+00:00,2019-05-24 00:00:00+00:00,2019-05-22 00:00:00+00:00,2019-05-22 00:00:00+00:00,0.01943128268222516,,0.0032782502123893664,0.039471550773072295,0.0034541203637221685,0.017835735338177727,0.010867889423787247,0.026962112641218283,0.009002663087393614,0.01958590920027703,-0.16586335047956435,-0.14329526447047325,-0.030858668155964608,-0.11647239383023766,4.581,5.936000000000001,-0.33999999999999986,-0.6699999999999999,-0.3999999999999999,-0.2999999999999998,-0.020000000000000018,0.6799999999999999,-0.3599999999999999,-0.3799999999999999,-0.16000000000000003,-0.28,1.0,2.629999999999999,0.18999999999999995,1.73,3854196.136,-0.0320467694886144,-0.11800992611851235,56,5,5,3,4,4,4,4,10.0,3,3,56,56,56
2019-06-03 00:00:00+00:00,254.958,2.4,0.4,2.14,1.95,115.0969,14513.5,7333.019043,151095.0,1.255,3.6,18.86,3851444.0,247.777,2019-04-01 00:00:00+00:00,2019-05-31 00:00:00+00:00,2019-05-31 00:00:00+00:00,2019-05-31 00:00:00+00:00,2019-05-31 00:00:00+00:00,2019-05-31 00:00:00+00:00,2019-04-01 00:00:00+00:00,2019-06-03 00:00:00+00:00,2019-04-01 00:00:00+00:00,2019-06-03 00:00:00+00:00,2019-04-01 00:00:00+00:00,2019-06-03 00:00:00+00:00,2019-05-29 00:00:00+00:00,2019-05-29 00:00:00+00:00,0.019174484498812205,,0.00328509512327102,0.03949222139701547,0.0034541203637221685,0.01623350533800938,-0.03280526178338228,-0.03661058024780495,0.009002663087393614,0.01958590920027703,-0.2258930501608134,-0.2723754514497365,-0.031473455216943336,-0.11654625566880839,-1.662,-9.911000000000001,-0.6199999999999997,-0.75,-0.3999999999999999,-0.19999999999999973,0.0,0.7,-0.5999999999999999,-0.5200000000000002,-0.4,-0.4,4.229999999999999,6.119999999999999,0.19000000000000017,1.7400000000000002,3849941.223,-0.031051334748926962,-0.11427757210857337,63,5,5,0,3,3,3,3,3.0,0,0,63,63,63
2019-06-10 00:00:00+00:00,254.958,2.37,0.35,2.09,1.85,114.1559,14513.8,7823.168945,151095.0,2.105,3.6,15.94,3847645.0,223.638,2019-04-01 00:00:00+00:00,2019-06-07 00:00:00+00:00,2019-06-07 00:00:00+00:00,2019-06-07 00:00:00+00:00,2019-06-07 00:00:00+00:00,2019-06-07 00:00:00+00:00,2019-04-01 00:00:00+00:00,2019-06-10 00:00:00+00:00,2019-05-01 00:00:00+00:00,2019-06-10 00:00:00+00:00,2019-05-01 00:00:00+00:00,2019-06-10 00:00:00+00:00,2019-06-05 00:00:00+00:00,2019-06-05 00:00:00+00:00,0.003888207232511043,,0.0033057653199488612,0.039520059307443844,0.0032416228531282343,0.01623350533800938,0.034475164900934274,0.02108686307527563,0.009002663087393614,0.01958590920027703,0.01619660228410158,-0.2737857605054934,-0.03108666205344157,-0.1156068433701769,2.086,-2.7310000000000003,-0.5300000000000002,-0.8400000000000003,-0.19999999999999973,-0.19999999999999973,-0.029999999999999805,0.6700000000000002,-0.6000000000000001,-0.6499999999999999,-0.37,-0.47,1.6099999999999994,3.59,0.23999999999999977,1.7399999999999998,3845316.362,-0.0316318287098305,-0.11502379350552339,70,5,5,0,3,3,3,3,3.0,0,0,70,40,40
2019-06-17 00:00:00+00:00,255.155,2.36,0.46,2.09,1.84,114.3196,14612.5,7845.023926,151095.0,2.269,3.6,15.35,3849955.0,187.56,2019-05-01 00:00:00+00:00,2019-06-14 00:00:00+00:00,2019-06-14 00:00:00+00:00,2019-06-14 00:00:00+00:00,2019-06-14 00:00:00+00:00,2019-06-14 00:00:00+00:00,2019-05-01 00:00:00+00:00,2019-06-17 00:00:00+00:00,2019-05-01 00:00:00+00:00,2019-06-17 00:00:00+00:00,2019-05-01 00:00:00+00:00,2019-06-17 00:00:00+00:00,2019-06-12 00:00:00+00:00,2019-06-12 00:00:00+00:00,0.011940358939609652,,0.009260885085367931,0.04105726599253501,0.0032416228531282343,0.01623350533800938,0.016780353644003654,0.01256989191197988,0.008035174304238168,0.01827257231007362,-0.2711189140946484,-0.44971563945854687,-0.031097252908923068,-0.11632894612391098,-0.8999999999999999,1.899,-0.5,-0.8400000000000003,-0.19999999999999973,-0.19999999999999973,-0.040000000000000036,0.45999999999999996,-0.5900000000000001,-0.7099999999999997,-0.19,-0.35000000000000003,2.25,3.039999999999999,0.24999999999999978,1.63,3847498.44,-0.030875304870200182,-0.11681366767910717,47,5,5,0,3,3,3,3,3.0,0,0,47,47,47
2019-06-24 00:00:00+00:00,255.155,2.38,0.34,2.07,1.77,114.8703,14613.5,8005.695801,151095.0,11.156,3.6,15.26,3844016.0,198.398,2019-05-01 00:00:00+00:00,2019-06-21 00:00:00+00:00,2019-06-21 00:00:00+00:00,2019-06-21 00:00:00+00:00,2019-06-21 00:00:00+00:00,2019-06-21 00:00:00+00:00,2019-05-01 00:00:00+00:00,2019-06-24 00:00:00+00:00,2019-05-01 00:00:00+00:00,2019-06-24 00:00:00+00:00,2019-05-01 00:00:00+00:00,2019-06-24 00:00:00+00:00,2019-06-19 00:00:00+00:00,2019-06-19 00:00:00+00:00,0.015756772291631194,,0.009260248420860151,0.041161350232458815,0.0032416228531282343,0.01623350533800938,0.04707770167090963,0.060991325008144415,0.008035174304238168,0.01827257231007362,-0.4255116860729711,-0.5755610151089314,-0.030420070565428503,-0.11578729728973336,11.027000000000001,-1.5739999999999998,-0.3700000000000001,-0.8300000000000001,-0.19999999999999973,-0.19999999999999973,-0.03000000000000025,0.45999999999999996,-0.54,-0.79,-0.2,-0.44,-1.0699999999999985,-2.0699999999999985,0.2999999999999998,1.7299999999999998,3832661.602,-0.033269048477817975,-0.115709549601263,54,5,5,0,3,3,3,3,3.0,0,0,54,54,54
2019-07-01 00:00:00+00:00,255.155,2.4,0.31,2.0,1.75,114.6159,14613.5,8091.162109,151095.0,15.837,3.6,14.06,3826817.0,248.302,2019-05-01 00:00:00+00:00,2019-06-28 00:00:00+00:00,2019-06-28 00:00:00+00:00,2019-06-28 00:00:00+00:00,2019-06-28 00:00:00+00:00,2019-06-28 00:00:00+00:00,2019-05-01 00:00:00+00:00,2019-07-01 00:00:00+00:00,2019-05-01 00:00:00+00:00,2019-07-01 00:00:00+00:00,2019-05-01 00:00:00+00:00,2019-07-01 00:00:00+00:00,2019-06-26 00:00:00+00:00,2019-06-26 00:00:00+00:00,0.009798679276435962,,0.009260248420860151,0.041161350232458815,0.0032416228531282343,0.01623350533800938,0.03294907620502663,0.06688449937810859,0.008035174304238168,0.01827257231007362,-0.22472263752705945,-0.40944960948299425,-0.03310320694304991,-0.11785779763641102,15.826,-16.302000000000003,-0.41000000000000014,-0.8500000000000001,-0.19999999999999973,-0.19999999999999973,-0.03000000000000025,0.49,-0.52,-0.77,-0.22000000000000003,-0.43,0.6600000000000001,-1.5399999999999991,0.25,1.69,3810731.698,-0.03723400351949735,-0.11448980466366798,61,5,5,0,3,3,3,3,3.0,0,0,61,61,61
2019-07-08 00:00:00+00:00,255.155,2.42,0.35,2.04,1.87,115.1315,14611.9,8098.381836,151308.0,6.5,3.7,13.96,3813198.0,245.306,2019-05-01 00:00:00+00:00,2019-07-05 00:00:00+00:00,2019-07-05 00:00:00+00:00,2019-07-05 00:00:00+00:00,2019-07-05 00:00:00+00:00,2019-07-05 00:00:00+00:00,2019-05-01 00:00:00+00:00,2019-07-08 00:00:00+00:00,2019-06-01 00:00:00+00:00,2019-07-08 00:00:00+00:00,2019-06-01 00:00:00+00:00,2019-07-08 00:00:00+00:00,2019-07-03 00:00:00+00:00,2019-07-03 00:00:00+00:00,0.015671332761579393,,0.009150754624258184,0.04105185643585685,0.003256943737769191,0.015961967035734048,0.018003932093655806,0.04317174485188957,0.008035174304238168,0.01827257231007362,-0.23467215446423584,-0.31468212711143995,-0.03157201833034051,-0.11776351262843221,6.216,2.904,-0.45999999999999996,-0.7799999999999998,-0.09999999999999964,-0.2999999999999998,0.009999999999999787,0.51,-0.48,-0.6599999999999997,-0.25,-0.35,0.7800000000000011,1.2700000000000014,0.16999999999999993,1.69,3806452.694,-0.03319152884471599,-0.11861698883237892,68,5,5,0,3,3,3,3,3.0,0,0,68,37,37
2019-07-15 00:00:00+00:00,255.305,2.38,0.35,2.12,1.84,114.7921,14755.1,8258.18457,151308.0,5.557,3.7,12.68,3815038.0,211.115,2019-06-01 00:00:00+00:00,2019-07-12 00:00:00+00:00,2019-07-12 00:00:00+00:00,2019-07-12 00:00:00+00:00,2019-07-12 00:00:00+00:00,2019-07-12 00:00:00+00:00,2019-06-01 00:00:00+00:00,2019-07-15 00:00:00+00:00,2019-06-01 00:00:00+00:00,2019-07-15 00:00:00+00:00,2019-06-01 00:00:00+00:00,2019-07-15 00:00:00+00:00,2019-07-10 00:00:00+00:00,2019-07-10 00:00:00+00:00,0.018035722546795085,,0.016819639201994363,0.04454202819366415,0.003256943737769191,0.015961967035734048,0.0347662145374148,0.05634797939080549,0.004542134364386996,0.01757585319434707,-0.21829368831500773,-0.43595343042217216,-0.03141352097844852,-0.11761602177191044,5.539000000000001,4.687,-0.43999999999999995,-0.71,-0.09999999999999964,-0.2999999999999998,-0.03000000000000025,0.47,-0.5599999999999998,-0.7499999999999998,-0.26,-0.37,0.35999999999999943,-0.15000000000000036,0.28,1.77,3809269.885,-0.0328553234934752,-0.11885024794342236,44,5,5,0,3,3,3,3,3.0,0,0,44,44,44
2019-07-22 00:00:00+00:00,255.305,2.41,0.25,2.05,1.8,114.8838,14770.6,8204.136719,151308.0,14.16,3.7,13.53,3808110.0,197.005,2019-06-01 00:00:00+00:00,2019-07-19 00:00:00+00:00,2019-07-19 00:00:00+00:00,2019-07-19 00:00:00+00:00,2019-07-19 00:00:00+00:00,2019-07-19 00:00:00+00:00,2019-06-01 00:00:00+00:00,2019-07-22 00:00:00+00:00,2019-06-01 00:00:00+00:00,2019-07-22 00:00:00+00:00,2019-06-01 00:00:00+00:00,2019-07-22 00:00:00+00:00,2019-07-17 00:00:00+00:00,2019-07-17 00:00:00+00:00,0.01593619724178108,,0.020685580997392705,0.045584875068490405,0.003256943737769191,0.015961967035734048,0.023290517608989703,0.04516117866181801,0.004542134364386996,0.01757585319434707,-0.37018595816585087,-0.49892390668090947,-0.03197120028503697,-0.11953011590773777,13.043,11.89,-0.52,-0.8400000000000003,-0.09999999999999964,-0.2999999999999998,-0.029999999999999805,0.5000000000000002,-0.5799999999999998,-0.8,-0.37,-0.53,1.4399999999999995,0.9100000000000001,0.24999999999999978,1.7999999999999998,3793752.995,-0.035391730077817485,-0.12270262993613912,51,5,5,0,3,3,3,3,3.0,0,0,51,51,51
2019-07-29 00:00:00+00:00,255.305,2.4,0.3,2.08,1.86,115.5427,14770.7,8293.329102,151308.0,3.928,3.7,12.83,3803436.0,193.362,2019-06-01 00:00:00+00:00,2019-07-26 00:00:00+00:00,2019-07-26 00:00:00+00:00,2019-07-26 00:00:00+00:00,2019-07-26 00:00:00+00:00,2019-07-26 00:00:00+00:00,2019-06-01 00:00:00+00:00,2019-07-29 00:00:00+00:00,2019-06-01 00:00:00+00:00,2019-07-29 00:00:00+00:00,2019-06-01 00:00:00+00:00,2019-07-29 00:00:00+00:00,2019-07-24 00:00:00+00:00,2019-07-24 00:00:00+00:00,0.015042112984581912,,0.020699262913858263,0.04554913035331687,0.003256943737769191,0.015961967035734048,0.01598023915583191,0.08336362369737138,0.004542134364386996,0.01757585319434707,-0.671921441638804,-0.5901811415343756,-0.03229502038888832,-0.11750617161840538,3.3129999999999997,1.9329999999999998,-0.4299999999999997,-0.8799999999999999,-0.09999999999999964,-0.2999999999999998,-0.040000000000000036,0.49,-0.4199999999999997,-0.8099999999999998,-0.24000000000000005,-0.54,-0.27999999999999936,-1.4299999999999997,0.21999999999999997,1.78,3799314.638,-0.03312622897031403,-0.11804226431093845,58,5,5,0,3,3,3,3,3.0,0,0,58,58,58
2019-08-05 00:00:00+00:00,255.305,2.14,0.2,1.86,1.72,116.1995,14770.6,7726.040039,151431.0,3.474,3.7,24.59,3779102.0,163.763,2019-06-01 00:00:00+00:00,2019-08-02 00:00:00+00:00,2019-08-02 00:00:00+00:00,2019-08-02 00:00:00+00:00,2019-08-02 00:00:00+00:00,2019-08-02 00:00:00+00:00,2019-06-01 00:00:00+00:00,2019-08-05 00:00:00+00:00,2019-07-01 00:00:00+00:00,2019-08-05 00:00:00+00:00,2019-07-01 00:00:00+00:00,2019-08-05 00:00:00+00:00,2019-07-31 00:00:00+00:00,2019-07-31 00:00:00+00:00,0.02233898456260075,,0.02069249273109719,0.045542360170555796,0.002221297595291105,0.015325078091100508,-0.050138682577966165,-0.017149446542271463,0.004542134364386996,0.01757585319434707,-0.8942885120609683,-0.7638548822877516,-0.028843304757346644,-0.11876180148992077,3.407,1.379,-0.6799999999999999,-1.09,0.10000000000000009,-0.19999999999999973,-0.2599999999999998,0.2300000000000002,-0.6100000000000001,-0.9099999999999999,-0.43,-0.6299999999999999,9.15,13.32,0.14000000000000012,1.6600000000000001,3775464.237,-0.029686171994386612,-0.11914981181829809,65,5,5,0,3,3,3,3,3.0,0,0,65,35,35
2019-08-12 00:00:00+00:00,255.305,2.12,0.08,1.74,1.63,116.5241,14771.2,7863.411133,151431.0,5.43,3.7,21.09,3781543.0,131.704,2019-06-01 00:00:00+00:00,2019-08-09 00:00:00+00:00,2019-08-09 00:00:00+00:00,2019-08-09 00:00:00+00:00,2019-08-09 00:00:00+00:00,2019-08-09 00:00:00+00:00,2019-06-01 00:00:00+00:00,2019-08-12 00:00:00+00:00,2019-07-01 00:00:00+00:00,2019-08-12 00:00:00+00:00,2019-07-01 00:00:00+00:00,2019-08-12 00:00:00+00:00,2019-08-07 00:00:00+00:00,2019-08-07 00:00:00+00:00,0.02245684290579586,,0.020726201406446876,0.045590066270412066,0.002221297595291105,0.015325078091100508,0.027903955817151882,0.005573029212429859,0.0013600831472819763,0.015867176166588948,-0.9726708356608205,-0.9077841435990095,-0.028846533843841726,-0.1186744846094534,5.319,4.047,-0.7300000000000002,-1.1300000000000001,0.10000000000000009,-0.19999999999999973,-0.2599999999999998,0.2100000000000002,-0.6299999999999999,-0.98,-0.51,-0.7000000000000001,0.5399999999999991,6.3100000000000005,0.1100000000000001,1.66,3775981.296,-0.030200339995385406,-0.11974476658739874,72,5,5,0,3,3,3,3,3.0,0,0,72,42,42
2019-08-19 00:00:00+00:00,256.161,2.13,0.01,1.55,1.48,117.1631,14872.1,8002.812012,151431.0,13.403,3.7,16.88,3786018.0,129.957,2019-07-01 00:00:00+00:00,2019-08-16 00:00:00+00:00,2019-08-16 00:00:00+00:00,2019-08-16 00:00:00+00:00,2019-08-16 00:00:00+00:00,2019-08-16 00:00:00+00:00,2019-07-01 00:00:00+00:00,2019-08-19 00:00:00+00:00,2019-07-01 00:00:00+00:00,2019-08-19 00:00:00+00:00,2019-07-01 00:00:00+00:00,2019-08-19 00:00:00+00:00,2019-08-14 00:00:00+00:00,2019-08-14 00:00:00+00:00,0.019913060652813286,,0.02442839430015553,0.04996318128038624,0.002221297595291105,0.015325078091100508,0.037652950808162444,0.022979279190124657,0.0047073273403333005,0.019214420359640272,-0.9128791772344211,-0.9699406430579058,-0.020581931011333765,-0.11063278004330535,5.298,11.757000000000001,-0.8400000000000001,-1.32,0.10000000000000009,-0.19999999999999973,-0.26000000000000023,0.20999999999999996,-0.7200000000000002,-1.13,-0.57,-0.78,0.5700000000000003,4.389999999999999,0.07000000000000006,1.54,3772485.043,-0.021979469443065724,-0.11374324477529107,49,5,5,0,3,3,3,3,3.0,0,0,49,49,49
2019-08-26 00:00:00+00:00,256.161,2.12,-0.02,1.52,1.51,117.4142,14871.1,7853.734863,151431.0,3.676,3.7,19.32,3764866.0,125.725,2019-07-01 00:00:00+00:00,2019-08-23 00:00:00+00:00,2019-08-23 00:00:00+00:00,2019-08-23 00:00:00+00:00,2019-08-23 00:00:00+00:00,2019-08-23 00:00:00+00:00,2019-07-01 00:00:00+00:00,2019-08-26 00:00:00+00:00,2019-07-01 00:00:00+00:00,2019-08-26 00:00:00+00:00,2019-07-01 00:00:00+00:00,2019-08-26 00:00:00+00:00,2019-08-21 00:00:00+00:00,2019-08-21 00:00:00+00:00,0.022053933583879193,,0.024361152039714895,0.0499383508387119,0.002221297595291105,0.015325078091100508,0.02798319062346266,-0.020687344830779608,0.0047073273403333005,0.019214420359640272,-0.8108692347056383,-1.0192341708700257,-0.02506760177870504,-0.11621025173647581,-2.2800000000000002,2.68,-0.79,-1.2999999999999998,0.10000000000000009,-0.19999999999999973,-0.2599999999999998,0.20000000000000018,-0.6100000000000001,-1.1199999999999999,-0.6,-0.75,3.4700000000000006,7.16,0.010000000000000009,1.54,3761064.275,-0.024460491026614406,-0.11690258938950215,56,5,5,0,3,3,3,3,3.0,0,0,56,56,56
2019-09-02 00:00:00+00:00,256.161,2.12,-0.09,1.5,1.53,117.4142,14871.2,7962.881836,151431.0,12.089,3.7,18.98,3759946.0,145.957,2019-07-01 00:00:00+00:00,2019-08-29 00:00:00+00:00,2019-08-29 00:00:00+00:00,2019-08-29 00:00:00+00:00,2019-08-29 00:00:00+00:00,2019-08-23 00:00:00+00:00,2019-07-01 00:00:00+00:00,2019-08-30 00:00:00+00:00,2019-07-01 00:00:00+00:00,2019-08-30 00:00:00+00:00,2019-07-01 00:00:00+00:00,2019-08-30 00:00:00+00:00,2019-08-28 00:00:00+00:00,2019-08-28 00:00:00+00:00,0.01993347181957361,,0.024347205845288045,0.04994507526822822,0.002221297595291105,0.015325078091100508,0.08240366803516785,-0.018250172385807062,0.0047073273403333005,0.019214420359640272,-0.529217090318868,-0.8530851394864172,-0.02404354731894287,-0.11517315336065437,10.834,11.699,-0.6400000000000001,-1.3599999999999999,0.10000000000000009,-0.19999999999999973,-0.2799999999999998,0.20000000000000018,-0.41999999999999993,-1.11,-0.49,-0.85,0.120000000000001,6.120000000000001,-0.030000000000000027,1.59,3747711.043,-0.0269126163438429,-0.11825883572277007,63,5,5,3,4,4,4,4,10.0,3,3,63,63,63
2019-09-09 00:00:00+00:00,256.161,2.12,0.01,1.55,1.53,117.2366,14871.1,8087.437012,151541.0,2.787,3.7,15.27,3761508.0,148.74,2019-07-01 00:00:00+00:00,2019-09-06 00:00:00+00:00,2019-09-06 00:00:00+00:00,2019-09-06 00:00:00+00:00,2019-09-06 00:00:00+00:00,2019-09-06 00:00:00+00:00,2019-07-01 00:00:00+00:00,2019-09-09 00:00:00+00:00,2019-08-01 00:00:00+00:00,2019-09-09 00:00:00+00:00,2019-08-01 00:00:00+00:00,2019-09-09 00:00:00+00:00,2019-09-04 00:00:00+00:00,2019-09-04 00:00:00+00:00,0.026629057063310313,,0.02431981121909388,0.04992421336592656,0.002947437336478842,0.015039177143643556,0.033222163076569444,0.020395551026624048,0.0047073273403333005,0.019214420359640272,-0.40782885789928525,-0.7778150400468746,-0.0226413320033938,-0.11228539838464435,0.6819999999999999,2.772,-0.5399999999999998,-1.39,0.10000000000000009,-0.19999999999999973,-0.25,0.20000000000000018,-0.32000000000000006,-1.18,-0.33999999999999997,-0.83,-0.6699999999999999,1.1099999999999994,0.020000000000000018,1.54,3758572.26,-0.02281671117100359,-0.11298567350137034,70,5,5,0,3,3,3,3,3.0,0,0,70,39,39
2019-09-16 00:00:00+00:00,256.3,2.14,0.23,1.9,1.79,116.8755,14952.8,8153.542969,151541.0,2.202,3.7,14.67,3769673.0,185.342,2019-08-01 00:00:00+00:00,2019-09-13 00:00:00+00:00,2019-09-13 00:00:00+00:00,2019-09-13 00:00:00+00:00,2019-09-13 00:00:00+00:00,2019-09-13 00:00:00+00:00,2019-08-01 00:00:00+00:00,2019-09-16 00:00:00+00:00,2019-08-01 00:00:00+00:00,2019-09-16 00:00:00+00:00,2019-08-01 00:00:00+00:00,2019-09-16 00:00:00+00:00,2019-09-11 00:00:00+00:00,2019-09-11 00:00:00+00:00,0.022111231009390053,,0.02302124647164483,0.05046014161626999,0.002947437336478842,0.015039177143643556,0.0385731168910457,0.032122846879227396,0.004477429736158278,0.01753084377421832,-0.01189602714232052,-0.4936861282388447,-0.021073199622213323,-0.11066724290825114,-0.06700000000000017,1.487,-0.18999999999999995,-1.0900000000000003,0.10000000000000009,-0.19999999999999973,-0.21999999999999975,0.2200000000000002,-0.050000000000000044,-0.9899999999999998,-0.23,-0.66,-0.6799999999999997,0.9900000000000002,0.10999999999999988,1.67,3767285.658,-0.021068423741589015,-0.11105880249756694,46,5,5,0,3,3,3,3,3.0,0,0,46,46,46
2019-09-23 00:00:00+00:00,256.3,1.9,0.13,1.74,1.69,117.2874,14953.3,8112.461914,151541.0,7.485,3.7,14.91,3844695.0,250.226,2019-08-01 00:00:00+00:00,2019-09-20 00:00:00+00:00,2019-09-20 00:00:00+00:00,2019-09-20 00:00:00+00:00,2019-09-20 00:00:00+00:00,2019-09-20 00:00:00+00:00,2019-08-01 00:00:00+00:00,2019-09-23 00:00:00+00:00,2019-08-01 00:00:00+00:00,2019-09-23 00:00:00+00:00,2019-08-01 00:00:00+00:00,2019-09-23 00:00:00+00:00,2019-09-18 00:00:00+00:00,2019-09-18 00:00:00+00:00,0.020823667208175856,,0.022986252247987338,0.05047951204400647,0.002947437336478842,0.015039177143643556,0.013248123818049962,0.014803951766381829,0.004477429736158278,0.01753084377421832,0.23208939534553252,-0.29438348928973834,0.00017662258387929342,-0.09030722023549487,-3.6710000000000003,-1.8549999999999995,-0.32999999999999985,-1.3299999999999998,0.10000000000000009,-0.19999999999999973,-0.48,-0.020000000000000018,-0.08000000000000007,-1.12,-0.21000000000000002,-0.79,-0.34999999999999964,2.710000000000001,0.050000000000000044,1.6099999999999999,3836959.774,0.0011208304137202418,-0.09001915271797323,53,5,5,0,3,3,3,3,3.0,0,0,53,53,53
2019-09-30 00:00:00+00:00,256.3,1.83,0.16,1.69,1.63,117.822,14953.4,7999.337891,151541.0,7.057,3.7,16.24,3857715.0,314.189,2019-08-01 00:00:00+00:00,2019-09-27 00:00:00+00:00,2019-09-27 00:00:00+00:00,2019-09-27 00:00:00+00:00,2019-09-27 00:00:00+00:00,2019-09-27 00:00:00+00:00,2019-08-01 00:00:00+00:00,2019-09-30 00:00:00+00:00,2019-08-01 00:00:00+00:00,2019-09-30 00:00:00+00:00,2019-08-01 00:00:00+00:00,2019-09-30 00:00:00+00:00,2019-09-25 00:00:00+00:00,2019-09-25 00:00:00+00:00,0.027588472883994797,,0.022992939712668914,0.050486199508688046,0.002947437336478842,0.015039177143643556,-0.011413593713951897,-0.004734431265148942,0.004477429736158278,0.01753084377421832,0.23534896840647956,-0.16359207025177547,0.008041652116114406,-0.08331972583300384,-8.78,2.8720000000000008,-0.31000000000000005,-1.3599999999999999,0.10000000000000009,-0.19999999999999973,-0.5699999999999998,-0.3500000000000001,-0.1200000000000001,-1.1800000000000002,-0.15,-0.75,2.179999999999998,4.239999999999998,0.06000000000000005,1.53,3850343.811,0.0103412284518285,-0.0841453633842324,60,5,5,0,3,3,3,3,3.0,0,0,60,60,60
2019-10-07 00:00:00+00:00,256.3,1.82,0.02,1.52,1.4,117.6461,14952.9,7956.293945,151722.0,5.65,3.5,17.86,3945831.0,335.171,2019-08-01 00:00:00+00:00,2019-10-04 00:00:00+00:00,2019-10-04 00:00:00+00:00,2019-10-04 00:00:00+00:00,2019-10-04 00:00:00+00:00,2019-10-04 00:00:00+00:00,2019-08-01 00:00:00+00:00,2019-10-07 00:00:00+00:00,2019-09-01 00:00:00+00:00,2019-10-07 00:00:00+00:00,2019-09-01 00:00:00+00:00,2019-10-07 00:00:00+00:00,2019-10-02 00:00:00+00:00,2019-10-02 00:00:00+00:00,0.021606012101846872,,0.023068995738631415,0.05045979549657176,0.002732404432419955,0.014753506080769085,-0.01770096174866964,0.028085011797454484,0.004477429736158278,0.01753084377421832,0.3121344385417242,-0.09346111037503224,0.034191371359549194,-0.056383879082995136,-0.8499999999999996,4.085000000000001,-0.52,-1.67,-0.20000000000000018,-0.20000000000000018,-0.5999999999999999,-0.3600000000000001,-0.4700000000000002,-1.4700000000000002,-0.32999999999999996,-1.01,3.8999999999999986,2.17,0.1200000000000001,1.5,3939845.829,0.034443888851397375,-0.05743872898968583,67,5,5,0,3,3,3,3,3.0,0,0,67,36,36
2019-10-14 00:00:00+00:00,256.358,1.82,0.15,1.67,1.53,117.6461,15060.8,8057.039063,151722.0,2.95,3.5,14.57,3949955.0,318.191,2019-09-01 00:00:00+00:00,2019-10-10 00:00:00+00:00,2019-10-10 00:00:00+00:00,2019-10-10 00:00:00+00:00,2019-10-10 00:00:00+00:00,2019-10-04 00:00:00+00:00,2019-09-01 00:00:00+00:00,2019-10-11 00:00:00+00:00,2019-09-01 00:00:00+00:00,2019-10-11 00:00:00+00:00,2019-09-01 00:00:00+00:00,2019-10-14 00:00:00+00:00,2019-10-09 00:00:00+00:00,2019-10-09 00:00:00+00:00,0.024558299266082884,,0.020506556075277516,0.05507881967635164,0.002732404432419955,0.014753506080769085,-0.02465865054823091,0.08092067711216266,0.004115996218642337,0.017169627372331853,0.4102488227043537,-0.020314520696518734,0.0347535610747407,-0.05586659462913168,-2.607,2.584,-0.4500000000000002,-1.48,-0.20000000000000018,-0.20000000000000018,-0.5599999999999998,-0.3600000000000001,-0.31000000000000005,-1.32,-0.19999999999999998,-0.88,1.8900000000000006,-6.73,0.1399999999999999,1.52,3946686.809,0.035438904865079834,-0.05652895632979771,43,5,5,3,4,4,4,4,10.0,0,3,43,43,43
2019-10-21 00:00:00+00:00,256.358,1.85,0.16,1.76,1.58,116.2838,15029.2,8162.986816,151722.0,18.758,3.5,14.0,3966471.0,324.604,2019-09-01 00:00:00+00:00,2019-10-18 00:00:00+00:00,2019-10-18 00:00:00+00:00,2019-10-18 00:00:00+00:00,2019-10-18 00:00:00+00:00,2019-10-18 00:00:00+00:00,2019-09-01 00:00:00+00:00,2019-10-21 00:00:00+00:00,2019-09-01 00:00:00+00:00,2019-10-21 00:00:00+00:00,2019-09-01 00:00:00+00:00,2019-10-21 00:00:00+00:00,2019-10-16 00:00:00+00:00,2019-10-16 00:00:00+00:00,0.012112572147987777,,0.017356256866282394,0.05382771624617888,0.002732404432419955,0.014753506080769085,-0.005028371615402705,0.08889855131832114,0.004115996218642337,0.017169627372331853,0.49937686873690534,-0.025305254147681033,0.04074377943509688,-0.051344396442965845,4.597999999999999,15.568999999999999,-0.2899999999999998,-1.4400000000000002,-0.20000000000000018,-0.20000000000000018,-0.56,-0.33999999999999986,-0.21999999999999997,-1.3399999999999999,-0.09,-0.93,0.47000000000000064,-5.640000000000001,0.17999999999999994,1.6,3947388.396,0.039698429395365054,-0.055323144069598484,50,5,5,0,3,3,3,3,3.0,0,0,50,50,50
2019-10-28 00:00:00+00:00,256.358,1.83,0.15,1.8,1.63,116.2042,15028.5,8325.986328,151722.0,0.036,3.5,13.11,3968700.0,377.985,2019-09-01 00:00:00+00:00,2019-10-25 00:00:00+00:00,2019-10-25 00:00:00+00:00,2019-10-25 00:00:00+00:00,2019-10-25 00:00:00+00:00,2019-10-25 00:00:00+00:00,2019-09-01 00:00:00+00:00,2019-10-28 00:00:00+00:00,2019-09-01 00:00:00+00:00,2019-10-28 00:00:00+00:00,2019-09-01 00:00:00+00:00,2019-10-28 00:00:00+00:00,2019-10-23 00:00:00+00:00,2019-10-23 00:00:00+00:00,0.005708829732466114,,0.017302909600102723,0.05378816087036853,0.002732404432419955,0.014753506080769085,0.003930037692663646,0.16631275595645967,0.004115996218642337,0.017169627372331853,0.6702904325498871,0.022498109698310564,0.042533716447730185,-0.050213390817173575,-3.892,-1.712,-0.28,-1.28,-0.20000000000000018,-0.20000000000000018,-0.5699999999999998,-0.3700000000000001,-0.2300000000000002,-1.1800000000000002,-0.15,-0.87,0.27999999999999936,-11.59,0.17000000000000015,1.6500000000000001,3968286.015,0.0435135751733533,-0.049810141554281984,57,5,5,0,3,3,3,3,3.0,0,0,57,57,57
2019-11-04 00:00:00+00:00,256.358,1.57,0.14,1.73,1.56,115.8655,15028.4,8433.200195,151945.0,3.085,3.6,12.83,4019823.0,389.872,2019-09-01 00:00:00+00:00,2019-11-01 00:00:00+00:00,2019-11-01 00:00:00+00:00,2019-11-01 00:00:00+00:00,2019-11-01 00:00:00+00:00,2019-11-01 00:00:00+00:00,2019-09-01 00:00:00+00:00,2019-11-04 00:00:00+00:00,2019-10-01 00:00:00+00:00,2019-11-04 00:00:00+00:00,2019-10-01 00:00:00+00:00,2019-11-04 00:00:00+00:00,2019-10-30 00:00:00+00:00,2019-10-30 00:00:00+00:00,-0.0028785058550093723,,0.01730302573670528,0.05378150682421001,0.0033885376023174985,0.014551376264803295,0.08757987318472082,0.1403577056917058,0.004115996218642337,0.017169627372331853,0.8673982194472227,0.04325395167146695,0.06175145654021463,-0.029392938069950247,-0.38900000000000023,1.6199999999999999,-0.13000000000000012,-1.4900000000000002,-0.10000000000000009,-0.10000000000000009,-0.5700000000000001,-0.6199999999999999,-0.15999999999999992,-1.35,-0.06,-1.02,-11.76,-7.130000000000001,0.16999999999999993,1.5899999999999999,4016348.128,0.061849712062725715,-0.02981356826106385,64,5,5,0,3,3,3,3,3.0,0,0,64,34,34
2019-11-11 00:00:00+00:00,256.358,1.55,0.23,1.92,1.68,115.8655,15028.4,8475.311523,151945.0,0.805,3.6,12.69,4039443.0,377.029,2019-09-01 00:00:00+00:00,2019-11-07 00:00:00+00:00,2019-11-07 00:00:00+00:00,2019-11-07 00:00:00+00:00,2019-11-07 00:00:00+00:00,2019-11-01 00:00:00+00:00,2019-09-01 00:00:00+00:00,2019-11-08 00:00:00+00:00,2019-10-01 00:00:00+00:00,2019-11-08 00:00:00+00:00,2019-10-01 00:00:00+00:00,2019-11-11 00:00:00+00:00,2019-11-06 00:00:00+00:00,2019-11-06 00:00:00+00:00,-0.005668082936972851,,0.01726240532765111,0.05377448511660177,0.0033885376023174985,0.014551376264803295,0.07493691178403772,0.16295555841148257,0.004115996218642337,0.017169627372331853,1.0517651272207855,0.16405111302277575,0.06597468378249971,-0.02505650020048833,-4.625,0.404,0.17999999999999994,-1.3200000000000003,-0.10000000000000009,-0.10000000000000009,-0.5700000000000001,-0.6500000000000001,0.050000000000000044,-1.3,0.15000000000000002,-0.94,-8.4,-7.76,0.24,1.69,4038260.971,0.06715385169776233,-0.02517508032645388,71,5,5,3,4,4,4,4,10.0,0,3,71,41,41
2019-11-18 00:00:00+00:00,257.271,1.55,0.21,1.84,1.61,116.5391,15197.3,8549.938477,151945.0,27.055,3.6,12.46,4047882.0,381.955,2019-10-01 00:00:00+00:00,2019-11-15 00:00:00+00:00,2019-11-15 00:00:00+00:00,2019-11-15 00:00:00+00:00,2019-11-15 00:00:00+00:00,2019-11-15 00:00:00+00:00,2019-10-01 00:00:00+00:00,2019-11-18 00:00:00+00:00,2019-10-01 00:00:00+00:00,2019-11-18 00:00:00+00:00,2019-10-01 00:00:00+00:00,2019-11-18 00:00:00+00:00,2019-11-13 00:00:00+00:00,2019-11-13 00:00:00+00:00,-0.0053401421372107905,,0.021630806053204665,0.06285323890325145,0.0033885376023174985,0.014551376264803295,0.06613110583260884,0.19595362102200298,0.004323850984553346,0.017424543668405512,1.0780991741117614,0.11314470149999067,0.06687897422867017,-0.023924183107588703,13.652,10.759999999999998,0.29000000000000004,-1.24,-0.10000000000000009,-0.10000000000000009,-0.5799999999999998,-0.6500000000000001,0.13000000000000012,-1.2,0.19999999999999998,-0.8500000000000001,-4.419999999999998,-7.640000000000001,0.22999999999999998,1.6300000000000001,4020445.045,0.0636586573075828,-0.026704618487263687,48,5,5,0,3,3,3,3,3.0,0,0,48,48,48
2019-11-25 00:00:00+00:00,257.271,1.55,0.15,1.77,1.61,117.0172,15196.7,8632.489258,151945.0,0.0,3.6,11.87,4030249.0,368.813,2019-10-01 00:00:00+00:00,2019-11-22 00:00:00+00:00,2019-11-22 00:00:00+00:00,2019-11-22 00:00:00+00:00,2019-11-22 00:00:00+00:00,2019-11-22 00:00:00+00:00,2019-10-01 00:00:00+00:00,2019-11-25 00:00:00+00:00,2019-10-01 00:00:00+00:00,2019-11-25 00:00:00+00:00,2019-10-01 00:00:00+00:00,2019-11-25 00:00:00+00:00,2019-11-20 00:00:00+00:00,2019-11-20 00:00:00+00:00,-0.003386921542990251,,0.021658566837032822,0.06289784462511427,0.0033885376023174985,0.014551376264803295,0.09454370854039951,0.19799773290611533,0.004323850984553346,0.017424543668405512,1.0761927584608637,0.11058515211601705,0.06811589100134796,-0.018669378897698152,-3.676,-0.615,0.25,-1.2799999999999998,-0.10000000000000009,-0.10000000000000009,-0.5700000000000001,-0.6500000000000001,0.10000000000000009,-1.2,0.16999999999999998,-0.9400000000000001,-7.450000000000001,-7.029999999999999,0.15999999999999992,1.62,4029880.187,0.06903467603180147,-0.018530678712178172,55,5,5,0,3,3,3,3,3.0,0,0,55,55,55
2019-12-02 00:00:00+00:00,257.271,1.56,0.17,1.78,1.61,117.2188,15195.0,8567.987305,151945.0,0.015,3.6,14.91,4052875.0,360.941,2019-10-01 00:00:00+00:00,2019-11-29 00:00:00+00:00,2019-11-29 00:00:00+00:00,2019-11-29 00:00:00+00:00,2019-11-29 00:00:00+00:00,2019-11-29 00:00:00+00:00,2019-10-01 00:00:00+00:00,2019-12-02 00:00:00+00:00,2019-10-01 00:00:00+00:00,2019-12-02 00:00:00+00:00,2019-10-01 00:00:00+00:00,2019-12-02 00:00:00+00:00,2019-11-27 00:00:00+00:00,2019-11-27 00:00:00+00:00,-0.001665580248068288,,0.021539969757958133,0.06277896443894981,0.0033885376023174985,0.014551376264803295,0.07324187743412125,0.14095906622708299,0.004323850984553346,0.017424543668405512,0.9054024522921971,0.05801748589447708,0.0750219102219365,-0.01086998566134234,-12.074,-2.195,0.28,-1.2299999999999998,-0.10000000000000009,-0.10000000000000009,-0.56,-0.6400000000000001,0.08000000000000007,-1.1899999999999997,0.26,-0.87,-4.07,-1.5300000000000011,0.16999999999999993,1.61,4052499.059,0.07818847733925693,-0.010340028924225919,62,5,5,0,3,3,3,3,3.0,0,0,62,62,62
2019-12-09 00:00:00+00:00,257.271,1.55,0.15,1.84,1.61,116.66,15195.0,8621.827148,152252.0,0.115,3.5,15.86,4065696.0,346.971,2019-10-01 00:00:00+00:00,2019-12-06 00:00:00+00:00,2019-12-06 00:00:00+00:00,2019-12-06 00:00:00+00:00,2019-12-06 00:00:00+00:00,2019-12-06 00:00:00+00:00,2019-10-01 00:00:00+00:00,2019-12-09 00:00:00+00:00,2019-11-01 00:00:00+00:00,2019-12-09 00:00:00+00:00,2019-11-01 00:00:00+00:00,2019-12-09 00:00:00+00:00,2019-12-04 00:00:00+00:00,2019-12-04 00:00:00+00:00,-0.004930393755501861,,0.021546694187474458,0.06277896443894981,0.004680827393491072,0.015615336573080896,0.06398515685785888,0.20545973897080216,0.004323850984553346,0.017424543668405512,0.8470413876922152,0.02748608100258032,0.07776500522888163,-0.004992318759306613,-2.6719999999999997,-1.309,0.29000000000000004,-1.01,-0.20000000000000018,-0.20000000000000018,-0.5700000000000001,-0.6399999999999999,0.08000000000000007,-1.11,0.13999999999999999,-0.8099999999999999,0.5899999999999999,-6.780000000000001,0.22999999999999998,1.6900000000000002,4065234.029,0.07843214584677405,-0.0046747415680084,69,5,5,0,3,3,3,3,3.0,0,0,69,38,38
2019-12-16 00:00:00+00:00,257.936,1.55,0.12,1.82,1.61,115.7393,15324.8,8814.226563,152252.0,1.328,3.5,12.14,4095491.0,326.865,2019-11-01 00:00:00+00:00,2019-12-13 00:00:00+00:00,2019-12-13 00:00:00+00:00,2019-12-13 00:00:00+00:00,2019-12-13 00:00:00+00:00,2019-12-13 00:00:00+00:00,2019-11-01 00:00:00+00:00,2019-12-16 00:00:00+00:00,2019-11-01 00:00:00+00:00,2019-12-16 00:00:00+00:00,2019-11-01 00:00:00+00:00,2019-12-16 00:00:00+00:00,2019-12-11 00:00:00+00:00,2019-12-11 00:00:00+00:00,-0.00976901758587001,,0.02457385789632127,0.06798288144509179,0.004680827393491072,0.015615336573080896,0.07791451807866956,0.2662721261367551,0.006362858763616863,0.019812242130566204,0.5673444745379292,-0.024484777893206022,0.08289835213974328,0.0017539523094480813,-0.8739999999999999,0.913,-0.07999999999999985,-1.07,-0.20000000000000018,-0.20000000000000018,-0.5900000000000001,-0.6399999999999999,-0.17999999999999994,-1.1199999999999999,-0.11000000000000001,-0.9500000000000001,-2.5299999999999994,-12.379999999999999,0.20999999999999996,1.7000000000000002,4093836.135,0.08312770325962582,0.0015332591243453209,45,5,5,0,3,3,3,3,3.0,0,0,45,45,45
2019-12-23 00:00:00+00:00,257.936,1.55,0.15,1.92,1.63,115.7975,15326.6,8945.649414,152252.0,7.652,3.5,12.61,4137052.0,332.592,2019-11-01 00:00:00+00:00,2019-12-20 00:00:00+00:00,2019-12-20 00:00:00+00:00,2019-12-20 00:00:00+00:00,2019-12-20 00:00:00+00:00,2019-12-20 00:00:00+00:00,2019-11-01 00:00:00+00:00,2019-12-23 00:00:00+00:00,2019-11-01 00:00:00+00:00,2019-12-23 00:00:00+00:00,2019-11-01 00:00:00+00:00,2019-12-23 00:00:00+00:00,2019-12-18 00:00:00+00:00,2019-12-18 00:00:00+00:00,-0.012784357050637851,,0.02465786967610839,0.06806540977492048,0.004680827393491072,0.015615336573080896,0.09776592781909876,0.36776061104587576,0.006362858763616863,0.019812242130566204,0.28455200405280134,-0.053054562955889395,0.07328918088091285,0.012839467755998868,0.16699999999999982,-0.30799999999999983,0.17999999999999994,-0.8700000000000001,-0.20000000000000018,-0.20000000000000018,-0.34999999999999987,-0.8499999999999999,-0.06000000000000005,-1.04,0.01999999999999999,-0.88,-2.3000000000000007,-23.46,0.29000000000000004,1.77,4129067.408,0.07337124477460755,0.012944464313481063,52,5,5,0,3,3,3,3,3.0,0,0,52,52,52
2019-12-30 00:00:00+00:00,257.936,1.55,0.15,1.88,1.59,115.2705,15326.6,8945.994141,152252.0,6.525,3.5,14.82,4165591.0,367.82,2019-11-01 00:00:00+00:00,2019-12-27 00:00:00+00:00,2019-12-27 00:00:00+00:00,2019-12-27 00:00:00+00:00,2019-12-27 00:00:00+00:00,2019-12-27 00:00:00+00:00,2019-11-01 00:00:00+00:00,2019-12-30 00:00:00+00:00,2019-11-01 00:00:00+00:00,2019-12-30 00:00:00+00:00,2019-11-01 00:00:00+00:00,2019-12-30 00:00:00+00:00,2019-12-25 00:00:00+00:00,2019-12-25 00:00:00+00:00,-0.02189347075057757,,0.024651182211426814,0.06805842563241704,0.004680827393491072,0.015615336573080896,0.11184707545112538,0.2988049827349606,0.006362858763616863,0.019812242130566204,0.1575989724102218,-0.016889356248435128,0.07678312302906853,0.021831354176878648,-0.532,-35.323,0.18999999999999995,-0.8400000000000003,-0.20000000000000018,-0.20000000000000018,-0.28,-0.8499999999999999,-0.039999999999999813,-0.9299999999999999,-0.010000000000000009,-0.84,-1.4199999999999982,-10.600000000000001,0.2899999999999998,1.73,4158698.18,0.07703964192702628,0.030588945137385082,59,5,5,0,3,3,3,3,3.0,0,0,59,59,59
2020-01-06 00:00:00+00:00,257.936,1.55,0.03,1.8,1.53,115.0302,15326.6,9071.464844,152252.0,3.825,3.5,13.85,4173626.0,382.553,2019-11-01 00:00:00+00:00,2020-01-03 00:00:00+00:00,2020-01-03 00:00:00+00:00,2020-01-03 00:00:00+00:00,2020-01-03 00:00:00+00:00,2020-01-03 00:00:00+00:00,2019-11-01 00:00:00+00:00,2020-01-06 00:00:00+00:00,2019-11-01 00:00:00+00:00,2020-01-06 00:00:00+00:00,2019-11-01 00:00:00+00:00,2020-01-06 00:00:00+00:00,2020-01-01 00:00:00+00:00,2020-01-01 00:00:00+00:00,-0.022486262869381157,,0.02468461998206628,0.06807239396620446,0.003487143881214294,0.013149950657696863,0.13117044874747918,0.2847656152708282,0.006362858763616863,0.019812242130566204,0.13222635640713598,0.006953881036230847,0.056125623837695926,0.02800181594039053,-1.8250000000000002,1.0390000000000001,0.28,-0.8699999999999999,0.0,-0.3999999999999999,-0.27,-0.8499999999999999,0.13000000000000012,-0.97,0.009999999999999998,-0.88,-4.01,-7.549999999999999,0.27,1.77,4169418.447,0.0566349720851953,0.02777357343242315,66,5,5,0,3,3,3,3,3.0,0,0,66,66,66
2020-01-13 00:00:00+00:00,257.936,1.54,0.07,1.83,1.56,115.1065,15326.6,9273.931641,152383.0,1.0,3.5,12.32,4149544.0,367.002,2019-11-01 00:00:00+00:00,2020-01-10 00:00:00+00:00,2020-01-10 00:00:00+00:00,2020-01-10 00:00:00+00:00,2020-01-10 00:00:00+00:00,2020-01-10 00:00:00+00:00,2019-11-01 00:00:00+00:00,2020-01-13 00:00:00+00:00,2019-12-01 00:00:00+00:00,2020-01-13 00:00:00+00:00,2019-12-01 00:00:00+00:00,2020-01-13 00:00:00+00:00,2020-01-08 00:00:00+00:00,2020-01-08 00:00:00+00:00,-0.02182317868684347,,0.017494539129378595,0.05855642351726331,0.004347189562603049,0.014009996339085617,0.14066128779084508,0.2948284001338326,0.006136587057148368,0.020377896633602788,0.14271546622536935,0.02847781223449619,0.04929426224426514,0.022662385325102008,-1.9500000000000002,-0.20500000000000007,0.16000000000000014,-0.9100000000000001,0.0,-0.3999999999999999,-0.28,-0.8599999999999999,0.030000000000000027,-1.0,-0.07999999999999999,-0.8600000000000001,-2.25,-6.75,0.27,1.76,4148176.998,0.049792515735097354,0.022717951489175547,73,5,5,0,3,3,3,3,3.0,0,0,73,43,43
2020-01-20 00:00:00+00:00,258.501,1.54,0.07,1.81,1.58,115.1065,15401.8,9388.944336,152383.0,16.15,3.5,12.1,4175850.0,350.987,2019-12-01 00:00:00+00:00,2020-01-16 00:00:00+00:00,2020-01-16 00:00:00+00:00,2020-01-16 00:00:00+00:00,2020-01-16 00:00:00+00:00,2020-01-10 00:00:00+00:00,2019-12-01 00:00:00+00:00,2020-01-17 00:00:00+00:00,2019-12-01 00:00:00+00:00,2020-01-17 00:00:00+00:00,2019-12-01 00:00:00+00:00,2020-01-17 00:00:00+00:00,2020-01-15 00:00:00+00:00,2020-01-15 00:00:00+00:00,-0.010175968129454205,,0.024489410237459097,0.063437092240342,0.004347189562603049,0.014009996339085617,0.1399227292435139,0.2714098280088528,0.008324657336460817,0.022565966912915236,0.0781432078794726,-0.0005497267882432766,0.051441147893354966,0.030590185138020587,-2.6080000000000005,2.9849999999999994,0.050000000000000044,-0.94,0.0,-0.3999999999999999,-0.31000000000000005,-0.8599999999999999,0.0,-0.98,-0.09,-0.8899999999999999,-1.9000000000000004,-5.700000000000001,0.22999999999999998,1.74,4159349.013,0.052304380091081626,0.02997370282946399,50,5,5,3,4,4,4,4,10.0,3,3,50,50,50
2020-01-27 00:00:00+00:00,258.501,1.55,0.02,1.7,1.49,115.6041,15317.8,9139.30957,152383.0,0.002,3.5,18.23,4145912.0,403.941,2019-12-01 00:00:00+00:00,2020-01-24 00:00:00+00:00,2020-01-24 00:00:00+00:00,2020-01-24 00:00:00+00:00,2020-01-24 00:00:00+00:00,2020-01-24 00:00:00+00:00,2019-12-01 00:00:00+00:00,2020-01-27 00:00:00+00:00,2019-12-01 00:00:00+00:00,2020-01-27 00:00:00+00:00,2019-12-01 00:00:00+00:00,2020-01-27 00:00:00+00:00,2020-01-22 00:00:00+00:00,2020-01-22 00:00:00+00:00,-0.005177565605563039,,0.019067152482078242,0.057968257401542544,0.004347189562603049,0.014009996339085617,0.09320333653910673,0.2545075859751673,0.008324657336460817,0.022565966912915236,0.066414315399836,0.03608152303774048,0.04368420335664425,0.024134073675803336,-0.033999999999999996,-1.263,-0.10000000000000009,-1.0599999999999998,0.0,-0.3999999999999999,-0.28,-0.8499999999999999,-0.1399999999999999,-1.11,-0.13,-0.95,5.120000000000001,-0.6400000000000006,0.20999999999999996,1.68,4145506.059,0.04369060293981342,0.0244450861536194,57,5,5,0,3,3,3,3,3.0,0,0,57,57,57
2020-02-03 00:00:00+00:00,258.501,1.59,-0.14,1.51,1.33,115.785,15318.3,9273.402344,152383.0,6.16,3.5,17.97,4151630.0,432.061,2019-12-01 00:00:00+00:00,2020-01-31 00:00:00+00:00,2020-01-31 00:00:00+00:00,2020-01-31 00:00:00+00:00,2020-01-31 00:00:00+00:00,2020-01-31 00:00:00+00:00,2019-12-01 00:00:00+00:00,2020-02-03 00:00:00+00:00,2019-12-01 00:00:00+00:00,2020-02-03 00:00:00+00:00,2019-12-01 00:00:00+00:00,2020-02-03 00:00:00+00:00,2020-01-29 00:00:00+00:00,2020-01-29 00:00:00+00:00,-0.0006950125576281607,0.03181394929866865,0.019106447758684197,0.058021652768116994,0.0028784752137500647,0.011942430775080837,0.09497401985330356,0.2327847763152029,0.008324657336460817,0.022565966912915236,0.10274830185511252,0.0689455909212553,0.03226315640173283,0.02733604238626164,3.075,1.6450000000000005,-0.21999999999999997,-1.1900000000000002,-0.10000000000000009,-0.5,0.020000000000000018,-0.8099999999999998,-0.22999999999999998,-1.19,-0.28,-0.96,5.139999999999999,2.2399999999999984,0.17999999999999994,1.65,4145037.939,0.03153887760929486,0.026965189507265563,64,5,5,0,3,3,3,3,3.0,0,0,64,64,64
2020-02-10 00:00:00+00:00,258.501,1.58,-0.07,1.59,1.41,116.5604,15318.4,9628.388672,152186.0,0.83,3.6,15.04,4166707.0,413.322,2019-12-01 00:00:00+00:00,2020-02-07 00:00:00+00:00,2020-02-07 00:00:00+00:00,2020-02-07 00:00:00+00:00,2020-02-07 00:00:00+00:00,2020-02-07 00:00:00+00:00,2019-12-01 00:00:00+00:00,2020-02-10 00:00:00+00:00,2020-01-01 00:00:00+00:00,2020-02-10 00:00:00+00:00,2020-01-01 00:00:00+00:00,2020-02-10 00:00:00+00:00,2020-02-05 00:00:00+00:00,2020-02-05 00:00:00+00:00,0.005979557962497495,0.03702382197600507,0.019112975876922178,0.06268104530897922,0.0015848437051388942,0.010648799266469666,0.12755847756292837,0.2757585648610039,0.008324657336460817,0.02260553514437902,0.09190484263371079,0.1595310007659405,0.031019224412483837,0.0342657772313153,0.02499999999999991,-1.1759999999999997,-0.32999999999999985,-1.0399999999999998,0.0,-0.3999999999999999,0.030000000000000027,-0.8199999999999998,-0.27,-1.0400000000000003,-0.30000000000000004,-0.8800000000000001,2.3499999999999996,-0.9300000000000015,0.18000000000000016,1.6600000000000001,4165463.678,0.031013450094368622,0.034553245140440225,71,5,5,0,3,3,3,3,3.0,0,0,71,40,40
2020-02-17 00:00:00+00:00,258.82,1.58,-0.06,1.61,1.44,116.5604,15437.9,9731.175781,152186.0,0.0,3.6,13.68,4182689.0,411.237,2020-01-01 00:00:00+00:00,2020-02-13 00:00:00+00:00,2020-02-13 00:00:00+00:00,2020-02-13 00:00:00+00:00,2020-02-13 00:00:00+00:00,2020-02-07 00:00:00+00:00,2020-01-01 00:00:00+00:00,2020-02-14 00:00:00+00:00,2020-01-01 00:00:00+00:00,2020-02-14 00:00:00+00:00,2020-01-01 00:00:00+00:00,2020-02-14 00:00:00+00:00,2020-02-12 00:00:00+00:00,2020-02-12 00:00:00+00:00,0.00018275457527128225,0.03702382197600507,0.01570774448876122,0.06494150686553901,0.0015848437051388942,0.010648799266469666,0.1294106424486312,0.26411715875739894,0.006002835358067671,0.02403667677034793,0.07386689001732982,0.13554372706308015,0.03276055977974046,0.037577371017233574,-27.055,-5.271,-0.22999999999999998,-1.05,0.0,-0.3999999999999999,0.030000000000000027,-0.8199999999999998,-0.17000000000000015,-1.06,-0.27,-0.8700000000000001,1.2199999999999989,-1.2300000000000004,0.17000000000000015,1.6700000000000002,4182277.763,0.03946341328527936,0.038877618424320914,47,5,5,3,4,4,4,4,10.0,3,3,47,47,47
2020-02-24 00:00:00+00:00,258.82,1.58,-0.15,1.46,1.34,117.0919,15438.1,9221.280273,152186.0,0.592,3.6,25.03,4171570.0,428.805,2020-01-01 00:00:00+00:00,2020-02-21 00:00:00+00:00,2020-02-21 00:00:00+00:00,2020-02-21 00:00:00+00:00,2020-02-21 00:00:00+00:00,2020-02-21 00:00:00+00:00,2020-01-01 00:00:00+00:00,2020-02-24 00:00:00+00:00,2020-01-01 00:00:00+00:00,2020-02-24 00:00:00+00:00,2020-01-01 00:00:00+00:00,2020-02-24 00:00:00+00:00,2020-02-19 00:00:00+00:00,2020-02-19 00:00:00+00:00,0.0006381640229715657,0.03873645874608567,0.015760181011364338,0.06505815010050142,0.0015848437051388942,0.010648799266469666,0.0659809802575193,0.19937576884516872,0.006002835358067671,0.02403667677034793,0.15071252961747916,0.2501727028931402,0.034464303103405314,0.04665392417008363,0.592,-0.783,-0.31000000000000005,-1.19,0.0,-0.3999999999999999,0.030000000000000027,-0.8199999999999998,-0.27,-1.14,-0.3,-0.89,13.160000000000002,10.180000000000001,0.11999999999999988,1.6099999999999999,4170549.195,0.0343110833339999,0.04683849885057256,54,5,5,0,3,3,3,3,3.0,0,0,54,54,54
2020-03-02 00:00:00+00:00,258.82,1.58,-0.28,1.13,0.86,117.7687,15438.7,8952.165039,152186.0,2.525,3.6,33.42,4158637.0,439.365,2020-01-01 00:00:00+00:00,2020-02-28 00:00:00+00:00,2020-02-28 00:00:00+00:00,2020-02-28 00:00:00+00:00,2020-02-28 00:00:00+00:00,2020-02-28 00:00:00+00:00,2020-01-01 00:00:00+00:00,2020-03-02 00:00:00+00:00,2020-01-01 00:00:00+00:00,2020-03-02 00:00:00+00:00,2020-01-01 00:00:00+00:00,2020-03-02 00:00:00+00:00,2020-02-26 00:00:00+00:00,2020-02-26 00:00:00+00:00,0.004680257492739592,0.04212263356305712,0.015910917791925883,0.06508318851844308,0.0015848437051388942,0.010648799266469666,0.043862555363293865,0.1667028390492007,0.006002835358067671,0.02403667677034793,0.19661599263132423,0.3469083044438399,0.025760870536823077,0.045265778222873365,2.51,-0.3919999999999999,-0.6500000000000001,-1.63,0.0,-0.3999999999999999,0.020000000000000018,-0.8199999999999998,-0.7500000000000001,-1.69,-0.45000000000000007,-1.08,18.51,18.79,0.2699999999999999,1.41,4155672.635,0.02514055845992047,0.045365084706407544,61,5,5,0,3,3,3,3,3.0,0,0,61,61,61
2020-03-09 00:00:00+00:00,258.82,1.09,-0.57,0.74,0.49,116.8982,15438.8,7950.675781,152544.0,2.504,3.5,54.46,4241507.0,374.515,2020-01-01 00:00:00+00:00,2020-03-06 00:00:00+00:00,2020-03-06 00:00:00+00:00,2020-03-06 00:00:00+00:00,2020-03-06 00:00:00+00:00,2020-03-06 00:00:00+00:00,2020-01-01 00:00:00+00:00,2020-03-09 00:00:00+00:00,2020-02-01 00:00:00+00:00,2020-03-09 00:00:00+00:00,2020-02-01 00:00:00+00:00,2020-03-09 00:00:00+00:00,2020-03-04 00:00:00+00:00,2020-03-04 00:00:00+00:00,0.0020397492581070154,0.02762661979842651,0.015917395000249357,0.06508966572676655,0.0019160362296908318,0.01278592381278898,-0.08104009938626255,0.05064238544910005,0.006002835358067671,0.02403667677034793,0.07639065259232769,0.5317997846693592,0.04233368456796072,0.06637069574000698,2.389,2.485,-1.1,-1.8800000000000001,0.0,-0.2999999999999998,-0.45999999999999996,-1.3099999999999998,-1.12,-1.9600000000000002,-0.72,-1.29,38.6,40.13,0.25,1.31,4238628.485,0.0417684333448225,0.06575203931076246,68,5,5,0,3,3,3,3,3.0,0,0,68,37,37
2020-03-16 00:00:00+00:00,259.05,1.1,0.04,0.94,0.49,120.7065,15535.4,6904.591797,152544.0,1.425,3.5,82.69,4311911.0,380.556,2020-02-01 00:00:00+00:00,2020-03-13 00:00:00+00:00,2020-03-13 00:00:00+00:00,2020-03-13 00:00:00+00:00,2020-03-13 00:00:00+00:00,2020-03-13 00:00:00+00:00,2020-02-01 00:00:00+00:00,2020-03-16 00:00:00+00:00,2020-02-01 00:00:00+00:00,2020-03-16 00:00:00+00:00,2020-02-01 00:00:00+00:00,2020-03-16 00:00:00+00:00,2020-03-11 00:00:00+00:00,2020-03-11 00:00:00+00:00,0.04202173109172058,0.06630430345485028,0.013648859657642731,0.07050484911097676,0.0019160362296908318,0.01278592381278898,-0.2441804028936012,-0.1109124142798823,0.004309601127154394,0.023185063931167704,0.15208609962564168,0.436415632926602,0.0514945808822489,0.08222248049085579,0.09699999999999998,-1.744,-0.8800000000000001,-1.65,0.0,-0.2999999999999998,-0.44999999999999996,-1.2999999999999998,-1.12,-1.9400000000000002,-0.07999999999999999,-0.61,70.55,69.59,0.44999999999999996,0.8999999999999999,4310105.444,0.05147990799082969,0.08266388263866631,44,5,5,0,3,3,3,3,3.0,0,0,44,44,44
2020-03-23 00:00:00+00:00,259.05,0.15,0.17,0.92,0.37,125.2308,15535.7,6860.673828,152544.0,26.944,3.5,61.59,4668212.0,362.576,2020-02-01 00:00:00+00:00,2020-03-20 00:00:00+00:00,2020-03-20 00:00:00+00:00,2020-03-20 00:00:00+00:00,2020-03-20 00:00:00+00:00,2020-03-20 00:00:00+00:00,2020-02-01 00:00:00+00:00,2020-03-23 00:00:00+00:00,2020-02-01 00:00:00+00:00,2020-03-23 00:00:00+00:00,2020-02-01 00:00:00+00:00,2020-03-23 00:00:00+00:00,2020-03-18 00:00:00+00:00,2020-03-18 00:00:00+00:00,0.07831545884177427,0.10211154129094346,0.013550720432629504,0.07045509077758538,0.0019160362296908318,0.01278592381278898,-0.26536165253798494,-0.10726989922992658,0.004309601127154394,0.023185063931167704,0.08631759393943383,0.17744730726479663,0.12079267209351485,0.1638384049928785,19.291999999999998,26.814999999999998,-0.9999999999999999,-1.52,0.0,-0.2999999999999998,-1.4000000000000001,-2.2600000000000002,-1.2599999999999998,-1.94,0.020000000000000018,-0.37,48.980000000000004,45.260000000000005,0.55,0.75,4640905.424,0.11685790941142926,0.15808093612193908,51,5,5,0,3,3,3,3,3.0,0,0,51,51,51
2020-03-30 00:00:00+00:00,259.05,0.1,-0.22,0.72,0.25,122.7064,15535.9,7774.150879,152544.0,237.497,3.5,57.08,5254278.0,390.252,2020-02-01 00:00:00+00:00,2020-03-27 00:00:00+00:00,2020-03-27 00:00:00+00:00,2020-03-27 00:00:00+00:00,2020-03-27 00:00:00+00:00,2020-03-27 00:00:00+00:00,2020-02-01 00:00:00+00:00,2020-03-30 00:00:00+00:00,2020-02-01 00:00:00+00:00,2020-03-30 00:00:00+00:00,2020-02-01 00:00:00+00:00,2020-03-30 00:00:00+00:00,2020-03-25 00:00:00+00:00,2020-03-25 00:00:00+00:00,0.06251296985022403,0.07800665126007722,0.01356359392482176,0.07046796426977764,0.0019160362296908318,0.01278592381278898,-0.14040160968377968,-0.007019051741579574,0.004309601127154394,0.023185063931167704,0.059198996231496714,0.22742429952113863,0.23218443961943436,0.2839060078215674,230.972,237.48600000000002,-1.16,-1.6900000000000002,0.0,-0.2999999999999998,-1.45,-2.33,-1.34,-2.02,-0.37,-0.75,42.26,43.68,0.47,0.94,5016390.748,0.18750861281751163,0.23765547967686906,58,5,5,0,3,3,3,3,3.0,0,0,58,58,58
2020-04-06 00:00:00+00:00,259.05,0.05,-0.46,0.62,0.23,124.7315,15536.0,7913.237793,151786.0,144.294,4.4,45.24,5811607.0,429.267,2020-02-01 00:00:00+00:00,2020-04-03 00:00:00+00:00,2020-04-03 00:00:00+00:00,2020-04-03 00:00:00+00:00,2020-04-03 00:00:00+00:00,2020-04-03 00:00:00+00:00,2020-02-01 00:00:00+00:00,2020-04-06 00:00:00+00:00,2020-03-01 00:00:00+00:00,2020-04-06 00:00:00+00:00,2020-03-01 00:00:00+00:00,2020-04-06 00:00:00+00:00,2020-04-01 00:00:00+00:00,2020-04-01 00:00:00+00:00,0.08096872445814096,0.09575980645218607,0.013570030608772043,0.07047440095372792,-0.0030654086982959683,0.006411083353107472,-0.13659672828213232,-0.005123309189666969,0.004309601127154394,0.023185063931167704,0.1152118971945102,0.3249005376791345,0.3310719223613674,0.389816899228272,140.46900000000002,144.01000000000002,-1.1800000000000002,-1.88,0.9000000000000004,0.6000000000000005,-1.5,-2.3600000000000003,-1.3,-2.12,-0.49,-1.06,31.39,32.06,0.39,1.08,5666883.733,0.30686279554396556,0.36475012763584225,65,5,5,0,3,3,3,3,3.0,0,0,65,36,36
2020-04-13 00:00:00+00:00,257.953,0.05,-0.5,0.73,0.23,122.4423,15536.0,8192.424805,151786.0,6.1,4.4,41.17,6083141.0,698.578,2020-03-01 00:00:00+00:00,2020-04-10 00:00:00+00:00,2020-04-09 00:00:00+00:00,2020-04-09 00:00:00+00:00,2020-04-09 00:00:00+00:00,2020-04-10 00:00:00+00:00,2020-02-01 00:00:00+00:00,2020-04-13 00:00:00+00:00,2020-03-01 00:00:00+00:00,2020-04-13 00:00:00+00:00,2020-03-01 00:00:00+00:00,2020-04-13 00:00:00+00:00,2020-04-08 00:00:00+00:00,2020-04-08 00:00:00+00:00,0.06178211184584814,0.08255295497188264,0.013570030608772043,0.06839076501542252,-0.003925454379684723,0.006411083353107472,-0.12399749187302156,0.026771359907007408,6.590565027053685e-05,0.014860623290448238,0.6436795426913227,0.978350143306038,0.3825227257348853,0.43515702807544265,5.1,6.082,-1.1,-1.83,0.9000000000000004,0.6000000000000005,-1.49,-2.3600000000000003,-1.33,-2.17,-0.5700000000000001,-1.1099999999999999,28.85,28.85,0.5,1.23,6076342.422,0.3817339794885086,0.4341100765952106,72,5,5,0,3,4,4,4,3.0,0,0,43,43,43
2020-04-20 00:00:00+00:00,257.953,0.05,-0.36,0.65,0.2,123.1802,16103.9,8560.727539,151786.0,31.0,4.4,43.83,6367887.0,889.815,2020-03-01 00:00:00+00:00,2020-04-17 00:00:00+00:00,2020-04-17 00:00:00+00:00,2020-04-17 00:00:00+00:00,2020-04-17 00:00:00+00:00,2020-04-17 00:00:00+00:00,2020-03-01 00:00:00+00:00,2020-04-20 00:00:00+00:00,2020-03-01 00:00:00+00:00,2020-04-20 00:00:00+00:00,2020-03-01 00:00:00+00:00,2020-04-20 00:00:00+00:00,2020-04-15 00:00:00+00:00,2020-04-15 00:00:00+00:00,0.0677905371319687,0.08566333839228335,0.04457709297468604,0.10710834107582023,-0.003925454379684723,0.006411083353107472,-0.09234768320314579,0.0658371920339551,-0.0021221646290419116,0.014860623290448238,0.9302643902077463,1.1375985086582734,0.421949773014779,0.48216350005819386,14.850000000000001,29.883,-1.1600000000000001,-1.92,0.9000000000000004,0.6000000000000005,-1.49,-2.39,-1.3800000000000001,-2.1799999999999997,-0.43,-0.98,31.729999999999997,31.74,0.45,1.01,6335997.185,0.42088863545726163,0.4774997148658908,50,5,5,0,3,3,3,3,3.0,0,0,50,50,50
2020-04-27 00:00:00+00:00,257.953,0.05,-0.51,0.6,0.22,124.5055,16103.6,8730.164063,151786.0,16.476,4.4,33.29,6573136.0,901.331,2020-03-01 00:00:00+00:00,2020-04-24 00:00:00+00:00,2020-04-24 00:00:00+00:00,2020-04-24 00:00:00+00:00,2020-04-24 00:00:00+00:00,2020-04-24 00:00:00+00:00,2020-03-01 00:00:00+00:00,2020-04-27 00:00:00+00:00,2020-03-01 00:00:00+00:00,2020-04-27 00:00:00+00:00,2020-03-01 00:00:00+00:00,2020-04-27 00:00:00+00:00,2020-04-22 00:00:00+00:00,2020-04-22 00:00:00+00:00,0.07417846889846658,0.08975184600995156,0.050027298612212334,0.10709662360825156,-0.003925454379684723,0.006411083353107472,-0.045800680537981364,0.06731293284962092,-0.0021221646290419116,0.014860623290448238,0.8026037320416295,0.8673870383525486,0.46086825126083397,0.5147911506763201,16.474,15.860999999999999,-1.1,-1.9099999999999997,0.9000000000000004,0.6000000000000005,-1.5,-2.39,-1.27,-2.0599999999999996,-0.53,-1.05,15.059999999999999,20.18,0.38,1.1099999999999999,6555758.669,0.45831897933838484,0.5123969284812375,57,5,5,0,3,3,3,3,3.0,0,0,57,57,57
2020-05-04 00:00:00+00:00,257.953,0.05,-0.42,0.64,0.2,123.5227,16103.6,8710.714844,151786.0,4.85,4.4,35.97,6655929.0,997.507,2020-03-01 00:00:00+00:00,2020-05-01 00:00:00+00:00,2020-05-01 00:00:00+00:00,2020-05-01 00:00:00+00:00,2020-05-01 00:00:00+00:00,2020-05-01 00:00:00+00:00,2020-03-01 00:00:00+00:00,2020-05-04 00:00:00+00:00,2020-03-01 00:00:00+00:00,2020-05-04 00:00:00+00:00,2020-03-01 00:00:00+00:00,2020-05-04 00:00:00+00:00,2020-04-29 00:00:00+00:00,2020-04-29 00:00:00+00:00,0.0646899217759298,0.08345538792589302,0.049994657381764895,0.10709662360825156,-0.003925454379684723,0.004562856031673945,-0.06259648050139077,0.06981872995866745,-0.0021221646290419116,0.014860623290448238,0.8366923843037464,0.9125503935451134,0.4720070081821337,0.5371783163667345,-1.3100000000000005,4.7829999999999995,-0.87,-1.9,0.9000000000000004,0.8000000000000003,-1.54,-2.35,-1.1300000000000001,-2.13,-0.27999999999999997,-1.05,18.0,20.53,0.44,1.06,6650081.493,0.4727171676784039,0.5364195853560378,64,5,5,0,3,3,3,3,3.0,0,0,64,64,64
2020-05-11 00:00:00+00:00,257.953,0.05,-0.43,0.69,0.16,122.8787,16103.6,9204.880859,131045.0,0.123,14.7,27.57,6721420.0,1127.49,2020-03-01 00:00:00+00:00,2020-05-08 00:00:00+00:00,2020-05-08 00:00:00+00:00,2020-05-08 00:00:00+00:00,2020-05-08 00:00:00+00:00,2020-05-08 00:00:00+00:00,2020-03-01 00:00:00+00:00,2020-05-11 00:00:00+00:00,2020-04-01 00:00:00+00:00,2020-05-11 00:00:00+00:00,2020-04-01 00:00:00+00:00,2020-05-11 00:00:00+00:00,2020-05-06 00:00:00+00:00,2020-05-06 00:00:00+00:00,0.05278809632626391,0.07555641425758441,0.049988129263526915,0.10708971187454708,-0.14956268130051775,-0.14236800239777025,-0.04498201650313227,0.1854173286609857,-0.0021221646290419116,0.011678572073343219,1.0035222519576843,1.1745213861513601,0.47817340614285975,0.5463207804940016,-0.707,0.011999999999999997,-0.9000000000000001,-1.7800000000000002,11.1,11.1,-1.53,-2.33,-1.25,-2.0999999999999996,-0.36,-1.02,12.530000000000001,7.02,0.5299999999999999,1.1199999999999999,6720169.51,0.47828578224601337,0.5462527440427589,71,5,5,0,3,3,3,3,3.0,0,0,71,40,40
2020-05-18 00:00:00+00:00,255.902,0.05,-0.45,0.64,0.16,123.9765,17176.1,9234.828125,131045.0,0.578,14.7,29.3,6934227.0,1177.494,2020-04-01 00:00:00+00:00,2020-05-15 00:00:00+00:00,2020-05-15 00:00:00+00:00,2020-05-15 00:00:00+00:00,2020-05-15 00:00:00+00:00,2020-05-15 00:00:00+00:00,2020-04-01 00:00:00+00:00,2020-05-18 00:00:00+00:00,2020-04-01 00:00:00+00:00,2020-05-18 00:00:00+00:00,2020-04-01 00:00:00+00:00,2020-05-18 00:00:00+00:00,2020-05-13 00:00:00+00:00,2020-05-13 00:00:00+00:00,0.06168243792550143,0.07643811101637521,0.10669335765316035,0.16846030249528177,-0.14956268130051775,-0.14236800239777025,-0.05235272748238984,0.18084197160701265,-0.011338280705372128,0.003695732977582189,1.051974039698493,1.291060926593163,0.5055152428213834,0.5845728458184603,0.578,-7.527,-0.9700000000000001,-1.75,11.1,11.1,-1.53,-2.3400000000000003,-1.28,-2.04,-0.39,-1.03,15.620000000000001,12.990000000000002,0.48,1.09,6932471.506,0.5053603707937899,0.5865029719435864,47,5,5,0,3,3,3,3,3.0,0,0,47,47,47
2020-05-25 00:00:00+00:00,255.902,0.05,-0.46,0.68,0.17,123.9765,17176.9,9324.586914,131045.0,0.001,14.7,28.16,7037258.0,1194.41,2020-04-01 00:00:00+00:00,2020-05-21 00:00:00+00:00,2020-05-21 00:00:00+00:00,2020-05-21 00:00:00+00:00,2020-05-21 00:00:00+00:00,2020-05-15 00:00:00+00:00,2020-04-01 00:00:00+00:00,2020-05-22 00:00:00+00:00,2020-04-01 00:00:00+00:00,2020-05-22 00:00:00+00:00,2020-04-01 00:00:00+00:00,2020-05-22 00:00:00+00:00,2020-05-20 00:00:00+00:00,2020-05-20 00:00:00+00:00,0.0571329349525147,0.07643811101637521,0.10672697786989183,0.16850687775800388,-0.14956268130051775,-0.14236800239777025,0.01114077961036486,0.19964865903174633,-0.011338280705372128,0.003695732977582189,1.0244053484581155,1.44044140183082,0.5229261419094069,0.6004387342354551,-0.591,-5.955,-0.7799999999999999,-1.63,11.1,11.1,-1.53,-2.33,-1.1700000000000002,-1.9500000000000002,-0.31000000000000005,-1.04,3.129999999999999,12.31,0.51,1.1400000000000001,7036062.59,0.5230009939374227,0.6018862622766097,54,5,5,3,4,4,4,4,10.0,3,3,54,54,54
2020-06-01 00:00:00+00:00,255.902,0.05,-0.5,0.65,0.16,121.2796,17177.0,9552.048828,131045.0,0.0,14.7,28.23,7097316.0,1310.491,2020-04-01 00:00:00+00:00,2020-05-29 00:00:00+00:00,2020-05-29 00:00:00+00:00,2020-05-29 00:00:00+00:00,2020-05-29 00:00:00+00:00,2020-05-29 00:00:00+00:00,2020-04-01 00:00:00+00:00,2020-06-01 00:00:00+00:00,2020-04-01 00:00:00+00:00,2020-06-01 00:00:00+00:00,2020-04-01 00:00:00+00:00,2020-06-01 00:00:00+00:00,2020-05-27 00:00:00+00:00,2020-05-27 00:00:00+00:00,0.02937609240785921,0.05232424147210413,0.10669393549420647,0.16849202888937853,-0.14956268130051775,-0.14236800239777025,0.06486026161458547,0.26436836244716844,-0.011338280705372128,0.003695732977582189,1.0928266524278767,1.66562800703253,0.5345293080522904,0.6112685414921071,-2.525,-1.255,-0.47999999999999987,-1.4900000000000002,11.1,11.1,-1.53,-2.35,-0.7,-1.79,-0.21999999999999997,-0.9,-5.190000000000001,9.370000000000001,0.49,1.15,7096005.509,0.5350577204746081,0.6114741399299426,61,5,5,0,3,3,3,3,3.0,0,0,61,61,61
2020-06-08 00:00:00+00:00,255.902,0.07,-0.36,0.91,0.22,119.0893,17177.0,9924.745117,132912.0,0.0,13.3,25.81,7165217.0,1434.823,2020-04-01 00:00:00+00:00,2020-06-05 00:00:00+00:00,2020-06-05 00:00:00+00:00,2020-06-05 00:00:00+00:00,2020-06-05 00:00:00+00:00,2020-06-05 00:00:00+00:00,2020-04-01 00:00:00+00:00,2020-06-08 00:00:00+00:00,2020-05-01 00:00:00+00:00,2020-06-08 00:00:00+00:00,2020-05-01 00:00:00+00:00,2020-06-08 00:00:00+00:00,2020-06-03 00:00:00+00:00,2020-06-03 00:00:00+00:00,0.0185701612715663,0.04230857383748177,0.106687458285883,0.1684713586927007,-0.13776582392569914,-0.1282215229660384,0.2217742163837091,0.23794143693187486,-0.011338280705372128,0.003695732977582189,1.3431649200786762,1.8587681024639338,0.5243197163107371,0.6217770741041857,-2.504,-2.105,0.17000000000000004,-1.1799999999999997,9.8,9.700000000000001,-1.02,-2.3000000000000003,-0.27,-1.6300000000000001,0.20999999999999996,-0.71,-28.650000000000002,9.87,0.6900000000000001,1.27,7163782.177,0.524798332118543,0.6221822001391359,68,5,5,0,3,3,3,3,3.0,0,0,68,38,38
2020-06-15 00:00:00+00:00,255.768,0.08,-0.5,0.71,0.19,119.9954,18042.8,9726.023438,132912.0,0.003,13.3,34.4,7168936.0,1506.558,2020-05-01 00:00:00+00:00,2020-06-12 00:00:00+00:00,2020-06-12 00:00:00+00:00,2020-06-12 00:00:00+00:00,2020-06-12 00:00:00+00:00,2020-06-12 00:00:00+00:00,2020-05-01 00:00:00+00:00,2020-06-15 00:00:00+00:00,2020-05-01 00:00:00+00:00,2020-06-15 00:00:00+00:00,2020-05-01 00:00:00+00:00,2020-06-15 00:00:00+00:00,2020-06-10 00:00:00+00:00,2020-06-10 00:00:00+00:00,-0.00590857046644544,0.048455374048795186,0.1496254224097715,0.21086938643538033,-0.13776582392569914,-0.1282215229660384,0.3426184537108927,0.21492568578700677,-0.012750309674032678,0.0023995799528968575,1.3759495164206728,2.083484063441923,0.5083760541854243,0.6216957875852032,-1.4220000000000002,-2.266,-0.22999999999999998,-1.38,9.8,9.700000000000001,-1.02,-2.28,-0.3,-1.6500000000000001,-0.54,-0.96,-48.29,19.049999999999997,0.52,1.21,7167426.442,0.5085842872274959,0.6221234747363624,45,5,5,0,3,3,3,3,3.0,0,0,45,45,45
2020-06-22 00:00:00+00:00,255.768,0.09,-0.6,0.7,0.19,120.5752,18044.0,10056.474609,132912.0,0.01,13.3,31.77,7094690.0,1560.85,2020-05-01 00:00:00+00:00,2020-06-19 00:00:00+00:00,2020-06-19 00:00:00+00:00,2020-06-19 00:00:00+00:00,2020-06-19 00:00:00+00:00,2020-06-19 00:00:00+00:00,2020-05-01 00:00:00+00:00,2020-06-22 00:00:00+00:00,2020-05-01 00:00:00+00:00,2020-06-22 00:00:00+00:00,2020-05-01 00:00:00+00:00,2020-06-22 00:00:00+00:00,2020-06-17 00:00:00+00:00,2020-06-17 00:00:00+00:00,-0.037884810128865354,0.048469958870446916,0.149672618173323,0.21086746053004823,-0.13776582392569914,-0.1282215229660384,0.38241100420331975,0.22806340330248354,-0.012750309674032678,0.0023995799528968575,1.4597517161571485,2.062710709494916,0.41857048792748763,0.6128289634857946,-26.933999999999997,-11.146,-0.22000000000000008,-1.3699999999999999,9.8,9.700000000000001,-0.06,-2.29,-0.18,-1.58,-0.77,-0.94,-29.820000000000004,16.509999999999998,0.51,1.2999999999999998,7093119.15,0.42421569864599284,0.6155656832457499,52,5,5,0,3,3,3,3,3.0,0,0,52,52,52
2020-06-29 00:00:00+00:00,255.768,0.08,-0.68,0.64,0.17,120.923,18044.1,9862.839844,132912.0,0.25,13.3,31.78,7082302.0,1623.942,2020-05-01 00:00:00+00:00,2020-06-26 00:00:00+00:00,2020-06-26 00:00:00+00:00,2020-06-26 00:00:00+00:00,2020-06-26 00:00:00+00:00,2020-06-26 00:00:00+00:00,2020-05-01 00:00:00+00:00,2020-06-29 00:00:00+00:00,2020-05-01 00:00:00+00:00,2020-06-29 00:00:00+00:00,2020-05-01 00:00:00+00:00,2020-06-29 00:00:00+00:00,2020-06-24 00:00:00+00:00,2020-06-24 00:00:00+00:00,-0.014640530700697596,0.05356744128294366,0.1496652866741961,0.21087300252311358,-0.13776582392569914,-0.1282215229660384,0.23796990338149193,0.19800177543488573,-0.012750309674032678,0.0023995799528968575,1.425819121495807,1.877966058544005,0.2985563941710563,0.6155656089356736,-237.247,-15.587,-0.07999999999999996,-1.3599999999999999,9.8,9.700000000000001,-0.020000000000000004,-2.32,-0.07999999999999999,-1.58,-0.4600000000000001,-0.99,-25.299999999999997,17.72,0.47,1.32,7080428.058,0.34462366543195166,0.6195131486283181,59,5,5,0,3,3,3,3,3.0,0,0,59,59,59
2020-07-06 00:00:00+00:00,255.768,0.09,-0.73,0.68,0.16,120.2176,18044.0,10433.650391,137802.0,0.0,11.1,27.94,7009040.0,1657.62,2020-05-01 00:00:00+00:00,2020-07-03 00:00:00+00:00,2020-07-02 00:00:00+00:00,2020-07-02 00:00:00+00:00,2020-07-02 00:00:00+00:00,2020-07-02 00:00:00+00:00,2020-05-01 00:00:00+00:00,2020-07-06 00:00:00+00:00,2020-06-01 00:00:00+00:00,2020-07-06 00:00:00+00:00,2020-06-01 00:00:00+00:00,2020-07-06 00:00:00+00:00,2020-07-01 00:00:00+00:00,2020-07-01 00:00:00+00:00,-0.036859993030102345,0.04322848066050433,0.14965330799718046,0.2109769543266502,-0.09665376183209418,-0.0934996222167559,0.2764991702256143,0.25337192894229155,-0.012750309674032678,0.0023995799528968575,1.351059014675676,1.9106317068190464,0.1873436197482139,0.6087325373068264,-144.294,-6.5,0.06000000000000005,-1.3599999999999999,6.699999999999999,7.3999999999999995,0.039999999999999994,-2.33,-0.07,-1.7100000000000002,-0.26999999999999996,-1.08,-17.3,13.98,0.52,1.4100000000000001,7007382.38,0.21232485856460315,0.6102665150451614,66,5,5,0,3,4,4,4,4.0,0,0,66,35,35
2020-07-13 00:00:00+00:00,255.768,0.09,-0.76,0.65,0.16,119.7092,18044.0,10390.842773,137802.0,0.001,11.1,32.19,6920716.0,1653.098,2020-05-01 00:00:00+00:00,2020-07-10 00:00:00+00:00,2020-07-10 00:00:00+00:00,2020-07-10 00:00:00+00:00,2020-07-10 00:00:00+00:00,2020-07-10 00:00:00+00:00,2020-05-01 00:00:00+00:00,2020-07-13 00:00:00+00:00,2020-06-01 00:00:00+00:00,2020-07-13 00:00:00+00:00,2020-06-01 00:00:00+00:00,2020-07-13 00:00:00+00:00,2020-07-08 00:00:00+00:00,2020-07-08 00:00:00+00:00,-0.022574430187519035,0.04194280223756852,0.14965330799718046,0.20122443381060862,-0.09665376183209418,-0.0934996222167559,0.2377149926492912,0.2297201380188838,-0.00850661419714882,0.0018118747289124215,0.8613595418877464,2.058003373508792,0.12899805806298126,0.5955686071168724,-6.098999999999999,-5.556,-0.07999999999999996,-1.4700000000000002,6.699999999999999,7.3999999999999995,0.039999999999999994,-2.29,-0.07,-1.6800000000000002,-0.26,-1.1099999999999999,-8.980000000000004,19.509999999999998,0.49,1.4100000000000001,6919061.902,0.1298772575151581,0.5968426576038439,73,5,5,0,3,3,3,3,3.0,0,0,73,42,42
2020-07-20 00:00:00+00:00,257.214,0.09,-0.82,0.64,0.14,119.4937,18357.3,10767.091797,137802.0,0.003,11.1,24.46,6958604.0,1655.32,2020-06-01 00:00:00+00:00,2020-07-17 00:00:00+00:00,2020-07-17 00:00:00+00:00,2020-07-17 00:00:00+00:00,2020-07-17 00:00:00+00:00,2020-07-17 00:00:00+00:00,2020-06-01 00:00:00+00:00,2020-07-20 00:00:00+00:00,2020-06-01 00:00:00+00:00,2020-07-20 00:00:00+00:00,2020-06-01 00:00:00+00:00,2020-07-20 00:00:00+00:00,2020-07-15 00:00:00+00:00,2020-07-15 00:00:00+00:00,-0.030384673581217214,0.039342467569285056,0.1309658368737523,0.21738859695217982,-0.09665376183209418,-0.0934996222167559,0.22930924715463874,0.27185592157960414,-0.002868974553468462,0.00744951437259278,0.6207360466444225,2.1285205134685468,0.08871117610612345,0.6028458764493543,-30.997,-14.157,-0.010000000000000009,-1.4099999999999997,6.699999999999999,7.3999999999999995,0.039999999999999994,-2.3200000000000003,-0.06,-1.6600000000000001,-0.45999999999999996,-1.0699999999999998,-19.369999999999997,10.930000000000001,0.5,1.46,6956945.68,0.09349332872240979,0.6063847736661181,49,5,5,0,3,3,3,3,3.0,0,0,49,49,49
2020-07-27 00:00:00+00:00,257.214,0.09,-0.92,0.59,0.14,118.5106,18166.6,10536.266602,137802.0,0.0,11.1,24.74,6964755.0,1804.944,2020-06-01 00:00:00+00:00,2020-07-24 00:00:00+00:00,2020-07-24 00:00:00+00:00,2020-07-24 00:00:00+00:00,2020-07-24 00:00:00+00:00,2020-07-24 00:00:00+00:00,2020-06-01 00:00:00+00:00,2020-07-27 00:00:00+00:00,2020-06-01 00:00:00+00:00,2020-07-27 00:00:00+00:00,2020-06-01 00:00:00+00:00,2020-07-27 00:00:00+00:00,2020-07-22 00:00:00+00:00,2020-07-22 00:00:00+00:00,-0.04934748358439389,0.02536224944097576,0.1205418937900049,0.2069392544843982,-0.09665376183209418,-0.0934996222167559,0.18803910534371937,0.23937179903750838,-0.002868974553468462,0.00744951437259278,0.6944122856209525,2.233720765612305,0.05787139096189975,0.6049575620271082,-16.476,-3.928,-0.010000000000000009,-1.4900000000000002,6.699999999999999,7.3999999999999995,0.039999999999999994,-2.31,-0.07999999999999999,-1.7200000000000002,-0.41000000000000003,-1.22,-8.55,11.909999999999998,0.44999999999999996,1.51,6962950.056,0.060259393668024686,0.6057825511195762,56,5,5,0,3,3,3,3,3.0,0,0,56,56,56
2020-08-03 00:00:00+00:00,257.214,0.1,-1.0,0.55,0.11,117.601,18166.8,10902.796875,137802.0,0.0,11.1,24.28,6949032.0,1816.687,2020-06-01 00:00:00+00:00,2020-07-31 00:00:00+00:00,2020-07-31 00:00:00+00:00,2020-07-31 00:00:00+00:00,2020-07-31 00:00:00+00:00,2020-07-31 00:00:00+00:00,2020-06-01 00:00:00+00:00,2020-08-03 00:00:00+00:00,2020-06-01 00:00:00+00:00,2020-08-03 00:00:00+00:00,2020-06-01 00:00:00+00:00,2020-08-03 00:00:00+00:00,2020-07-29 00:00:00+00:00,2020-07-29 00:00:00+00:00,-0.04912740601612331,0.011988997347168961,0.12055290294411591,0.2069570338212703,-0.09665376183209418,-0.09431220339571134,0.2244654912186661,0.3444229037552997,-0.002868974553468462,0.00744951437259278,0.5995106253038376,2.406349530909919,0.04309433290601383,0.609115954030095,-4.85,-3.474,-0.08999999999999997,-1.31,6.699999999999999,7.3999999999999995,0.05,-2.04,-0.09000000000000001,-1.6099999999999999,-0.5800000000000001,-1.2,-11.689999999999998,-0.3099999999999987,0.44000000000000006,1.55,6947215.313,0.04371179571763939,0.6098175530680638,63,5,5,0,3,3,3,3,3.0,0,0,63,63,63
2020-08-10 00:00:00+00:00,257.214,0.1,-1.04,0.57,0.13,118.0417,18166.7,10968.357422,139582.0,0.008,10.2,22.13,6945237.0,1745.228,2020-06-01 00:00:00+00:00,2020-08-07 00:00:00+00:00,2020-08-07 00:00:00+00:00,2020-08-07 00:00:00+00:00,2020-08-07 00:00:00+00:00,2020-08-07 00:00:00+00:00,2020-06-01 00:00:00+00:00,2020-08-10 00:00:00+00:00,2020-07-01 00:00:00+00:00,2020-08-10 00:00:00+00:00,2020-07-01 00:00:00+00:00,2020-08-10 00:00:00+00:00,2020-08-05 00:00:00+00:00,2020-08-05 00:00:00+00:00,-0.040159738047622184,0.01293983330416637,0.12054739838221096,0.20691090885031116,0.06311146652175381,-0.08147783347130755,0.17528065791188396,0.3327940307557178,-0.002868974553468462,0.00744951437259278,0.4368912829692677,2.5840835047814483,0.03275665915787762,0.6079239734957209,-0.11499999999999999,-5.422,-0.12,-1.17,-4.5,6.499999999999999,0.05,-2.02,-0.03,-1.5,-0.6100000000000001,-1.12,-5.440000000000001,1.0399999999999991,0.43999999999999995,1.6099999999999999,6943483.772,0.03269025408541282,0.6091433381235571,70,5,5,0,3,3,3,3,3.0,0,0,70,40,40
2020-08-17 00:00:00+00:00,258.723,0.1,-0.94,0.71,0.14,117.3451,18326.8,11129.724609,139582.0,0.054,10.2,21.35,6957277.0,1669.733,2020-07-01 00:00:00+00:00,2020-08-14 00:00:00+00:00,2020-08-14 00:00:00+00:00,2020-08-14 00:00:00+00:00,2020-08-14 00:00:00+00:00,2020-08-14 00:00:00+00:00,2020-07-01 00:00:00+00:00,2020-08-17 00:00:00+00:00,2020-07-01 00:00:00+00:00,2020-08-17 00:00:00+00:00,2020-07-01 00:00:00+00:00,2020-08-17 00:00:00+00:00,2020-08-12 00:00:00+00:00,2020-08-12 00:00:00+00:00,-0.05497286552277014,0.0015521848407917815,0.06484558677853869,0.20887749497366492,0.06311146652175381,-0.08147783347130755,0.1866374196381475,0.3298264404369977,0.010963432620726188,0.009951838257975076,0.34927528205288283,2.553215385880467,0.0033185781977334017,0.6084733550275274,-0.5239999999999999,-13.349,0.06999999999999995,-0.8400000000000001,-4.5,6.499999999999999,0.05,-2.03,-0.01999999999999999,-1.3399999999999999,-0.48999999999999994,-0.95,-7.949999999999999,4.470000000000002,0.57,1.65,6955553.267,0.003323983450425061,0.6118064248370771,47,5,5,0,3,3,3,3,3.0,0,0,47,47,47
2020-08-24 00:00:00+00:00,258.723,0.09,-1.0,0.64,0.16,117.4606,18327.0,11366.543945,139582.0,0.0,10.2,22.37,7010637.0,1643.505,2020-07-01 00:00:00+00:00,2020-08-21 00:00:00+00:00,2020-08-21 00:00:00+00:00,2020-08-21 00:00:00+00:00,2020-08-21 00:00:00+00:00,2020-08-21 00:00:00+00:00,2020-07-01 00:00:00+00:00,2020-08-24 00:00:00+00:00,2020-07-01 00:00:00+00:00,2020-08-24 00:00:00+00:00,2020-07-01 00:00:00+00:00,2020-08-24 00:00:00+00:00,2020-08-19 00:00:00+00:00,2020-08-19 00:00:00+00:00,-0.053989073312312286,0.0003951041201837313,0.06480992443616884,0.20895565015445783,0.06311146652175381,-0.08147783347130755,0.19801963315360638,0.36968510156189005,0.010963432620726188,0.009951838257975076,0.31917881679296034,2.5704894533294187,-0.0037900385596838504,0.6217162974544763,-0.001,-3.676,-0.040000000000000036,-0.88,-4.5,6.499999999999999,0.039999999999999994,-2.0300000000000002,-0.010000000000000009,-1.35,-0.54,-0.98,-5.789999999999999,3.0500000000000007,0.48,1.6400000000000001,7008993.495,-0.0038546130898033937,0.6224921402134207,54,5,5,0,3,3,3,3,3.0,0,0,54,54,54
2020-08-31 00:00:00+00:00,258.723,0.09,-1.03,0.74,0.14,116.3198,18327.0,11775.456055,139582.0,0.011,10.2,26.41,6990418.0,1622.69,2020-07-01 00:00:00+00:00,2020-08-28 00:00:00+00:00,2020-08-28 00:00:00+00:00,2020-08-28 00:00:00+00:00,2020-08-28 00:00:00+00:00,2020-08-28 00:00:00+00:00,2020-07-01 00:00:00+00:00,2020-08-31 00:00:00+00:00,2020-07-01 00:00:00+00:00,2020-08-31 00:00:00+00:00,2020-07-01 00:00:00+00:00,2020-08-31 00:00:00+00:00,2020-08-26 00:00:00+00:00,2020-08-26 00:00:00+00:00,-0.04175532934663018,-0.009364559694099661,0.06480410268085102,0.2089489257249415,0.06311146652175381,-0.08147783347130755,0.20926170149180123,0.3912263959038018,0.010963432620726188,0.009951838257975076,0.21368338982584856,2.4085284871772465,-0.015176330235931346,0.6201357585751186,0.011,-12.078000000000001,0.08999999999999997,-0.76,-4.5,6.499999999999999,0.039999999999999994,-2.0300000000000002,-0.01999999999999999,-1.3900000000000001,-0.53,-0.9400000000000001,-1.8200000000000003,7.43,0.6,1.77,6988784.31,-0.015225398694637349,0.6231613575791481,61,5,5,0,3,3,3,3,3.0,0,0,61,61,61
2020-09-07 00:00:00+00:00,258.723,0.09,-1.02,0.63,0.13,116.3198,18326.7,11313.133789,140914.0,0.0,8.4,30.75,7017492.0,1639.159,2020-07-01 00:00:00+00:00,2020-09-03 00:00:00+00:00,2020-09-03 00:00:00+00:00,2020-09-03 00:00:00+00:00,2020-09-03 00:00:00+00:00,2020-08-28 00:00:00+00:00,2020-07-01 00:00:00+00:00,2020-09-04 00:00:00+00:00,2020-08-01 00:00:00+00:00,2020-09-04 00:00:00+00:00,2020-08-01 00:00:00+00:00,2020-09-04 00:00:00+00:00,2020-09-02 00:00:00+00:00,2020-09-02 00:00:00+00:00,-0.02353033746620703,-0.007850820692035576,0.06478773325566323,0.20893928072927004,0.05846252012102937,-0.07270644018148786,0.1309331876669404,0.3356524615222458,0.010963432620726188,0.009951838257975076,0.1331418087724332,2.399738769135652,-0.020832457688443995,0.6235859484191355,0.0,-2.787,-0.28,-0.92,-4.9,4.7,0.01999999999999999,-2.0300000000000002,-0.09,-1.4,-0.66,-1.03,4.940000000000001,15.48,0.5,1.65,7015852.841,-0.02086579843771119,0.6241331128724283,68,5,5,3,4,4,4,4,10.0,3,3,68,37,37
2020-09-14 00:00:00+00:00,259.681,0.09,-0.98,0.67,0.13,116.4578,18411.8,11056.651367,140914.0,0.001,8.4,25.85,7010614.0,1611.083,2020-08-01 00:00:00+00:00,2020-09-11 00:00:00+00:00,2020-09-11 00:00:00+00:00,2020-09-11 00:00:00+00:00,2020-09-11 00:00:00+00:00,2020-09-11 00:00:00+00:00,2020-08-01 00:00:00+00:00,2020-09-14 00:00:00+00:00,2020-08-01 00:00:00+00:00,2020-09-14 00:00:00+00:00,2020-08-01 00:00:00+00:00,2020-09-14 00:00:00+00:00,2020-09-09 00:00:00+00:00,2020-09-09 00:00:00+00:00,-0.029924433089643543,-0.0035802900502384105,0.020245050181440405,0.2080931901451759,0.05846252012102937,-0.07270644018148786,0.1282270587315022,0.30457962762746327,0.015183171065508816,0.013105321282247395,0.06707904498105233,2.162459135565296,-0.022331961135762413,0.6204370260716541,-0.002,-2.201,-0.039999999999999925,-1.23,-4.9,4.7,0.009999999999999995,-2.0500000000000003,-0.06,-1.6600000000000001,-0.48,-1.21,-8.549999999999997,11.180000000000001,0.54,1.65,7009001.917,-0.02235134498544511,0.6208405534925063,44,5,5,0,3,3,3,3,3.0,0,0,44,44,44
2020-09-21 00:00:00+00:00,259.681,0.09,-0.97,0.7,0.14,115.5932,18411.8,10778.797852,140914.0,0.054,8.4,27.78,7064475.0,1614.855,2020-08-01 00:00:00+00:00,2020-09-18 00:00:00+00:00,2020-09-18 00:00:00+00:00,2020-09-18 00:00:00+00:00,2020-09-18 00:00:00+00:00,2020-09-18 00:00:00+00:00,2020-08-01 00:00:00+00:00,2020-09-21 00:00:00+00:00,2020-08-01 00:00:00+00:00,2020-09-21 00:00:00+00:00,2020-08-01 00:00:00+00:00,2020-09-21 00:00:00+00:00,2020-09-16 00:00:00+00:00,2020-09-16 00:00:00+00:00,-0.042196493693605674,-0.014550202031334614,0.02017854386885709,0.208059752150918,0.05846252012102937,-0.07270644018148786,0.069364375977095,0.28417965546152857,0.015183171065508816,0.013105321282247395,0.03401462469454586,1.8646359388439295,-0.004267913519484523,0.6083844273824308,0.044,-7.431,0.0,-1.04,-4.9,4.7,0.0,-1.8099999999999998,-0.04999999999999999,-1.5499999999999998,-0.37,-1.1,-3.9899999999999984,12.870000000000001,0.5599999999999999,1.67,7062806.145,-0.0042827368329927396,0.6101621159990369,51,5,5,0,3,3,3,3,3.0,0,0,51,51,51
2020-09-28 00:00:00+00:00,259.681,0.09,-0.92,0.66,0.12,118.265,18411.8,11117.525391,140914.0,0.0,8.4,26.19,7093161.0,1680.688,2020-08-01 00:00:00+00:00,2020-09-25 00:00:00+00:00,2020-09-25 00:00:00+00:00,2020-09-25 00:00:00+00:00,2020-09-25 00:00:00+00:00,2020-09-25 00:00:00+00:00,2020-08-01 00:00:00+00:00,2020-09-28 00:00:00+00:00,2020-08-01 00:00:00+00:00,2020-09-28 00:00:00+00:00,2020-08-01 00:00:00+00:00,2020-09-28 00:00:00+00:00,2020-09-23 00:00:00+00:00,2020-09-23 00:00:00+00:00,-0.0222261101735306,0.003752858225418265,0.02017300187579174,0.2080530646862364,0.05846252012102937,-0.07270644018148786,0.11974858349830164,0.32916395264713927,0.015183171065508816,0.013105321282247395,0.03434670657670136,1.6769637967142268,0.0015320842958139735,0.6090560411153731,-0.25,-7.057,0.020000000000000018,-1.0299999999999998,-4.9,4.7,0.009999999999999995,-1.74,-0.05000000000000002,-1.5099999999999998,-0.24,-1.08,-5.59,9.950000000000003,0.54,1.58,7091480.312,0.0015597414197294768,0.610731661596219,58,5,5,0,3,3,3,3,3.0,0,0,58,58,58
2020-10-05 00:00:00+00:00,259.681,0.09,-0.94,0.7,0.13,117.1309,18411.7,11332.485352,141720.0,0.0,7.9,27.96,7056129.0,1679.152,2020-08-01 00:00:00+00:00,2020-10-02 00:00:00+00:00,2020-10-02 00:00:00+00:00,2020-10-02 00:00:00+00:00,2020-10-02 00:00:00+00:00,2020-10-02 00:00:00+00:00,2020-08-01 00:00:00+00:00,2020-10-05 00:00:00+00:00,2020-09-01 00:00:00+00:00,2020-10-05 00:00:00+00:00,2020-09-01 00:00:00+00:00,2020-10-05 00:00:00+00:00,2020-09-30 00:00:00+00:00,2020-09-30 00:00:00+00:00,-0.0260113211888795,-0.00438885263022204,0.020173112554614292,0.20808107114263308,0.02803540773493829,-0.06819661891423756,0.08263721393640111,0.3537101046273623,0.015183171065508816,0.013105321282247395,0.01290606542792716,1.6114033337052494,0.006695856400183331,0.5812370223474606,0.0,-5.65,0.019999999999999907,-0.8200000000000001,-3.1999999999999993,4.4,0.0,-1.73,-0.03,-1.27,-0.20999999999999996,-0.96,0.019999999999999574,10.100000000000001,0.57,1.64,7054449.848,0.006694382782150399,0.5825170089759144,65,5,5,0,3,3,3,3,3.0,0,0,65,34,34
2020-10-12 00:00:00+00:00,259.681,0.09,-0.94,0.78,0.13,117.1309,18411.9,11876.258789,141720.0,0.0,7.9,25.07,7074649.0,1697.074,2020-08-01 00:00:00+00:00,2020-10-08 00:00:00+00:00,2020-10-08 00:00:00+00:00,2020-10-08 00:00:00+00:00,2020-10-08 00:00:00+00:00,2020-10-02 00:00:00+00:00,2020-08-01 00:00:00+00:00,2020-10-12 00:00:00+00:00,2020-09-01 00:00:00+00:00,2020-10-09 00:00:00+00:00,2020-09-01 00:00:00+00:00,2020-10-12 00:00:00+00:00,2020-10-07 00:00:00+00:00,2020-10-07 00:00:00+00:00,-0.021773355601707678,-0.00438885263022204,0.02018397515359993,0.20090185288893103,0.02803540773493829,-0.06819661891423756,0.13361643190589945,0.38799522047301416,0.015183171065508816,0.0128790495757789,0.0262544884375977,1.6740090392420361,0.021998598505993172,0.5828136445481249,-0.001,-2.95,0.13,-0.8899999999999999,-3.1999999999999993,4.4,0.0,-1.73,-0.03,-1.4,-0.17999999999999994,-1.0899999999999999,-7.119999999999997,10.5,0.65,1.72,7072951.926,0.021997724052480905,0.583401476791245,72,5,5,3,4,4,4,4,10.0,0,0,72,41,41
2020-10-19 00:00:00+00:00,260.209,0.09,-0.95,0.76,0.14,116.1411,18658.1,11478.882813,141720.0,0.004,7.9,29.18,7151426.0,1680.998,2020-09-01 00:00:00+00:00,2020-10-16 00:00:00+00:00,2020-10-16 00:00:00+00:00,2020-10-16 00:00:00+00:00,2020-10-16 00:00:00+00:00,2020-10-16 00:00:00+00:00,2020-09-01 00:00:00+00:00,2020-10-19 00:00:00+00:00,2020-09-01 00:00:00+00:00,2020-10-19 00:00:00+00:00,2020-09-01 00:00:00+00:00,2020-10-19 00:00:00+00:00,2020-10-14 00:00:00+00:00,2020-10-14 00:00:00+00:00,-0.02845781908980438,-0.0012279236685071027,0.01625305260105847,0.2162853926869559,0.02803540773493829,-0.06819661891423756,0.06401464364471998,0.34089893683972683,0.011576731027645337,0.01491024918159578,0.015393321044802732,1.6445369657764441,0.027332897863844963,0.5894349948781024,0.001,-18.753999999999998,0.12,-1.0,-3.1999999999999993,4.4,0.0,-1.76,0.0,-1.44,-0.13,-1.1099999999999999,4.719999999999999,15.18,0.62,1.71,7149741.002,0.027335593605506858,0.5940219378762599,48,5,5,0,3,3,3,3,3.0,0,0,48,48,48
2020-10-26 00:00:00+00:00,260.209,0.09,-0.9,0.85,0.18,115.39,18647.9,11358.936523,141720.0,0.001,7.9,32.46,7177265.0,1724.792,2020-09-01 00:00:00+00:00,2020-10-23 00:00:00+00:00,2020-10-23 00:00:00+00:00,2020-10-23 00:00:00+00:00,2020-10-23 00:00:00+00:00,2020-10-23 00:00:00+00:00,2020-09-01 00:00:00+00:00,2020-10-26 00:00:00+00:00,2020-09-01 00:00:00+00:00,2020-10-26 00:00:00+00:00,2020-09-01 00:00:00+00:00,2020-10-26 00:00:00+00:00,2020-10-21 00:00:00+00:00,2020-10-21 00:00:00+00:00,-0.026684712844858183,-0.007031293136348538,0.026148795944129333,0.21578514082842482,0.02803540773493829,-0.06819661891423756,0.07518152494641761,0.31062328629126235,0.011576731027645337,0.01491024918159578,-0.04542310286995299,1.518007230192465,0.030055960538236448,0.5924798061176144,0.001,-0.034999999999999996,0.26,-0.9500000000000001,-3.1999999999999993,4.4,0.0,-1.74,0.03999999999999998,-1.45,0.020000000000000018,-1.05,7.720000000000002,19.35,0.6699999999999999,1.75,7175539.208,0.030074666598432387,0.5923436425446553,55,5,5,0,3,3,3,3,3.0,0,0,55,55,55
2020-11-02 00:00:00+00:00,260.209,0.09,-0.82,0.88,0.14,116.5267,18647.9,10957.61,141720.0,0.0,7.9,37.13,7146306.0,1680.933,2020-09-01 00:00:00+00:00,2020-10-30 00:00:00+00:00,2020-10-30 00:00:00+00:00,2020-10-30 00:00:00+00:00,2020-10-30 00:00:00+00:00,2020-10-30 00:00:00+00:00,2020-09-01 00:00:00+00:00,2020-11-02 00:00:00+00:00,2020-09-01 00:00:00+00:00,2020-11-02 00:00:00+00:00,2020-09-01 00:00:00+00:00,2020-11-02 00:00:00+00:00,2020-10-28 00:00:00+00:00,2020-10-28 00:00:00+00:00,-0.009177107533388629,0.005690395668789705,0.026137786790018325,0.21579179487458333,0.02803540773493829,-0.06966533326309055,0.005014841689483518,0.2618578722600624,0.011576731027645337,0.01491024918159578,-0.07766551620063833,1.4612857952620582,0.02799321054238746,0.5753577080322678,0.0,-3.085,0.32999999999999996,-0.85,-3.1999999999999993,4.300000000000001,-0.010000000000000009,-1.48,0.030000000000000013,-1.42,0.18000000000000005,-0.96,12.850000000000001,24.300000000000004,0.74,1.7,7144625.067,0.02801943023065867,0.5759872712359968,62,5,5,0,3,3,3,3,3.0,0,0,62,62,62
2020-11-09 00:00:00+00:00,260.209,0.09,-0.82,0.83,0.16,114.3423,18648.1,11713.783203,142373.0,0.0,6.9,25.75,7157479.0,1621.346,2020-09-01 00:00:00+00:00,2020-11-06 00:00:00+00:00,2020-11-06 00:00:00+00:00,2020-11-06 00:00:00+00:00,2020-11-06 00:00:00+00:00,2020-11-06 00:00:00+00:00,2020-09-01 00:00:00+00:00,2020-11-09 00:00:00+00:00,2020-10-01 00:00:00+00:00,2020-11-09 00:00:00+00:00,2020-10-01 00:00:00+00:00,2020-11-09 00:00:00+00:00,2020-11-04 00:00:00+00:00,2020-11-04 00:00:00+00:00,-0.03184137079001825,-0.013233454548879031,0.026154016362649912,0.21580251988530996,0.019798132071933594,-0.06506823900169145,0.06575167054520037,0.32360878951688044,0.011576731027645337,0.01491024918159578,-0.07362853767979338,1.4586898398808694,0.030101723106467304,0.5720510128196885,-0.008,-0.805,0.26,-1.0899999999999999,-3.299999999999999,3.3000000000000003,-0.010000000000000009,-1.46,0.03,-1.52,0.22000000000000008,-1.05,3.620000000000001,13.06,0.6699999999999999,1.65,7155857.654,0.030127640604897366,0.5721171270306922,69,5,5,0,3,3,3,3,3.0,0,0,69,39,39
2020-11-16 00:00:00+00:00,260.325,0.09,-0.83,0.89,0.17,114.5851,18811.6,11924.13,142373.0,0.013,6.9,22.45,7175417.0,1600.837,2020-10-01 00:00:00+00:00,2020-11-13 00:00:00+00:00,2020-11-13 00:00:00+00:00,2020-11-13 00:00:00+00:00,2020-11-13 00:00:00+00:00,2020-11-13 00:00:00+00:00,2020-10-01 00:00:00+00:00,2020-11-16 00:00:00+00:00,2020-10-01 00:00:00+00:00,2020-11-16 00:00:00+00:00,2020-10-01 00:00:00+00:00,2020-11-16 00:00:00+00:00,2020-11-11 00:00:00+00:00,2020-11-11 00:00:00+00:00,-0.023801387617153225,-0.016909060639150653,0.026109231417750678,0.21335592033821094,0.019798132071933594,-0.06506823900169145,0.06894465628349167,0.33263999088788054,0.006172859107080875,0.011800846380502605,-0.04213711594338143,1.4329790958253241,0.03087271626225352,0.5724670970611108,-0.041,-27.041999999999998,0.18000000000000005,-0.9500000000000001,-3.299999999999999,3.3000000000000003,-0.010000000000000009,-1.46,0.03,-1.4400000000000002,0.10999999999999999,-1.04,1.0999999999999979,9.989999999999998,0.72,1.72,7173803.163,0.030895569437182857,0.5790433369666772,46,5,5,0,3,3,3,3,3.0,0,0,46,46,46
2020-11-23 00:00:00+00:00,260.325,0.08,-0.86,0.83,0.16,113.7996,18812.0,11880.63,142373.0,0.485,6.9,22.66,7243080.0,1556.892,2020-10-01 00:00:00+00:00,2020-11-20 00:00:00+00:00,2020-11-20 00:00:00+00:00,2020-11-20 00:00:00+00:00,2020-11-20 00:00:00+00:00,2020-11-20 00:00:00+00:00,2020-10-01 00:00:00+00:00,2020-11-23 00:00:00+00:00,2020-10-01 00:00:00+00:00,2020-11-23 00:00:00+00:00,2020-10-01 00:00:00+00:00,2020-11-23 00:00:00+00:00,2020-11-18 00:00:00+00:00,2020-11-18 00:00:00+00:00,-0.03166395145567691,-0.027881925792502926,0.026119581747062526,0.21341666506448753,0.019798132071933594,-0.06506823900169145,0.04423504389596111,0.31937643691745166,0.006172859107080875,0.011800846380502605,-0.05413963012110301,1.440157064747452,0.03261796319572596,0.5862183696488543,0.485,0.485,0.18999999999999995,-0.9400000000000001,-3.299999999999999,3.3000000000000003,-0.009999999999999995,-1.47,0.0,-1.4500000000000002,0.14,-1.01,0.28999999999999915,10.790000000000001,0.6699999999999999,1.69,7241038.108,0.03257047177653405,0.5860279359581533,53,5,5,0,3,3,3,3,3.0,0,0,53,53,53
2020-11-30 00:00:00+00:00,260.325,0.08,-0.91,0.84,0.16,113.4966,18812.0,12198.74,142373.0,0.006,6.9,20.57,7216480.0,1517.215,2020-10-01 00:00:00+00:00,2020-11-27 00:00:00+00:00,2020-11-27 00:00:00+00:00,2020-11-27 00:00:00+00:00,2020-11-27 00:00:00+00:00,2020-11-25 00:00:00+00:00,2020-10-01 00:00:00+00:00,2020-11-30 00:00:00+00:00,2020-10-01 00:00:00+00:00,2020-11-30 00:00:00+00:00,2020-10-01 00:00:00+00:00,2020-11-30 00:00:00+00:00,2020-11-25 00:00:00+00:00,2020-11-25 00:00:00+00:00,-0.02457041386332559,-0.032269393309356964,0.026119581747062526,0.2135285377140459,0.019798132071933594,-0.06506823900169145,0.035315297779048294,0.35329981624872886,0.006172859107080875,0.011800846380502605,-0.06720884855880094,1.4359171863262485,0.031826945223384584,0.5769407935765667,-0.004999999999999999,-0.009,0.09999999999999998,-0.9400000000000001,-3.299999999999999,3.3000000000000003,-0.009999999999999995,-1.48,0.01999999999999999,-1.4500000000000002,0.12,-1.08,-5.84,5.66,0.6799999999999999,1.75,7214956.785,0.031849579937691885,0.5768224601775831,60,5,5,0,3,3,3,3,5.0,0,0,60,60,60
2020-12-07 00:00:00+00:00,260.325,0.09,-0.92,0.97,0.16,112.0953,18812.1,12519.95,142629.0,0.001,6.7,21.3,7222414.0,1531.053,2020-10-01 00:00:00+00:00,2020-12-04 00:00:00+00:00,2020-12-04 00:00:00+00:00,2020-12-04 00:00:00+00:00,2020-12-04 00:00:00+00:00,2020-12-04 00:00:00+00:00,2020-10-01 00:00:00+00:00,2020-12-07 00:00:00+00:00,2020-11-01 00:00:00+00:00,2020-12-07 00:00:00+00:00,2020-11-01 00:00:00+00:00,2020-12-07 00:00:00+00:00,2020-12-02 00:00:00+00:00,2020-12-02 00:00:00+00:00,-0.03699389204082415,-0.039914318977357865,0.02614126691402241,0.213533853455818,0.012097078145282936,-0.065290189429696,0.10135903905012,0.37302634371450694,0.006172859107080875,0.011800846380502605,-0.06822757145550895,1.484469809987928,0.028783356806897586,0.5746042999971515,0.001,-0.114,0.33999999999999997,-0.8700000000000001,-1.7000000000000002,3.2,0.0,-1.46,0.03,-1.4500000000000002,0.09999999999999998,-1.07,-9.45,5.440000000000001,0.8099999999999999,1.8900000000000001,7220881.947,0.0288048186907659,0.5745057857164202,67,5,5,0,3,3,3,3,3.0,0,0,67,36,36
2020-12-14 00:00:00+00:00,260.817,0.09,-0.97,0.9,0.11,112.4621,19086.0,12440.04,142629.0,0.1,6.7,24.72,7242658.0,1534.243,2020-11-01 00:00:00+00:00,2020-12-11 00:00:00+00:00,2020-12-11 00:00:00+00:00,2020-12-11 00:00:00+00:00,2020-12-11 00:00:00+00:00,2020-12-11 00:00:00+00:00,2020-11-01 00:00:00+00:00,2020-12-14 00:00:00+00:00,2020-11-01 00:00:00+00:00,2020-12-14 00:00:00+00:00,2020-11-01 00:00:00+00:00,2020-12-14 00:00:00+00:00,2020-12-09 00:00:00+00:00,2020-12-09 00:00:00+00:00,-0.03491269962855181,-0.028723972092920214,0.035963318580055414,0.21948265082891005,0.012097078145282936,-0.065290189429696,0.11788812220042999,0.3445532317492237,0.004365057324916322,0.011107519843546854,-0.04886952387537935,1.5462451371519874,0.03256297972565747,0.5701016536575683,0.099,-1.228,0.22999999999999998,-0.92,-1.7000000000000002,3.2,0.0,-1.46,-0.020000000000000004,-1.5,0.010000000000000009,-1.0899999999999999,-1.1300000000000026,12.579999999999998,0.79,1.87,7241023.757,0.03256728827808786,0.5702801385109684,43,5,5,0,3,3,3,3,3.0,0,0,43,43,43
2020-12-21 00:00:00+00:00,260.817,0.09,-1.0,0.95,0.13,111.9337,19085.8,12742.52,142629.0,0.435,6.7,25.16,7362592.0,1529.698,2020-11-01 00:00:00+00:00,2020-12-18 00:00:00+00:00,2020-12-18 00:00:00+00:00,2020-12-18 00:00:00+00:00,2020-12-18 00:00:00+00:00,2020-12-18 00:00:00+00:00,2020-11-01 00:00:00+00:00,2020-12-21 00:00:00+00:00,2020-11-01 00:00:00+00:00,2020-12-21 00:00:00+00:00,2020-11-01 00:00:00+00:00,2020-12-21 00:00:00+00:00,2020-12-16 00:00:00+00:00,2020-12-16 00:00:00+00:00,-0.03217039924934806,-0.03393624423004482,0.03595283964010498,0.21935472211491458,0.012097078145282936,-0.065290189429696,0.1673633900311824,0.3537771176736122,0.004365057324916322,0.011107519843546854,-0.05417483906180287,1.5259090957293253,0.041333341258551926,0.5764285877600699,0.381,-7.2170000000000005,0.25,-0.97,-1.7000000000000002,3.2,0.0,-1.46,-0.010000000000000009,-1.5,-0.030000000000000027,-1.15,-2.620000000000001,12.55,0.82,1.95,7360627.302,0.04130271686114284,0.5780935880855722,50,5,5,0,3,3,3,3,3.0,0,0,50,50,50
2020-12-28 00:00:00+00:00,260.817,0.09,-1.03,0.94,0.13,112.3138,19085.7,12899.42,142629.0,0.901,6.7,21.7,7404039.0,1602.407,2020-11-01 00:00:00+00:00,2020-12-25 00:00:00+00:00,2020-12-24 00:00:00+00:00,2020-12-24 00:00:00+00:00,2020-12-24 00:00:00+00:00,2020-12-23 00:00:00+00:00,2020-11-01 00:00:00+00:00,2020-12-28 00:00:00+00:00,2020-11-01 00:00:00+00:00,2020-12-28 00:00:00+00:00,2020-11-01 00:00:00+00:00,2020-12-28 00:00:00+00:00,2020-12-23 00:00:00+00:00,2020-12-23 00:00:00+00:00,-0.05163112989781027,-0.025984800921814433,0.03594760012895115,0.21934948260376075,0.012097078145282936,-0.065290189429696,0.1486596218396521,0.365976499035666,0.004365057324916322,0.011107519843546854,-0.04769635958544427,1.4716684647185607,0.04289458172297245,0.5751674998092771,0.901,-5.6240000000000006,0.2799999999999999,-0.94,-1.7000000000000002,3.2,0.0,-1.46,0.010000000000000009,-1.46,-0.10999999999999999,-1.18,-4.490000000000002,6.879999999999999,0.8099999999999999,1.97,7401535.593,0.04279338378272968,0.5764854034519225,57,5,5,0,3,4,4,4,5.0,0,0,57,57,57
2021-01-04 00:00:00+00:00,260.817,0.09,-1.06,0.93,0.13,111.6505,19085.8,12698.45,142629.0,0.001,6.7,26.97,7363351.0,1591.055,2020-11-01 00:00:00+00:00,2021-01-01 00:00:00+00:00,2020-12-31 00:00:00+00:00,2020-12-31 00:00:00+00:00,2020-12-31 00:00:00+00:00,2020-12-31 00:00:00+00:00,2020-11-01 00:00:00+00:00,2021-01-04 00:00:00+00:00,2020-11-01 00:00:00+00:00,2021-01-04 00:00:00+00:00,2020-11-01 00:00:00+00:00,2021-01-04 00:00:00+00:00,2020-12-30 00:00:00+00:00,2020-12-30 00:00:00+00:00,-0.04791865626595371,-0.02982124602679459,0.03595827095434778,0.21935472211491458,0.006393573365755856,-0.065290189429696,0.11380652750567855,0.33634618338556166,0.004365057324916322,0.011107519843546854,-0.053891585863916625,1.4252853914341967,0.04261852718643233,0.567729925696197,0.001,-3.8240000000000003,0.2300000000000001,-0.87,-1.2000000000000002,3.2,0.0,-1.46,0.0,-1.4,-0.1200000000000001,-1.09,-0.990000000000002,13.12,0.8,1.9900000000000002,7361758.945,0.04264028945557108,0.5685223263462902,64,5,5,0,3,4,4,4,4.0,0,0,64,64,64
2021-01-11 00:00:00+00:00,260.817,0.09,-0.93,1.13,0.14,111.6291,19085.8,13036.43,142624.0,0.0,6.7,24.08,7334809.0,1669.327,2020-11-01 00:00:00+00:00,2021-01-08 00:00:00+00:00,2021-01-08 00:00:00+00:00,2021-01-08 00:00:00+00:00,2021-01-08 00:00:00+00:00,2021-01-08 00:00:00+00:00,2020-11-01 00:00:00+00:00,2021-01-11 00:00:00+00:00,2020-12-01 00:00:00+00:00,2021-01-11 00:00:00+00:00,2020-12-01 00:00:00+00:00,2021-01-11 00:00:00+00:00,2021-01-06 00:00:00+00:00,2021-01-06 00:00:00+00:00,-0.04811034417712445,-0.030676018120503024,0.03594740835536214,0.21935472211491458,0.006358516766873379,-0.06618529170996723,0.09320639842273692,0.340540331104906,0.004365057324916322,0.011107519843546854,-0.016485040472753454,1.5148085325439133,0.03611354072824291,0.5696329230321027,0.0,-1.0,0.34999999999999987,-0.7000000000000002,-1.2000000000000002,3.2,0.0,-1.45,0.010000000000000009,-1.42,0.009999999999999898,-1.0,-0.990000000000002,11.759999999999998,0.9899999999999999,2.06,7333139.673,0.03612583491650234,0.56973479597265,71,5,5,0,3,3,3,3,3.0,0,0,71,41,41
2021-01-18 00:00:00+00:00,261.775,0.09,-0.94,1.15,0.16,111.6291,19186.9,12998.5,142624.0,0.0,6.7,24.34,7333968.0,1589.421,2020-12-01 00:00:00+00:00,2021-01-14 00:00:00+00:00,2021-01-14 00:00:00+00:00,2021-01-14 00:00:00+00:00,2021-01-14 00:00:00+00:00,2021-01-08 00:00:00+00:00,2020-12-01 00:00:00+00:00,2021-01-15 00:00:00+00:00,2020-12-01 00:00:00+00:00,2021-01-15 00:00:00+00:00,2020-12-01 00:00:00+00:00,2021-01-15 00:00:00+00:00,2021-01-13 00:00:00+00:00,2021-01-13 00:00:00+00:00,-0.039624062581450126,-0.030676018120503024,0.02794738634451832,0.21974336879401513,0.006358516766873379,-0.06618529170996723,0.12432489597368424,0.32530110356989717,0.00600020191543571,0.012585793760570674,-0.0560178656880872,1.5103758922088844,0.025204929020178568,0.563198776004926,-0.004,-16.15,0.3899999999999999,-0.6600000000000001,-1.2000000000000002,3.2,0.0,-1.45,0.01999999999999999,-1.4200000000000002,0.010000000000000009,-1.01,-4.84,12.24,0.9899999999999999,2.09,7332378.579,0.025223829888206595,0.5669413876733849,48,5,5,3,4,4,4,4,10.0,3,3,48,48,48
2021-01-25 00:00:00+00:00,261.775,0.08,-0.99,1.1,0.13,111.8936,19188.2,13635.99,142624.0,2.2,6.7,23.19,7414942.0,1626.906,2020-12-01 00:00:00+00:00,2021-01-22 00:00:00+00:00,2021-01-22 00:00:00+00:00,2021-01-22 00:00:00+00:00,2021-01-22 00:00:00+00:00,2021-01-22 00:00:00+00:00,2020-12-01 00:00:00+00:00,2021-01-25 00:00:00+00:00,2020-12-01 00:00:00+00:00,2021-01-25 00:00:00+00:00,2020-12-01 00:00:00+00:00,2021-01-25 00:00:00+00:00,2021-01-20 00:00:00+00:00,2021-01-20 00:00:00+00:00,-0.03076927544747665,-0.03262300297826215,0.028561967552937162,0.22527995589928373,0.006358516766873379,-0.06618529170996723,0.18270782794483686,0.4001277776969925,0.00600020191543571,0.012585793760570674,-0.05842641198109888,1.39316650281153,0.03257876230491341,0.5813743650658836,2.1990000000000003,2.1980000000000004,0.2500000000000001,-0.5999999999999999,-1.2000000000000002,3.2,-0.009999999999999995,-1.47,-0.04999999999999999,-1.3599999999999999,-0.08999999999999997,-1.01,-9.27,4.960000000000001,0.9700000000000001,2.09,7411115.094,0.03230300324374191,0.5809560428485838,55,5,5,0,3,3,3,3,3.0,0,0,55,55,55
2021-02-01 00:00:00+00:00,261.775,0.07,-1.02,1.11,0.11,112.2376,19188.3,13403.39,142624.0,0.012,6.7,30.24,7404926.0,1633.54,2020-12-01 00:00:00+00:00,2021-01-29 00:00:00+00:00,2021-01-29 00:00:00+00:00,2021-01-29 00:00:00+00:00,2021-01-29 00:00:00+00:00,2021-01-29 00:00:00+00:00,2020-12-01 00:00:00+00:00,2021-02-01 00:00:00+00:00,2020-12-01 00:00:00+00:00,2021-02-01 00:00:00+00:00,2020-12-01 00:00:00+00:00,2021-02-01 00:00:00+00:00,2021-01-27 00:00:00+00:00,2021-01-27 00:00:00+00:00,-0.03750237848200033,-0.031116970255582466,0.02856717907561368,0.22525252619151281,0.006358516766873379,-0.06618529170996723,0.20147346798950672,0.36835732039626556,0.00600020191543571,0.012585793760570674,-0.028599557347924076,1.3299379360590216,0.03554987457891556,0.5786444262094506,0.012,-6.148000000000001,0.2300000000000001,-0.3999999999999999,-1.2000000000000002,3.2,-0.01999999999999999,-1.52,-0.030000000000000013,-1.22,-0.20000000000000007,-0.88,-6.890000000000004,12.27,1.0,2.13,7403280.46,0.0355628722572785,0.5800112658839804,62,5,5,0,3,3,3,3,3.0,0,0,62,62,62
2021-02-08 00:00:00+00:00,261.56,0.08,-1.02,1.19,0.09,112.5293,19188.3,13987.64,142631.0,0.002,6.3,21.24,7410598.0,1625.325,2020-12-01 00:00:00+00:00,2021-02-05 00:00:00+00:00,2021-02-05 00:00:00+00:00,2021-02-05 00:00:00+00:00,2021-02-05 00:00:00+00:00,2021-02-05 00:00:00+00:00,2020-12-01 00:00:00+00:00,2021-02-08 00:00:00+00:00,2021-01-01 00:00:00+00:00,2021-02-08 00:00:00+00:00,2021-01-01 00:00:00+00:00,2021-02-08 00:00:00+00:00,2021-02-03 00:00:00+00:00,2021-02-03 00:00:00+00:00,-0.015982948899522675,-0.0351959614108992,0.02855645406488705,0.22524599807327483,0.001810501399805986,-0.06484258130702436,0.1774078825405585,0.37345819449451056,0.005178548434985331,0.011764140280120294,0.0024511273191283323,1.369236124566287,0.03475331380567148,0.5757851022128762,0.002,-0.828,0.36,-0.40000000000000013,-0.6000000000000005,2.6999999999999997,-0.009999999999999995,-1.5,-0.07,-1.3199999999999998,-0.20000000000000007,-0.95,-4.510000000000002,6.199999999999999,1.0999999999999999,2.21,7408970.675,0.03476024579305026,0.5758639227293738,69,5,5,0,3,3,3,3,3.0,0,0,69,38,38
2021-02-15 00:00:00+00:00,262.231,0.08,-1.04,1.16,0.11,112.5293,19395.3,14095.47,142631.0,0.001,6.3,19.97,7442225.0,1608.906,2021-01-01 00:00:00+00:00,2021-02-11 00:00:00+00:00,2021-02-11 00:00:00+00:00,2021-02-11 00:00:00+00:00,2021-02-11 00:00:00+00:00,2021-02-05 00:00:00+00:00,2021-01-01 00:00:00+00:00,2021-02-12 00:00:00+00:00,2021-01-01 00:00:00+00:00,2021-02-12 00:00:00+00:00,2021-01-01 00:00:00+00:00,2021-02-12 00:00:00+00:00,2021-02-10 00:00:00+00:00,2021-02-10 00:00:00+00:00,-0.018104146196477267,-0.0351959614108992,0.030557067843265173,0.2282052436927149,0.001810501399805986,-0.06484258130702436,0.16728939102985052,0.37051873946909986,0.0072949442834868705,0.013092955305921805,0.005027827460358125,1.3641400332683524,0.03650898485174281,0.5762155221331131,-0.012,0.001,0.2699999999999999,-0.4500000000000002,-0.6000000000000005,2.6999999999999997,-0.009999999999999995,-1.5,-0.06000000000000001,-1.3299999999999998,-0.21000000000000008,-0.98,-2.4800000000000004,6.289999999999999,1.0499999999999998,2.2,7440615.094,0.036517578171029186,0.576097501852427,45,5,5,3,4,4,4,4,10.0,3,3,45,45,45
2021-02-22 00:00:00+00:00,262.231,0.07,-0.8,1.34,0.11,111.9853,19395.3,13533.05,142631.0,1.1,6.3,23.45,7557402.0,1567.041,2021-01-01 00:00:00+00:00,2021-02-19 00:00:00+00:00,2021-02-19 00:00:00+00:00,2021-02-19 00:00:00+00:00,2021-02-19 00:00:00+00:00,2021-02-19 00:00:00+00:00,2021-01-01 00:00:00+00:00,2021-02-22 00:00:00+00:00,2021-01-01 00:00:00+00:00,2021-02-22 00:00:00+00:00,2021-01-01 00:00:00+00:00,2021-02-22 00:00:00+00:00,2021-02-17 00:00:00+00:00,2021-02-17 00:00:00+00:00,-0.01607139406650493,-0.04459148388197942,0.030535804593601057,0.22819228864672425,0.001810501399805986,-0.06484258130702436,0.130225498928354,0.38362095558828635,0.0072949442834868705,0.013092955305921805,0.006497601393208541,1.2959421365231814,0.04248095003709551,0.5942350165825445,0.6150000000000001,0.5080000000000001,0.5100000000000001,-0.11999999999999988,-0.6000000000000005,2.6999999999999997,-0.009999999999999995,-1.51,-0.05,-1.23,0.05999999999999994,-0.65,0.7899999999999991,-1.5800000000000018,1.23,2.14,7554734.959,0.04240993237208457,0.5941267849962379,52,5,5,0,3,3,3,3,3.0,0,0,52,52,52
2021-03-01 00:00:00+00:00,262.231,0.07,-0.71,1.44,0.14,113.1231,19394.6,13588.83,142631.0,0.0,6.3,23.35,7590111.0,1529.977,2021-01-01 00:00:00+00:00,2021-02-26 00:00:00+00:00,2021-02-26 00:00:00+00:00,2021-02-26 00:00:00+00:00,2021-02-26 00:00:00+00:00,2021-02-26 00:00:00+00:00,2021-01-01 00:00:00+00:00,2021-03-01 00:00:00+00:00,2021-01-01 00:00:00+00:00,2021-03-01 00:00:00+00:00,2021-01-01 00:00:00+00:00,2021-03-01 00:00:00+00:00,2021-02-24 00:00:00+00:00,2021-02-24 00:00:00+00:00,-0.003296274226699758,-0.040245925028796314,0.03049971272432117,0.22811733264644118,0.001810501399805986,-0.06484258130702436,0.1079154640245541,0.4173527249099891,0.0072949442834868705,0.013092955305921805,0.008376285194607647,1.247677478889532,0.05047891641148183,0.6016588394512254,-0.006,-2.525,0.6,0.31000000000000005,-0.6000000000000005,2.6999999999999997,-0.009999999999999995,-1.51,-0.01999999999999999,-0.72,0.20000000000000007,-0.42999999999999994,2.780000000000001,-10.07,1.2999999999999998,2.15,7588581.023,0.050488417835213184,0.6021703195528758,59,5,5,0,3,3,3,3,3.0,0,0,59,59,59
2021-03-08 00:00:00+00:00,262.231,0.07,-0.66,1.56,0.14,114.0709,19394.6,12609.16,143048.0,0.025,6.2,25.47,7557524.0,1429.549,2021-01-01 00:00:00+00:00,2021-03-05 00:00:00+00:00,2021-03-05 00:00:00+00:00,2021-03-05 00:00:00+00:00,2021-03-05 00:00:00+00:00,2021-03-05 00:00:00+00:00,2021-01-01 00:00:00+00:00,2021-03-08 00:00:00+00:00,2021-02-01 00:00:00+00:00,2021-03-08 00:00:00+00:00,2021-02-01 00:00:00+00:00,2021-03-08 00:00:00+00:00,2021-03-03 00:00:00+00:00,2021-03-03 00:00:00+00:00,0.017470782552718944,-0.024483285682745937,0.030494396982549077,0.2281108554381177,0.002933384909873382,-0.06427284074951345,0.007100161905704283,0.4611666050064738,0.0072949442834868705,0.013092955305921805,-0.06859672406091644,1.339482433334684,0.04535437726673486,0.5776249926959256,0.024,-2.479,0.5900000000000001,0.8200000000000001,-0.5,2.7,-0.01999999999999999,-1.02,-0.01999999999999999,-0.35,0.26,-0.09000000000000008,4.169999999999998,-28.990000000000002,1.42,2.22,7556069.451,0.045374042331738806,0.5781113947033365,66,5,5,0,3,3,3,3,3.0,0,0,66,35,35
2021-03-15 00:00:00+00:00,263.161,0.07,-0.62,1.64,0.14,113.2101,19394.6,13459.71,143048.0,0.003,6.2,20.03,7579901.0,1360.064,2021-02-01 00:00:00+00:00,2021-03-12 00:00:00+00:00,2021-03-12 00:00:00+00:00,2021-03-12 00:00:00+00:00,2021-03-12 00:00:00+00:00,2021-03-11 00:00:00+00:00,2021-01-01 00:00:00+00:00,2021-03-15 00:00:00+00:00,2021-02-01 00:00:00+00:00,2021-03-15 00:00:00+00:00,2021-02-01 00:00:00+00:00,2021-03-15 00:00:00+00:00,2021-03-10 00:00:00+00:00,2021-03-10 00:00:00+00:00,0.006629108408047202,-0.0641165947765936,0.016039594812060187,0.2218733859833275,0.002933384909873382,-0.06427284074951345,0.07878047592506654,0.6675141105678914,0.008947000202987887,0.015744918919380346,-0.1205053423225868,1.273653695203759,0.04551187278817892,0.5641189455634983,-0.097,-1.4220000000000002,0.7399999999999999,0.7,-0.5,2.7,-0.01999999999999999,-1.03,0.030000000000000013,-0.35,0.35,-0.66,-4.689999999999998,-62.66,1.5,2.26,7578537.936,0.04555769731523718,0.5643579278353759,73,5,5,0,3,3,3,3,4.0,0,0,42,42,42
2021-03-22 00:00:00+00:00,263.161,0.07,-0.57,1.74,0.16,113.2648,19394.6,13377.54,143048.0,22.242,6.2,18.88,7693506.0,1272.583,2021-02-01 00:00:00+00:00,2021-03-19 00:00:00+00:00,2021-03-19 00:00:00+00:00,2021-03-19 00:00:00+00:00,2021-03-19 00:00:00+00:00,2021-03-19 00:00:00+00:00,2021-01-01 00:00:00+00:00,2021-03-22 00:00:00+00:00,2021-02-01 00:00:00+00:00,2021-03-22 00:00:00+00:00,2021-02-01 00:00:00+00:00,2021-03-22 00:00:00+00:00,2021-03-17 00:00:00+00:00,2021-03-17 00:00:00+00:00,0.011821708422055544,-0.10042999464976354,0.01605007375201062,0.2218540754342957,0.002933384909873382,-0.06427284074951345,0.048632748512616786,0.6677715187242139,0.008947000202987887,0.015744918919380346,-0.18402163705169894,1.2555698647381925,0.0439645517389593,0.49960046740551434,21.807000000000002,-4.701999999999998,0.79,0.82,-0.5,2.7,-0.01999999999999999,-0.07999999999999999,0.03,-0.21,0.43000000000000005,-0.74,-6.280000000000001,-42.71000000000001,1.58,2.31,7669991.417,0.04117033598452835,0.5024060146586713,80,5,5,0,3,3,3,3,3.0,0,0,49,49,49
2021-03-29 00:00:00+00:00,263.161,0.07,-0.67,1.67,0.14,114.047,19669.8,13059.65,143048.0,40.354,6.2,20.74,7719622.0,1061.138,2021-02-01 00:00:00+00:00,2021-03-26 00:00:00+00:00,2021-03-26 00:00:00+00:00,2021-03-26 00:00:00+00:00,2021-03-26 00:00:00+00:00,2021-03-26 00:00:00+00:00,2021-02-01 00:00:00+00:00,2021-03-29 00:00:00+00:00,2021-02-01 00:00:00+00:00,2021-03-29 00:00:00+00:00,2021-02-01 00:00:00+00:00,2021-03-29 00:00:00+00:00,2021-03-24 00:00:00+00:00,2021-03-24 00:00:00+00:00,0.015313904808156309,-0.07318386596388216,0.030145101037142297,0.23593098971608129,0.002933384909873382,-0.06427284074951345,0.012344974985202484,0.5187230837046481,0.008947000202987887,0.015744918919380346,-0.4121649566577634,1.0003045118293006,0.04173973698695832,0.384722797176801,39.452999999999996,-197.14300000000003,0.73,0.95,-0.5,2.7,-0.01999999999999999,-0.03,0.010000000000000009,-0.10999999999999999,0.36,-0.45000000000000007,-0.9600000000000009,-36.34,1.5299999999999998,2.34,7678206.862,0.036698547138175996,0.4256753377725868,56,5,5,0,3,3,3,3,3.0,0,0,56,56,56
2021-04-05 00:00:00+00:00,263.161,0.07,-0.64,1.72,0.19,114.0476,19669.8,13705.59,144120.0,3.45,6.0,17.91,7688988.0,1025.727,2021-02-01 00:00:00+00:00,2021-04-02 00:00:00+00:00,2021-04-02 00:00:00+00:00,2021-04-02 00:00:00+00:00,2021-04-02 00:00:00+00:00,2021-04-02 00:00:00+00:00,2021-02-01 00:00:00+00:00,2021-04-05 00:00:00+00:00,2021-03-01 00:00:00+00:00,2021-04-05 00:00:00+00:00,2021-03-01 00:00:00+00:00,2021-04-05 00:00:00+00:00,2021-03-31 00:00:00+00:00,2021-03-31 00:00:00+00:00,0.021242448550485626,-0.08954752193444993,0.030139861525988465,0.235924553032131,0.010399432516864593,-0.05182534821453544,0.07632384003780324,0.5492667517054972,0.008947000202987887,0.015744918919380346,-0.4389956887401425,0.8710778054995441,0.04327404734100959,0.27993205067583915,3.4490000000000003,-140.84400000000002,0.7899999999999999,1.1,-0.7000000000000002,1.5999999999999996,-0.01999999999999999,0.020000000000000004,0.06,-0.04000000000000001,0.42000000000000004,-0.18,-9.059999999999999,-27.330000000000002,1.53,2.36,7684512.273,0.04290801889471041,0.30456754969703503,63,5,5,0,3,3,3,3,3.0,0,0,63,35,35
2021-04-12 00:00:00+00:00,263.161,0.07,-0.64,1.67,0.16,113.4969,19669.8,13850.0,144120.0,30.221,6.0,16.91,7708882.0,1010.103,2021-02-01 00:00:00+00:00,2021-04-09 00:00:00+00:00,2021-04-09 00:00:00+00:00,2021-04-09 00:00:00+00:00,2021-04-09 00:00:00+00:00,2021-04-09 00:00:00+00:00,2021-02-01 00:00:00+00:00,2021-04-12 00:00:00+00:00,2021-03-01 00:00:00+00:00,2021-04-12 00:00:00+00:00,2021-03-01 00:00:00+00:00,2021-04-12 00:00:00+00:00,2021-04-07 00:00:00+00:00,2021-04-07 00:00:00+00:00,0.016593755127817467,-0.0758643748385337,0.030139861525988465,0.235924553032131,0.01043448911574707,-0.05182534821453544,0.06053748662364633,0.5250753096015739,0.008947000202987887,0.019988614396264204,-0.5023682453412173,0.3687607445113734,0.04974179885625496,0.2368519961534723,30.221,24.121000000000002,0.54,0.94,-0.7000000000000002,1.5999999999999996,-0.01999999999999999,0.020000000000000004,0.01999999999999999,-0.07,0.29000000000000004,-0.14,-7.169999999999998,-24.26,1.51,2.31,7677650.897,0.04590987147027015,0.2339106879544115,70,5,5,0,3,3,3,3,3.0,0,0,70,42,42
2021-04-19 00:00:00+00:00,264.793,0.07,-0.77,1.59,0.16,112.7637,19669.8,13914.77,144120.0,53.798,6.0,17.29,7793104.0,925.094,2021-03-01 00:00:00+00:00,2021-04-16 00:00:00+00:00,2021-04-16 00:00:00+00:00,2021-04-16 00:00:00+00:00,2021-04-16 00:00:00+00:00,2021-04-16 00:00:00+00:00,2021-02-01 00:00:00+00:00,2021-04-19 00:00:00+00:00,2021-03-01 00:00:00+00:00,2021-04-19 00:00:00+00:00,2021-03-01 00:00:00+00:00,2021-04-19 00:00:00+00:00,2021-04-14 00:00:00+00:00,2021-04-14 00:00:00+00:00,0.010112710116541024,-0.0883538451359307,0.024856710080918276,0.20002298590024736,0.01043448911574707,-0.05182534821453544,0.06811689972679424,0.4857656864998372,0.011463032494598124,0.02617099088421071,-0.5412297239809059,0.03888177802023218,0.060722533682358915,0.2019715366725059,53.798,22.798000000000002,0.44000000000000017,0.9400000000000001,-0.7000000000000002,1.5999999999999996,-0.01999999999999999,0.020000000000000004,0.0,-0.04000000000000001,0.16999999999999993,-0.41000000000000003,-7.050000000000001,-26.54,1.4300000000000002,2.3600000000000003,7738380.906,0.05389251800649397,0.1999452702226172,77,5,5,0,3,3,3,3,3.0,0,0,49,49,49
2021-04-26 00:00:00+00:00,264.793,0.07,-0.76,1.58,0.16,112.3566,19669.8,14138.78,144120.0,100.916,6.0,17.64,7820948.0,1015.902,2021-03-01 00:00:00+00:00,2021-04-23 00:00:00+00:00,2021-04-23 00:00:00+00:00,2021-04-23 00:00:00+00:00,2021-04-23 00:00:00+00:00,2021-04-23 00:00:00+00:00,2021-02-01 00:00:00+00:00,2021-04-26 00:00:00+00:00,2021-03-01 00:00:00+00:00,2021-04-26 00:00:00+00:00,2021-03-01 00:00:00+00:00,2021-04-26 00:00:00+00:00,2021-04-21 00:00:00+00:00,2021-04-21 00:00:00+00:00,0.004129322140143721,-0.102672149736585,0.02478895781444912,0.20004161510152052,0.01043448911574707,-0.05182534821453544,0.03620875576701188,0.4821372140019857,0.011463032494598124,0.02617099088421071,-0.4709031637106307,0.11965960705926992,0.053308621254393174,0.17381473505944278,98.716,84.44,0.48,0.9800000000000001,-0.7000000000000002,1.5999999999999996,-0.009999999999999995,0.020000000000000004,0.03,-0.06,0.22999999999999998,-0.25,-5.550000000000001,-15.649999999999999,1.4200000000000002,2.34,7719016.098,0.04070599446234269,0.16334305797254167,84,5,5,0,3,3,3,3,3.0,0,0,56,56,56
2021-05-03 00:00:00+00:00,264.793,0.05,-0.76,1.65,0.16,112.3765,19896.2,13895.12,144120.0,129.724,6.0,18.31,7780962.0,967.689,2021-03-01 00:00:00+00:00,2021-04-30 00:00:00+00:00,2021-04-30 00:00:00+00:00,2021-04-30 00:00:00+00:00,2021-04-30 00:00:00+00:00,2021-04-30 00:00:00+00:00,2021-03-01 00:00:00+00:00,2021-05-03 00:00:00+00:00,2021-03-01 00:00:00+00:00,2021-05-03 00:00:00+00:00,2021-03-01 00:00:00+00:00,2021-05-03 00:00:00+00:00,2021-04-28 00:00:00+00:00,2021-04-28 00:00:00+00:00,0.0012367880529815523,-0.09457010397853072,0.03622804043306438,0.2114859092428123,0.01043448911574707,-0.05182534821453544,0.03603003932108173,0.46698384021873807,0.011463032494598124,0.02617099088421071,-0.5235939633754843,-0.03034841162020907,0.04953452650980239,0.15617194453711924,129.712,124.874,0.5399999999999998,1.0099999999999998,-0.7000000000000002,1.5999999999999996,-0.020000000000000004,0.0,0.05,-0.04000000000000001,0.26,-0.34,-11.93,-17.66,1.49,2.41,7650270.311,0.03281777460071034,0.1401118728062869,63,5,5,0,3,3,3,3,3.0,0,0,63,63,63
2021-05-10 00:00:00+00:00,264.793,0.06,-0.89,1.6,0.14,111.2857,19896.2,13401.86,144308.0,175.548,6.1,19.66,7810486.0,953.689,2021-03-01 00:00:00+00:00,2021-05-07 00:00:00+00:00,2021-05-07 00:00:00+00:00,2021-05-07 00:00:00+00:00,2021-05-07 00:00:00+00:00,2021-05-07 00:00:00+00:00,2021-03-01 00:00:00+00:00,2021-05-10 00:00:00+00:00,2021-04-01 00:00:00+00:00,2021-05-10 00:00:00+00:00,2021-04-01 00:00:00+00:00,2021-05-10 00:00:00+00:00,2021-05-05 00:00:00+00:00,2021-05-05 00:00:00+00:00,-0.011112863733431233,-0.09909692147059435,0.03622804043306438,0.2114859092428123,0.011689028640045507,0.0964091286335389,-0.042780579230147,0.37565963176749584,0.012284685975048504,0.02617099088421071,-0.5331254522735289,-0.16741157966492626,0.05255605202228075,0.15016774809229716,175.546,175.425,0.41000000000000014,0.9100000000000001,-0.20000000000000018,-8.6,-0.020000000000000004,0.009999999999999995,0.05000000000000002,-0.01999999999999999,0.13,-0.46,-1.5799999999999983,-7.91,1.46,2.49,7633984.311,0.029918379770242254,0.1274965202536027,70,5,5,0,3,3,3,3,3.0,0,0,70,39,39
2021-05-17 00:00:00+00:00,266.832,0.06,-0.88,1.63,0.16,111.3976,19896.2,13379.05,144308.0,208.96,6.1,19.72,7830663.0,898.779,2021-04-01 00:00:00+00:00,2021-05-14 00:00:00+00:00,2021-05-14 00:00:00+00:00,2021-05-14 00:00:00+00:00,2021-05-14 00:00:00+00:00,2021-05-14 00:00:00+00:00,2021-03-01 00:00:00+00:00,2021-05-17 00:00:00+00:00,2021-04-01 00:00:00+00:00,2021-05-17 00:00:00+00:00,2021-04-01 00:00:00+00:00,2021-05-17 00:00:00+00:00,2021-05-12 00:00:00+00:00,2021-05-12 00:00:00+00:00,-0.010107848903681216,-0.10698624824008185,0.025497990045989738,0.14700987608554428,0.011689028640045507,0.0964091286335389,-0.05216341848340633,0.37070804846808336,0.01739345217977739,0.041824688191071324,-0.58227254835381,-0.2701065547839505,0.050877317472030725,0.12157759678376046,208.959,208.382,0.47,0.9899999999999999,-0.20000000000000018,-8.6,-0.020000000000000004,0.009999999999999995,0.05,0.0,0.16000000000000003,-0.43,-0.25,-9.580000000000002,1.47,2.51,7620804.221,0.023928385590730628,0.09466551664936773,77,5,5,0,3,3,3,3,3.0,0,0,46,46,46
2021-05-24 00:00:00+00:00,266.832,0.06,-0.8,1.63,0.17,111.3116,19896.2,13661.17,144308.0,394.941,6.1,18.4,7922883.0,866.119,2021-04-01 00:00:00+00:00,2021-05-21 00:00:00+00:00,2021-05-21 00:00:00+00:00,2021-05-21 00:00:00+00:00,2021-05-21 00:00:00+00:00,2021-05-21 00:00:00+00:00,2021-03-01 00:00:00+00:00,2021-05-24 00:00:00+00:00,2021-04-01 00:00:00+00:00,2021-05-24 00:00:00+00:00,2021-04-01 00:00:00+00:00,2021-05-24 00:00:00+00:00,2021-05-19 00:00:00+00:00,2021-05-19 00:00:00+00:00,-0.0060341370091769875,-0.10775855584367111,0.025497990045989738,0.14696330082282216,0.011689028640045507,0.0964091286335389,0.009422660252269566,0.38190283623019106,0.01739345217977739,0.041824688191071324,-0.5929220941425539,-0.32138530607748805,0.047227674404082265,0.11853654907721989,393.84099999999995,394.94,0.2899999999999998,0.9499999999999998,-0.20000000000000018,-8.6,-0.010000000000000009,0.009999999999999995,0.06000000000000001,0.0,0.0,-0.34,-5.050000000000001,-9.760000000000002,1.46,2.4299999999999997,7527075.881,-0.003667876397905445,0.06745791466090978,84,5,5,0,3,3,3,3,3.0,0,0,53,53,53
2021-05-31 00:00:00+00:00,266.832,0.06,-0.81,1.61,0.14,111.3116,20108.6,13748.74,144308.0,479.498,6.1,16.76,7903541.0,812.473,2021-04-01 00:00:00+00:00,2021-05-27 00:00:00+00:00,2021-05-27 00:00:00+00:00,2021-05-27 00:00:00+00:00,2021-05-27 00:00:00+00:00,2021-05-21 00:00:00+00:00,2021-04-01 00:00:00+00:00,2021-05-28 00:00:00+00:00,2021-04-01 00:00:00+00:00,2021-05-28 00:00:00+00:00,2021-04-01 00:00:00+00:00,2021-05-28 00:00:00+00:00,2021-05-26 00:00:00+00:00,2021-05-26 00:00:00+00:00,-0.016143130627050084,-0.08576514806370561,0.036152907448137483,0.1575763046003722,0.011689028640045507,0.0964091286335389,0.01169905180844566,0.3641915151038493,0.01739345217977739,0.041824688191071324,-0.6329252987112435,-0.4780744722495882,0.0404646710904526,0.10759420248938767,479.498,479.498,0.17000000000000015,0.9600000000000001,-0.20000000000000018,-8.6,-0.010000000000000009,0.009999999999999995,0.0,-0.01999999999999999,-0.10000000000000009,-0.31000000000000005,-6.59,-11.469999999999999,1.4700000000000002,2.42,7423230.527,-0.0220302770123304,0.04508232206593732,60,5,5,3,4,4,4,4,10.0,3,3,60,60,60
2021-06-07 00:00:00+00:00,266.832,0.06,-0.84,1.56,0.14,111.0165,20108.6,13881.72,144894.0,486.097,5.8,16.42,7935703.0,783.235,2021-04-01 00:00:00+00:00,2021-06-04 00:00:00+00:00,2021-06-04 00:00:00+00:00,2021-06-04 00:00:00+00:00,2021-06-04 00:00:00+00:00,2021-06-04 00:00:00+00:00,2021-04-01 00:00:00+00:00,2021-06-07 00:00:00+00:00,2021-05-01 00:00:00+00:00,2021-06-07 00:00:00+00:00,2021-05-01 00:00:00+00:00,2021-06-07 00:00:00+00:00,2021-06-02 00:00:00+00:00,2021-06-02 00:00:00+00:00,-0.027141345986985144,-0.07019479294129738,0.036152907448137483,0.1575763046003722,0.012822202328910848,0.08631518550509654,0.0961493327501941,0.3355417213729588,0.01739345217977739,0.041824688191071324,-0.6016815102189694,-0.6053639969629616,0.04882832156734196,0.10213359795253041,486.072,486.097,0.0,0.65,-0.40000000000000036,-7.500000000000001,-0.010000000000000009,-0.010000000000000009,0.0,-0.07999999999999999,-0.17999999999999994,-0.48,-9.049999999999997,-9.389999999999997,1.42,2.4,7448822.765,-0.014295139315978034,0.03901792326881548,67,5,5,0,3,3,3,3,3.0,0,0,67,37,37
2021-06-14 00:00:00+00:00,268.551,0.06,-0.85,1.47,0.16,111.3778,20108.6,14174.14,144894.0,583.892,5.8,16.39,7952327.0,730.235,2021-05-01 00:00:00+00:00,2021-06-11 00:00:00+00:00,2021-06-11 00:00:00+00:00,2021-06-11 00:00:00+00:00,2021-06-11 00:00:00+00:00,2021-06-11 00:00:00+00:00,2021-04-01 00:00:00+00:00,2021-06-14 00:00:00+00:00,2021-05-01 00:00:00+00:00,2021-06-14 00:00:00+00:00,2021-05-01 00:00:00+00:00,2021-06-14 00:00:00+00:00,2021-06-09 00:00:00+00:00,2021-06-09 00:00:00+00:00,-0.01631735863705508,-0.07452538294720323,0.036152907448137483,0.10840087102169349,0.012822202328910848,0.08631518550509654,0.05171839891428753,0.37661405577128626,0.020274827865716993,0.04877005645913002,-0.6219206363001595,-0.7242164575170733,0.047964451356206084,0.10370734273428006,583.889,583.889,-0.16999999999999993,0.76,-0.40000000000000036,-7.500000000000001,-0.010000000000000009,-0.020000000000000004,0.01999999999999999,-0.03,-0.22999999999999998,-0.35,-3.6400000000000006,-18.009999999999998,1.31,2.32,7367704.765,-0.02821406836363316,0.027559572244246766,74,5,5,0,3,3,3,3,3.0,0,0,44,44,44
2021-06-21 00:00:00+00:00,268.551,0.1,-0.79,1.45,0.26,113.3338,20108.6,14141.48,144894.0,765.141,5.8,17.89,8064257.0,653.889,2021-05-01 00:00:00+00:00,2021-06-18 00:00:00+00:00,2021-06-18 00:00:00+00:00,2021-06-18 00:00:00+00:00,2021-06-18 00:00:00+00:00,2021-06-18 00:00:00+00:00,2021-04-01 00:00:00+00:00,2021-06-21 00:00:00+00:00,2021-05-01 00:00:00+00:00,2021-06-21 00:00:00+00:00,2021-05-01 00:00:00+00:00,2021-06-21 00:00:00+00:00,2021-06-16 00:00:00+00:00,2021-06-16 00:00:00+00:00,0.0006090064292774144,-0.061936178091620775,0.036152907448137483,0.10833436470911018,0.012822202328910848,0.08631518550509654,0.055535141306611635,0.3408956558275058,0.020274827865716993,0.04877005645913002,-0.6658663599490842,-0.8700482113680401,0.04706498446674523,0.12809496394477193,742.899,765.131,-0.29000000000000004,0.75,-0.40000000000000036,-7.500000000000001,0.03,0.010000000000000009,0.1,0.07,-0.22000000000000008,-0.19000000000000006,-0.9899999999999984,-13.879999999999999,1.19,2.24,7298462.111,-0.04965184010900359,0.028538475903674865,81,5,5,0,3,3,3,3,3.0,0,0,51,51,51
2021-06-28 00:00:00+00:00,268.551,0.1,-0.8,1.54,0.28,112.2401,20370.1,14500.51,144894.0,803.019,5.8,15.76,8101945.0,734.689,2021-05-01 00:00:00+00:00,2021-06-25 00:00:00+00:00,2021-06-25 00:00:00+00:00,2021-06-25 00:00:00+00:00,2021-06-25 00:00:00+00:00,2021-06-25 00:00:00+00:00,2021-05-01 00:00:00+00:00,2021-06-28 00:00:00+00:00,2021-05-01 00:00:00+00:00,2021-06-28 00:00:00+00:00,2021-05-01 00:00:00+00:00,2021-06-28 00:00:00+00:00,2021-06-23 00:00:00+00:00,2021-06-23 00:00:00+00:00,-0.01597031739013577,-0.07451365265332033,0.03498367482572995,0.12124937786761514,0.012822202328910848,0.08631518550509654,0.10465649712005387,0.3854096774432101,0.020274827865716993,0.04877005645913002,-0.36764991571493866,-0.793164525381445,0.048338757202808225,0.13450516020855297,762.665,802.769,-0.1299999999999999,0.9,-0.40000000000000036,-7.500000000000001,0.03,0.020000000000000004,0.14,0.11000000000000001,-0.13,-0.12,-4.979999999999999,-16.020000000000003,1.26,2.34,7298191.311,-0.05075948654917717,0.030292185791457982,58,5,5,0,3,3,3,3,3.0,0,0,58,58,58
2021-07-05 00:00:00+00:00,268.551,0.1,-0.87,1.48,0.25,112.2401,20370.1,14639.33,145759.0,731.504,5.9,15.07,8078544.0,745.962,2021-05-01 00:00:00+00:00,2021-07-01 00:00:00+00:00,2021-07-01 00:00:00+00:00,2021-07-01 00:00:00+00:00,2021-07-01 00:00:00+00:00,2021-06-25 00:00:00+00:00,2021-05-01 00:00:00+00:00,2021-07-02 00:00:00+00:00,2021-06-01 00:00:00+00:00,2021-07-02 00:00:00+00:00,2021-06-01 00:00:00+00:00,2021-07-02 00:00:00+00:00,2021-06-30 00:00:00+00:00,2021-06-30 00:00:00+00:00,-0.015975578365187815,-0.0686631072695354,0.03498367482572995,0.12125491986068049,0.011308287015467045,0.05613670063302578,0.06590796364870855,0.33867554512859144,0.020274827865716993,0.04877005645913002,-0.31848224788475044,-0.7984634570608824,0.04942248289785134,0.1420109138254766,728.054,731.504,-0.24,0.7999999999999999,-0.09999999999999964,-5.199999999999999,0.03,0.010000000000000009,0.06,0.09,-0.22999999999999998,-0.14,-2.84,-12.870000000000001,1.23,2.35,7346294.038,-0.045010936625159204,0.04723175450727268,65,5,5,3,4,4,4,4,10.0,3,3,65,34,34
2021-07-12 00:00:00+00:00,268.551,0.1,-0.91,1.37,0.23,113.12,20370.1,14733.24,145759.0,776.472,5.9,16.17,8097773.0,753.364,2021-05-01 00:00:00+00:00,2021-07-09 00:00:00+00:00,2021-07-09 00:00:00+00:00,2021-07-09 00:00:00+00:00,2021-07-09 00:00:00+00:00,2021-07-09 00:00:00+00:00,2021-05-01 00:00:00+00:00,2021-07-12 00:00:00+00:00,2021-06-01 00:00:00+00:00,2021-07-12 00:00:00+00:00,2021-06-01 00:00:00+00:00,2021-07-12 00:00:00+00:00,2021-07-07 00:00:00+00:00,2021-07-07 00:00:00+00:00,-0.0033263216248631267,-0.05661626627587779,0.03498367482572995,0.12125491986068049,0.011308287015467045,0.05613670063302578,0.06182093292050084,0.34918124987278354,0.020274827865716993,0.04877005645913002,-0.29325907409942076,-0.7858578714757938,0.049215915028636203,0.15706985311912725,746.251,776.471,-0.2999999999999998,0.7200000000000001,-0.09999999999999964,-5.199999999999999,0.03,0.010000000000000009,0.07,0.07,-0.27,-0.15000000000000002,-0.7399999999999984,-16.019999999999996,1.1400000000000001,2.2800000000000002,7320547.636,-0.04762848874847947,0.056404941690773924,72,5,5,0,3,3,3,3,3.0,0,0,72,41,41
2021-07-19 00:00:00+00:00,270.981,0.1,-1.02,1.31,0.25,113.3233,20370.1,14274.98,145759.0,860.468,5.9,22.5,8201651.0,704.918,2021-06-01 00:00:00+00:00,2021-07-16 00:00:00+00:00,2021-07-16 00:00:00+00:00,2021-07-16 00:00:00+00:00,2021-07-16 00:00:00+00:00,2021-07-16 00:00:00+00:00,2021-05-01 00:00:00+00:00,2021-07-19 00:00:00+00:00,2021-06-01 00:00:00+00:00,2021-07-19 00:00:00+00:00,2021-06-01 00:00:00+00:00,2021-07-19 00:00:00+00:00,2021-07-14 00:00:00+00:00,2021-07-14 00:00:00+00:00,0.004950316849523517,-0.053018854705189966,0.03498367482572995,0.10404082385222502,0.011308287015467045,0.05613670063302578,0.02555748857467499,0.28201392791987345,0.023100319052599794,0.052140284490278965,-0.27181386998016066,-0.853668138604351,0.05109623538488073,0.16435659595126317,806.67,860.4649999999999,-0.28,0.67,-0.09999999999999964,-5.199999999999999,0.03,0.010000000000000009,0.09,0.10999999999999999,-0.25,-0.20000000000000007,5.210000000000001,-1.9600000000000009,1.06,2.33,7340478.082,-0.05278850615525066,0.05366343534495677,79,5,5,0,3,3,3,3,3.0,0,0,48,48,48
2021-07-26 00:00:00+00:00,270.981,0.1,-1.05,1.3,0.22,113.7272,20370.1,14840.71,145759.0,891.203,5.9,17.58,8240530.0,678.103,2021-06-01 00:00:00+00:00,2021-07-23 00:00:00+00:00,2021-07-23 00:00:00+00:00,2021-07-23 00:00:00+00:00,2021-07-23 00:00:00+00:00,2021-07-23 00:00:00+00:00,2021-05-01 00:00:00+00:00,2021-07-26 00:00:00+00:00,2021-06-01 00:00:00+00:00,2021-07-26 00:00:00+00:00,2021-06-01 00:00:00+00:00,2021-07-26 00:00:00+00:00,2021-07-21 00:00:00+00:00,2021-07-21 00:00:00+00:00,0.012124856280683716,-0.0411998098715074,0.03498367482572995,0.11448339613724556,0.011308287015467045,0.05613670063302578,0.048452703571019384,0.34255081222928574,0.023100319052599794,0.052140284490278965,-0.4042329729870229,-0.9789856515487054,0.052258887410033594,0.16820223150757663,790.287,891.203,-0.28,0.7100000000000001,-0.09999999999999964,-5.199999999999999,0.03,0.010000000000000009,0.06,0.07999999999999999,-0.29000000000000004,-0.13,-0.060000000000002274,-7.16,1.08,2.35,7348648.897,-0.04917043467913196,0.05391322962538503,86,5,5,0,3,3,3,3,3.0,0,0,55,55,55
2021-08-02 00:00:00+00:00,270.981,0.07,-1.16,1.24,0.19,112.9415,20388.9,14681.07,145759.0,921.317,5.9,19.46,8221473.0,578.204,2021-06-01 00:00:00+00:00,2021-07-30 00:00:00+00:00,2021-07-30 00:00:00+00:00,2021-07-30 00:00:00+00:00,2021-07-30 00:00:00+00:00,2021-07-30 00:00:00+00:00,2021-06-01 00:00:00+00:00,2021-08-02 00:00:00+00:00,2021-06-01 00:00:00+00:00,2021-08-02 00:00:00+00:00,2021-06-01 00:00:00+00:00,2021-08-02 00:00:00+00:00,2021-07-28 00:00:00+00:00,2021-07-28 00:00:00+00:00,0.005015144677516403,-0.040427553284891005,0.024461876394992643,0.11539488269368903,0.011308287015467045,0.05613670063302578,0.05502120945627986,0.2975395584563518,0.023100319052599794,0.052140284490278965,-0.5149840070832843,-1.144843044007331,0.05506940916267489,0.1681470207937803,791.5930000000001,921.317,-0.4099999999999999,0.69,-0.09999999999999964,-5.199999999999999,0.020000000000000004,-0.03,0.03,0.08,-0.3999999999999999,-0.15999999999999992,1.1500000000000021,-4.82,1.05,2.4,7299577.796,-0.046924471668042145,0.04947560542060536,62,5,5,0,3,3,3,3,3.0,0,0,62,62,62
2021-08-09 00:00:00+00:00,270.981,0.1,-1.06,1.31,0.21,113.594,20388.9,14860.18,146821.0,981.765,5.4,16.72,8235073.0,492.668,2021-06-01 00:00:00+00:00,2021-08-06 00:00:00+00:00,2021-08-06 00:00:00+00:00,2021-08-06 00:00:00+00:00,2021-08-06 00:00:00+00:00,2021-08-06 00:00:00+00:00,2021-06-01 00:00:00+00:00,2021-08-09 00:00:00+00:00,2021-07-01 00:00:00+00:00,2021-08-09 00:00:00+00:00,2021-07-01 00:00:00+00:00,2021-08-09 00:00:00+00:00,2021-08-04 00:00:00+00:00,2021-08-04 00:00:00+00:00,0.02052991954505945,-0.03840726387791271,0.024461876394992643,0.11540038725559398,0.0172642534220806,0.05056191553386569,0.10329164897707344,0.3036706228326853,0.023100319052599794,0.052140284490278965,-0.660502103296654,-1.264804965930848,0.05293503836416846,0.170346127298588,806.217,981.757,-0.29000000000000004,0.7400000000000001,-0.6999999999999993,-4.799999999999999,0.04000000000000001,0.0,0.06999999999999998,0.07999999999999999,-0.17000000000000004,-0.020000000000000018,-2.9400000000000013,-5.41,1.1,2.37,7252815.332,-0.05122018402848916,0.04358608213970072,69,5,5,0,3,3,3,3,3.0,0,0,69,39,39
2021-08-16 00:00:00+00:00,272.265,0.1,-1.08,1.29,0.23,113.337,20388.9,14793.76,146821.0,1036.418,5.4,16.12,8257159.0,434.919,2021-07-01 00:00:00+00:00,2021-08-13 00:00:00+00:00,2021-08-13 00:00:00+00:00,2021-08-13 00:00:00+00:00,2021-08-13 00:00:00+00:00,2021-08-13 00:00:00+00:00,2021-06-01 00:00:00+00:00,2021-08-16 00:00:00+00:00,2021-07-01 00:00:00+00:00,2021-08-16 00:00:00+00:00,2021-07-01 00:00:00+00:00,2021-08-16 00:00:00+00:00,2021-08-11 00:00:00+00:00,2021-08-11 00:00:00+00:00,0.017259898084456715,-0.03475348463285499,0.024461876394992643,0.10662616570199823,0.0172642534220806,0.05056191553386569,0.10051541955647103,0.2845860483864069,0.020156609834827144,0.05101786540517228,-0.7258773686987627,-1.345259205535596,0.05303340089086461,0.17129241947689167,827.4579999999999,1036.3639999999998,-0.33999999999999986,0.5800000000000001,-0.6999999999999993,-4.799999999999999,0.04000000000000001,0.0,0.07,0.09,-0.20000000000000007,-0.14000000000000012,-3.599999999999998,-5.23,1.06,2.37,7220306.081,-0.05398455944670211,0.03735697375224056,76,5,5,0,3,3,3,3,3.0,0,0,46,46,46
2021-08-23 00:00:00+00:00,272.265,0.09,-1.01,1.26,0.23,114.8068,20388.9,14942.65,146821.0,1135.697,5.4,17.15,8342598.0,338.808,2021-07-01 00:00:00+00:00,2021-08-20 00:00:00+00:00,2021-08-20 00:00:00+00:00,2021-08-20 00:00:00+00:00,2021-08-20 00:00:00+00:00,2021-08-20 00:00:00+00:00,2021-06-01 00:00:00+00:00,2021-08-23 00:00:00+00:00,2021-07-01 00:00:00+00:00,2021-08-23 00:00:00+00:00,2021-07-01 00:00:00+00:00,2021-08-23 00:00:00+00:00,2021-08-18 00:00:00+00:00,2021-08-18 00:00:00+00:00,0.03091723990882933,-0.022852242622529495,0.024461876394992643,0.10661525278164596,0.0172642534220806,0.05056191553386569,0.08966203813463558,0.27354524121122026,0.020156609834827144,0.05101786540517228,-0.9385887372669908,-1.5791528601374392,0.051619523912203036,0.17394611154910677,740.7559999999999,1135.697,-0.3699999999999999,0.62,-0.6999999999999993,-4.799999999999999,0.03,0.0,0.06,0.07,-0.20999999999999996,-0.010000000000000009,-1.25,-5.220000000000002,1.03,2.27,7206562.192,-0.04351461068541873,0.027797917065294442,83,5,5,0,3,3,3,3,3.0,0,0,53,53,53
2021-08-30 00:00:00+00:00,272.265,0.08,-1.08,1.31,0.22,113.6387,20534.6,15265.89,146821.0,1140.711,5.4,16.19,8332743.0,301.43,2021-07-01 00:00:00+00:00,2021-08-27 00:00:00+00:00,2021-08-27 00:00:00+00:00,2021-08-27 00:00:00+00:00,2021-08-27 00:00:00+00:00,2021-08-27 00:00:00+00:00,2021-07-01 00:00:00+00:00,2021-08-30 00:00:00+00:00,2021-07-01 00:00:00+00:00,2021-08-30 00:00:00+00:00,2021-07-01 00:00:00+00:00,2021-08-30 00:00:00+00:00,2021-08-25 00:00:00+00:00,2021-08-25 00:00:00+00:00,0.020690641614740102,-0.02331917710233533,0.020963684025145923,0.1137358859446671,0.0172642534220806,0.05056191553386569,0.10467374424541553,0.2596035578574636,0.020156609834827144,0.05101786540517228,-0.991544866142446,-1.6833027282178827,0.05288180679383636,0.17565233951915538,661.213,1140.7,-0.30000000000000004,0.5700000000000001,-0.6999999999999993,-4.799999999999999,0.020000000000000004,-0.009999999999999995,0.07999999999999999,0.07999999999999999,-0.27,-0.050000000000000044,-0.5700000000000003,-10.219999999999999,1.09,2.39,7191730.57,-0.0316825094164912,0.028625211344083468,60,5,5,0,3,3,3,3,3.0,0,0,60,60,60
2021-09-06 00:00:00+00:00,272.265,0.08,-1.03,1.29,0.2,113.6387,20534.6,15363.52,147190.0,1074.707,5.2,16.41,8349173.0,277.65,2021-07-01 00:00:00+00:00,2021-09-02 00:00:00+00:00,2021-09-02 00:00:00+00:00,2021-09-02 00:00:00+00:00,2021-09-02 00:00:00+00:00,2021-08-27 00:00:00+00:00,2021-07-01 00:00:00+00:00,2021-09-03 00:00:00+00:00,2021-08-01 00:00:00+00:00,2021-09-03 00:00:00+00:00,2021-08-01 00:00:00+00:00,2021-09-03 00:00:00+00:00,2021-09-01 00:00:00+00:00,2021-09-01 00:00:00+00:00,0.02334527837275502,-0.02331917710233533,0.020963684025145923,0.1137522553698549,0.015721828602682564,0.04357449398674973,0.1014230014218711,0.3060315351278895,0.020156609834827144,0.05101786540517228,-1.0370714509877956,-1.7755772567231904,0.0507905471545218,0.1737566027954962,588.6100000000001,1074.707,-0.27,0.66,-0.5999999999999996,-3.2,0.020000000000000004,-0.009999999999999995,0.06,0.07,-0.19000000000000006,-0.010000000000000009,-0.010000000000001563,-14.34,1.09,2.3200000000000003,7274188.35,-0.023723761961299772,0.0361599597452269,67,5,5,3,4,4,4,4,10.0,3,3,67,36,36
2021-09-13 00:00:00+00:00,272.265,0.08,-1.05,1.35,0.23,113.2421,20534.6,15105.58,147190.0,1087.108,5.2,19.37,8357314.0,253.496,2021-07-01 00:00:00+00:00,2021-09-10 00:00:00+00:00,2021-09-10 00:00:00+00:00,2021-09-10 00:00:00+00:00,2021-09-10 00:00:00+00:00,2021-09-10 00:00:00+00:00,2021-07-01 00:00:00+00:00,2021-09-13 00:00:00+00:00,2021-08-01 00:00:00+00:00,2021-09-13 00:00:00+00:00,2021-08-01 00:00:00+00:00,2021-09-13 00:00:00+00:00,2021-09-08 00:00:00+00:00,2021-09-08 00:00:00+00:00,0.016599978988837805,-0.028000970868721886,0.020963684025145923,0.10911950486539901,0.015721828602682564,0.04357449398674973,0.06364503440365077,0.31203203144343483,0.013735016668156241,0.04732190206177744,-1.058018356332191,-1.8493138588303166,0.04967249336611168,0.17571179723615415,503.2159999999999,1087.107,-0.11999999999999988,0.68,-0.5999999999999996,-3.2,0.020000000000000004,-0.009999999999999995,0.07,0.1,-0.20000000000000007,-0.07000000000000006,2.9800000000000004,-6.48,1.12,2.4000000000000004,7269952.504,-0.013356469879179045,0.03655444735051283,74,5,5,0,3,3,3,3,3.0,0,0,74,43,43
2021-09-20 00:00:00+00:00,273.012,0.08,-0.96,1.37,0.23,113.901,20534.6,14713.9,147190.0,1224.289,5.2,25.71,8448770.0,230.328,2021-08-01 00:00:00+00:00,2021-09-17 00:00:00+00:00,2021-09-17 00:00:00+00:00,2021-09-17 00:00:00+00:00,2021-09-17 00:00:00+00:00,2021-09-17 00:00:00+00:00,2021-07-01 00:00:00+00:00,2021-09-20 00:00:00+00:00,2021-08-01 00:00:00+00:00,2021-09-20 00:00:00+00:00,2021-08-01 00:00:00+00:00,2021-09-20 00:00:00+00:00,2021-09-15 00:00:00+00:00,2021-09-15 00:00:00+00:00,0.0049922034651723735,-0.014747480932842727,0.020963684025145923,0.10911950486539901,0.015721828602682564,0.04357449398674973,0.039680302637734144,0.31121158248814496,0.01647491021698233,0.05006179561060353,-1.0434332322982414,-1.9474960683608273,0.046579287782854806,0.17894216524711126,459.148,1224.235,-0.07999999999999985,0.6700000000000002,-0.5999999999999996,-3.2,-0.020000000000000004,-0.009999999999999995,-0.03,0.09,-0.16999999999999993,0.010000000000000009,7.82,-2.0700000000000003,1.1400000000000001,2.33,7224250.672,-0.010220140832418068,0.022601071904249537,81,5,5,0,3,3,3,3,3.0,0,0,50,50,50
2021-09-27 00:00:00+00:00,273.012,0.08,-0.87,1.47,0.29,114.0776,20534.6,14969.97,147190.0,1297.05,5.2,18.76,8489824.0,308.022,2021-08-01 00:00:00+00:00,2021-09-24 00:00:00+00:00,2021-09-24 00:00:00+00:00,2021-09-24 00:00:00+00:00,2021-09-24 00:00:00+00:00,2021-09-24 00:00:00+00:00,2021-07-01 00:00:00+00:00,2021-09-27 00:00:00+00:00,2021-08-01 00:00:00+00:00,2021-09-27 00:00:00+00:00,2021-08-01 00:00:00+00:00,2021-09-27 00:00:00+00:00,2021-09-22 00:00:00+00:00,2021-09-22 00:00:00+00:00,0.016238591834746963,-0.036048950645042765,0.008043128873575611,0.10911950486539901,0.015721828602682564,0.04357449398674973,0.031862373199725624,0.29752346714463407,0.01647491021698233,0.05006179561060353,-0.8692760714225898,-1.6967873033807361,0.046764113527313356,0.17973718944005235,494.03099999999995,1297.05,-0.07000000000000006,0.8099999999999999,-0.5999999999999996,-3.2,-0.020000000000000004,-0.009999999999999995,0.009999999999999953,0.16999999999999998,-0.06999999999999995,0.050000000000000044,3.0000000000000018,-7.43,1.18,2.34,7192465.978,-0.014592465611631411,0.014139978760097094,88,5,5,0,3,3,3,3,3.0,0,0,57,57,57
2021-10-04 00:00:00+00:00,273.012,0.08,-0.9,1.48,0.27,114.7126,20797.0,14255.48,147190.0,1399.173,5.2,22.96,8447981.0,197.744,2021-08-01 00:00:00+00:00,2021-10-01 00:00:00+00:00,2021-10-01 00:00:00+00:00,2021-10-01 00:00:00+00:00,2021-10-01 00:00:00+00:00,2021-10-01 00:00:00+00:00,2021-08-01 00:00:00+00:00,2021-10-04 00:00:00+00:00,2021-08-01 00:00:00+00:00,2021-10-04 00:00:00+00:00,2021-08-01 00:00:00+00:00,2021-10-04 00:00:00+00:00,2021-09-29 00:00:00+00:00,2021-09-29 00:00:00+00:00,0.02178954314755366,-0.020862242933102237,0.020740606128953232,0.12182241343501943,0.009769696309135156,0.03787098920722265,-0.026570348265209986,0.22946798292698034,0.01647491021698233,0.05006179561060353,-1.3277013957211787,-2.1390709182099883,0.04471581963275817,0.18003087705805143,667.669,1399.173,0.0,0.78,-0.7000000000000002,-2.7,-0.020000000000000004,-0.009999999999999995,0.020000000000000018,0.14,-0.030000000000000027,0.039999999999999925,7.890000000000001,-5.0,1.21,2.38,7048610.255999999,-0.04136550296623831,-0.0008281312411160258,64,5,5,0,3,3,3,3,3.0,0,0,64,64,64
2021-10-11 00:00:00+00:00,273.012,0.08,-0.88,1.58,0.32,114.7126,20797.0,14486.2,147553.0,1371.958,4.8,20.0,8464032.0,135.582,2021-08-01 00:00:00+00:00,2021-10-07 00:00:00+00:00,2021-10-07 00:00:00+00:00,2021-10-07 00:00:00+00:00,2021-10-07 00:00:00+00:00,2021-10-01 00:00:00+00:00,2021-08-01 00:00:00+00:00,2021-10-11 00:00:00+00:00,2021-09-01 00:00:00+00:00,2021-10-08 00:00:00+00:00,2021-09-01 00:00:00+00:00,2021-10-11 00:00:00+00:00,2021-10-06 00:00:00+00:00,2021-10-06 00:00:00+00:00,0.013980667741067876,-0.020862242933102237,0.020740606128953232,0.12181155083603379,0.012232860377711319,0.04033415327579881,-0.016909693442222817,0.19865512452466128,0.01647491021698233,0.05006179561060353,-1.714971887401994,-2.5270842473153854,0.04423657022280025,0.17930782483593433,595.4860000000001,1371.958,0.20999999999999996,0.8,-1.1000000000000005,-3.1000000000000005,-0.020000000000000004,-0.009999999999999995,0.09,0.19,0.030000000000000027,0.05999999999999994,3.8299999999999983,-5.07,1.26,2.46,7091938.418,-0.031726433966891676,0.0026807836714013433,71,5,5,3,4,4,4,4,10.0,0,0,71,40,40
2021-10-18 00:00:00+00:00,274.138,0.08,-0.97,1.59,0.41,114.4451,20797.0,15021.81,147553.0,1477.114,4.8,16.31,8480942.0,77.858,2021-09-01 00:00:00+00:00,2021-10-15 00:00:00+00:00,2021-10-15 00:00:00+00:00,2021-10-15 00:00:00+00:00,2021-10-15 00:00:00+00:00,2021-10-15 00:00:00+00:00,2021-08-01 00:00:00+00:00,2021-10-18 00:00:00+00:00,2021-09-01 00:00:00+00:00,2021-10-18 00:00:00+00:00,2021-09-01 00:00:00+00:00,2021-10-18 00:00:00+00:00,2021-10-13 00:00:00+00:00,2021-10-13 00:00:00+00:00,0.009850436415022479,-0.014710599200363106,0.020740606128953232,0.10852837738011978,0.012232860377711319,0.04033415327579881,0.05099479057743039,0.26899407485258386,0.011582921513475064,0.05214647497610869,-2.2031948292691172,-3.072256288918271,0.03348605307285091,0.17050975116026912,616.6460000000001,1477.1100000000001,0.28,0.8300000000000001,-1.1000000000000005,-3.1000000000000005,-0.020000000000000004,-0.009999999999999995,0.15999999999999998,0.26999999999999996,0.050000000000000044,-0.020000000000000018,-6.190000000000001,-12.870000000000001,1.1800000000000002,2.56,7003750.142000001,-0.046958234120566544,-0.020630392381116636,78,5,5,0,3,3,3,3,3.0,0,0,47,47,47
2021-10-25 00:00:00+00:00,274.138,0.08,-0.98,1.66,0.48,114.0413,20797.0,15226.71,147553.0,1413.188,4.8,15.24,8564943.0,83.386,2021-09-01 00:00:00+00:00,2021-10-22 00:00:00+00:00,2021-10-22 00:00:00+00:00,2021-10-22 00:00:00+00:00,2021-10-22 00:00:00+00:00,2021-10-22 00:00:00+00:00,2021-08-01 00:00:00+00:00,2021-10-25 00:00:00+00:00,2021-09-01 00:00:00+00:00,2021-10-25 00:00:00+00:00,2021-09-01 00:00:00+00:00,2021-10-25 00:00:00+00:00,2021-10-20 00:00:00+00:00,2021-10-20 00:00:00+00:00,0.0027580653085150786,-0.011757031718134137,0.020740606128953232,0.10907520632206946,0.012232860377711319,0.04033415327579881,0.025677042299477648,0.2930463295823458,0.011582921513475064,0.05214647497610869,-2.0958187642400032,-3.0293813129187557,0.03861281452143217,0.17675908549077235,521.9850000000001,1413.1870000000001,0.3599999999999999,0.8099999999999999,-1.1000000000000005,-3.1000000000000005,-0.020000000000000004,-0.009999999999999995,0.26,0.3,0.07000000000000006,-0.07999999999999996,-2.339999999999998,-17.22,1.18,2.6399999999999997,7151671.614,-0.027170351241094792,-0.0033317882141421507,85,5,5,0,3,3,3,3,3.0,0,0,54,54,54
2021-11-01 00:00:00+00:00,274.138,0.07,-0.96,1.55,0.48,114.5145,20982.9,15595.92,147553.0,1358.606,4.8,16.41,8556181.0,213.291,2021-09-01 00:00:00+00:00,2021-10-29 00:00:00+00:00,2021-10-29 00:00:00+00:00,2021-10-29 00:00:00+00:00,2021-10-29 00:00:00+00:00,2021-10-29 00:00:00+00:00,2021-09-01 00:00:00+00:00,2021-11-01 00:00:00+00:00,2021-09-01 00:00:00+00:00,2021-11-01 00:00:00+00:00,2021-09-01 00:00:00+00:00,2021-11-01 00:00:00+00:00,2021-10-27 00:00:00+00:00,2021-10-27 00:00:00+00:00,0.013831466986179208,-0.017418978765323168,0.028717185181056593,0.1179742810847273,0.012232860377711319,0.04033415327579881,0.060450432773277996,0.3529751495401463,0.011582921513475064,0.05214647497610869,-0.9972693170854798,-2.0644468448921725,0.03990455564710871,0.18005836589850155,437.289,1358.606,0.31000000000000005,0.67,-1.1000000000000005,-3.1000000000000005,0.0,-0.01999999999999999,0.29,0.33999999999999997,0.19999999999999996,-0.14,-3.0500000000000007,-20.720000000000002,1.07,2.51,7197361.709000001,-0.014101980752554866,0.0073541944373918255,61,5,5,0,3,3,3,3,3.0,0,0,61,61,61
2021-11-08 00:00:00+00:00,274.138,0.08,-1.09,1.45,0.39,114.4564,20982.9,15982.36,148319.0,1354.382,4.6,17.22,8574871.0,280.205,2021-09-01 00:00:00+00:00,2021-11-05 00:00:00+00:00,2021-11-05 00:00:00+00:00,2021-11-05 00:00:00+00:00,2021-11-05 00:00:00+00:00,2021-11-05 00:00:00+00:00,2021-09-01 00:00:00+00:00,2021-11-08 00:00:00+00:00,2021-10-01 00:00:00+00:00,2021-11-08 00:00:00+00:00,2021-10-01 00:00:00+00:00,2021-11-08 00:00:00+00:00,2021-11-03 00:00:00+00:00,2021-11-03 00:00:00+00:00,0.007563276459904067,0.0009973833720096081,0.028717185181056593,0.11796355607400066,0.010151201895141071,0.040914985357073164,0.07280046176815702,0.31071941405564196,0.011582921513475064,0.05214647497610869,-0.5643140410557645,-1.7554904693068192,0.04043372101444653,0.18067812520656723,372.6170000000001,1354.382,0.1399999999999999,0.62,-0.8000000000000007,-2.3000000000000007,-0.020000000000000004,-0.009999999999999995,0.18000000000000002,0.23,-0.030000000000000027,-0.27000000000000013,0.5,-8.530000000000001,1.06,2.54,7220208.795,-0.004505843682755639,0.008952597852047717,68,5,5,0,3,3,3,3,3.0,0,0,68,38,38
2021-11-15 00:00:00+00:00,276.724,0.08,-1.15,1.58,0.53,114.9199,20982.9,15853.85,148319.0,1391.657,4.6,16.49,8663117.0,259.293,2021-10-01 00:00:00+00:00,2021-11-12 00:00:00+00:00,2021-11-12 00:00:00+00:00,2021-11-12 00:00:00+00:00,2021-11-12 00:00:00+00:00,2021-11-12 00:00:00+00:00,2021-09-01 00:00:00+00:00,2021-11-15 00:00:00+00:00,2021-10-01 00:00:00+00:00,2021-11-15 00:00:00+00:00,2021-10-01 00:00:00+00:00,2021-11-15 00:00:00+00:00,2021-11-10 00:00:00+00:00,2021-11-10 00:00:00+00:00,0.01386968258022847,0.0029175855645267035,0.028717185181056593,0.10923411946530415,0.010151201895141071,0.040914985357073164,0.06920690279446617,0.2848482948973814,0.016244762855199824,0.06108976915329123,-0.517201110431059,-1.8203232000232736,0.047994006892349006,0.18841371010698715,355.23900000000003,1391.644,0.29000000000000004,0.6900000000000001,-0.8000000000000007,-2.3000000000000007,-0.020000000000000004,-0.009999999999999995,0.30000000000000004,0.36,-0.06999999999999984,-0.31999999999999995,0.36999999999999744,-5.960000000000001,1.05,2.73,7271200.707,0.007024091558877288,0.013485495873934994,75,5,5,0,3,3,3,3,3.0,0,0,45,45,45
2021-11-22 00:00:00+00:00,276.724,0.08,-1.11,1.54,0.52,115.6317,20982.9,15854.76,148319.0,1573.769,4.6,19.17,8674970.0,211.453,2021-10-01 00:00:00+00:00,2021-11-19 00:00:00+00:00,2021-11-19 00:00:00+00:00,2021-11-19 00:00:00+00:00,2021-11-19 00:00:00+00:00,2021-11-19 00:00:00+00:00,2021-09-01 00:00:00+00:00,2021-11-22 00:00:00+00:00,2021-10-01 00:00:00+00:00,2021-11-22 00:00:00+00:00,2021-10-01 00:00:00+00:00,2021-11-22 00:00:00+00:00,2021-11-17 00:00:00+00:00,2021-11-17 00:00:00+00:00,0.007159424519022295,0.01597113335216971,0.028717185181056593,0.10921285621564003,0.010151201895141071,0.040914985357073164,0.05925023054831158,0.2885604278635707,0.016244762855199824,0.06108976915329123,-0.4714308236809144,-1.9964440536972505,0.03906718896107719,0.180395337314458,438.0720000000001,1573.284,0.28,0.7100000000000001,-0.8000000000000007,-2.3000000000000007,-0.009999999999999995,0.0,0.29000000000000004,0.36,-0.10000000000000009,-0.2500000000000001,2.020000000000003,-3.4899999999999984,1.02,2.6500000000000004,7100989.547,-0.014757879337917501,-0.019530434049157108,82,5,5,0,3,3,3,3,3.0,0,0,52,52,52
2021-11-29 00:00:00+00:00,276.724,0.08,-1.07,1.48,0.5,116.926,21187.1,15782.83,148319.0,1459.339,4.6,22.96,8681771.0,164.087,2021-10-01 00:00:00+00:00,2021-11-26 00:00:00+00:00,2021-11-26 00:00:00+00:00,2021-11-26 00:00:00+00:00,2021-11-26 00:00:00+00:00,2021-11-26 00:00:00+00:00,2021-10-01 00:00:00+00:00,2021-11-29 00:00:00+00:00,2021-10-01 00:00:00+00:00,2021-11-29 00:00:00+00:00,2021-10-01 00:00:00+00:00,2021-11-29 00:00:00+00:00,2021-11-24 00:00:00+00:00,2021-11-24 00:00:00+00:00,0.02851713877966766,0.02976837554065792,0.0312812376260041,0.11889754182360868,0.010151201895141071,0.040914985357073164,0.03330171248046909,0.2575899725588844,0.016244762855199824,0.06108976915329123,-0.6081410417698976,-2.2242349214289794,0.041032846427754066,0.18485824072352486,318.62799999999993,1459.3329999999999,0.16999999999999993,0.64,-0.8000000000000007,-2.3000000000000007,0.0,0.0,0.28,0.33999999999999997,0.010000000000000009,-0.16000000000000003,6.77,2.3900000000000006,0.98,2.55,7222267.913000001,0.004237184945493411,0.001012816351884993,59,5,5,0,3,3,3,3,3.0,0,0,59,59,59
2021-12-06 00:00:00+00:00,276.724,0.08,-1.08,1.35,0.6,116.6656,21187.1,15225.15,148611.0,1487.996,4.2,27.18,8650402.0,152.651,2021-10-01 00:00:00+00:00,2021-12-03 00:00:00+00:00,2021-12-03 00:00:00+00:00,2021-12-03 00:00:00+00:00,2021-12-03 00:00:00+00:00,2021-12-03 00:00:00+00:00,2021-10-01 00:00:00+00:00,2021-12-06 00:00:00+00:00,2021-11-01 00:00:00+00:00,2021-12-06 00:00:00+00:00,2021-11-01 00:00:00+00:00,2021-12-06 00:00:00+00:00,2021-12-01 00:00:00+00:00,2021-12-01 00:00:00+00:00,0.026287605629788047,0.039962320568276866,0.0312812376260041,0.11889222608183658,0.009607884565616231,0.041085300407083025,-0.009047202367346685,0.1956252937104228,0.016244762855199824,0.06108976915329123,-0.5982070575946778,-2.3055567428623593,0.03544330181072297,0.1804165477993216,413.289,1487.9950000000001,0.06000000000000005,0.3800000000000001,-1.0,-2.5,0.0,-0.009999999999999995,0.39999999999999997,0.43999999999999995,-0.050000000000000044,-0.16000000000000003,10.77,5.879999999999999,0.7500000000000001,2.43,7162253.348999999,-0.015507594815066028,-0.008152453760605027,66,5,5,0,3,3,3,3,3.0,0,0,66,35,35
2021-12-13 00:00:00+00:00,278.88,0.08,-0.96,1.48,0.67,115.9847,21187.1,15630.6,148611.0,1599.768,4.2,20.31,8664524.0,115.117,2021-11-01 00:00:00+00:00,2021-12-10 00:00:00+00:00,2021-12-10 00:00:00+00:00,2021-12-10 00:00:00+00:00,2021-12-10 00:00:00+00:00,2021-12-10 00:00:00+00:00,2021-10-01 00:00:00+00:00,2021-12-10 00:00:00+00:00,2021-11-01 00:00:00+00:00,2021-12-13 00:00:00+00:00,2021-11-01 00:00:00+00:00,2021-12-13 00:00:00+00:00,2021-12-08 00:00:00+00:00,2021-12-08 00:00:00+00:00,0.023930281099919348,0.030842009859749275,0.0312812376260041,0.1044374239113477,0.009607884565616231,0.041085300407083025,0.034166319429575154,0.22831022867258,0.024005725057659966,0.06696256979452109,-0.7893990413382186,-2.589843376293156,0.03609990441228561,0.1792487219227823,512.6600000000001,1599.6680000000001,0.1299999999999999,0.58,-1.0,-2.5,0.0,-0.009999999999999995,0.44000000000000006,0.56,0.09000000000000008,0.010000000000000009,0.9399999999999977,-4.41,0.8099999999999999,2.44,7064640.882999999,-0.028647573961279704,-0.02466041488885473,73,5,5,0,3,3,3,3,3.0,0,3,42,42,42
2021-12-20 00:00:00+00:00,278.88,0.08,-0.97,1.41,0.66,116.2114,21187.1,14980.94,148611.0,1758.041,4.2,22.87,8756666.0,104.798,2021-11-01 00:00:00+00:00,2021-12-17 00:00:00+00:00,2021-12-17 00:00:00+00:00,2021-12-17 00:00:00+00:00,2021-12-17 00:00:00+00:00,2021-12-17 00:00:00+00:00,2021-10-01 00:00:00+00:00,2021-12-20 00:00:00+00:00,2021-11-01 00:00:00+00:00,2021-12-20 00:00:00+00:00,2021-11-01 00:00:00+00:00,2021-12-20 00:00:00+00:00,2021-12-15 00:00:00+00:00,2021-12-15 00:00:00+00:00,0.02008129627237576,0.03750421458888109,0.0312812376260041,0.10444790285129812,0.009607884565616231,0.041085300407083025,0.017986101215624828,0.1618342936725874,0.021265831508833877,0.06696256979452109,-0.7874696922480613,-2.6807909215470858,0.03579437025315535,0.1734031942417147,533.752,1757.606,0.039999999999999813,0.45999999999999996,-1.0,-2.5,0.0,-0.009999999999999995,0.43000000000000005,0.53,-0.010000000000000009,0.030000000000000027,-2.84,-2.289999999999999,0.7499999999999999,2.38,6998520.202,-0.03174478840895745,-0.05044643336585075,80,5,5,0,3,3,3,3,3.0,0,0,49,49,49
2021-12-27 00:00:00+00:00,278.88,0.08,-0.97,1.5,0.71,115.9533,21187.1,15871.26,148611.0,1580.347,4.2,17.68,8790495.0,84.954,2021-11-01 00:00:00+00:00,2021-12-24 00:00:00+00:00,2021-12-23 00:00:00+00:00,2021-12-23 00:00:00+00:00,2021-12-23 00:00:00+00:00,2021-12-23 00:00:00+00:00,2021-10-01 00:00:00+00:00,2021-12-27 00:00:00+00:00,2021-11-01 00:00:00+00:00,2021-12-27 00:00:00+00:00,2021-11-01 00:00:00+00:00,2021-12-27 00:00:00+00:00,2021-12-22 00:00:00+00:00,2021-12-22 00:00:00+00:00,0.016308605263360754,0.03189078451612826,0.0312812376260041,0.10445314236245196,0.009607884565616231,0.041085300407083025,0.05846373205024946,0.20732757735523144,0.021265831508833877,0.06696256979452109,-1.2880612754632157,-2.9371522192585076,0.03480275426721313,0.17164536198429303,283.297,1579.446,0.030000000000000027,0.56,-1.0,-2.5,0.0,-0.009999999999999995,0.42,0.58,-0.09999999999999998,0.06000000000000005,-1.0800000000000018,-4.02,0.79,2.4699999999999998,7210063.046,0.0024436092754278604,-0.026209795747204723,87,5,5,0,3,4,4,4,4.0,0,0,56,56,56
2022-01-03 00:00:00+00:00,278.88,0.07,-1.04,1.52,0.73,115.3163,21436.7,15832.8,148611.0,1696.476,4.2,16.6,8757460.0,211.849,2021-11-01 00:00:00+00:00,2021-12-31 00:00:00+00:00,2021-12-31 00:00:00+00:00,2021-12-31 00:00:00+00:00,2021-12-31 00:00:00+00:00,2021-12-30 00:00:00+00:00,2021-11-01 00:00:00+00:00,2022-01-03 00:00:00+00:00,2021-11-01 00:00:00+00:00,2021-12-30 00:00:00+00:00,2021-11-01 00:00:00+00:00,2022-01-03 00:00:00+00:00,2021-12-29 00:00:00+00:00,2021-12-29 00:00:00+00:00,0.0052489177320858005,0.03230533106493727,0.030295660909791522,0.11615980339046317,0.009607884565616231,0.041085300407083025,0.10494234340125175,0.22060379882255354,0.021265831508833877,0.06696256979452109,0.06890049189306602,-2.0162788404530056,0.03597843065716688,0.17339078052878598,297.3030000000001,1696.4750000000001,0.040000000000000036,0.59,-1.0,-2.5,-0.009999999999999995,-0.01999999999999999,0.45999999999999996,0.6,-0.14,0.020000000000000018,-6.359999999999999,-10.369999999999997,0.79,2.56,7060772.151000001,0.0017239447711112632,-0.04174447592557584,63,5,5,4,3,3,3,3,4.0,0,0,63,63,63
2022-01-10 00:00:00+00:00,278.88,0.08,-0.72,1.76,0.87,115.0949,21436.7,14942.83,148951.0,1560.421,3.9,19.4,8765721.0,389.751,2021-11-01 00:00:00+00:00,2022-01-07 00:00:00+00:00,2022-01-07 00:00:00+00:00,2022-01-07 00:00:00+00:00,2022-01-07 00:00:00+00:00,2022-01-07 00:00:00+00:00,2021-11-01 00:00:00+00:00,2022-01-10 00:00:00+00:00,2021-12-01 00:00:00+00:00,2022-01-10 00:00:00+00:00,2021-12-01 00:00:00+00:00,2022-01-10 00:00:00+00:00,2022-01-05 00:00:00+00:00,2022-01-05 00:00:00+00:00,0.0033271355605561936,0.03057523680457841,0.030295660909791522,0.11615980339046317,0.009429959525986575,0.04340559603491201,0.03103511401863912,0.13648384012056347,0.021265831508833877,0.06696256979452109,1.0559314503495854,-1.4546677564930466,0.03502311814757775,0.17821740225526916,188.46299999999997,1560.421,0.17999999999999994,0.6300000000000001,-0.8999999999999999,-2.8000000000000003,0.0,-0.009999999999999995,0.55,0.73,0.16000000000000003,0.21000000000000008,-0.6000000000000014,-4.68,0.89,2.48,7204910.249,0.015804067738635297,-0.0176409835064657,70,5,5,0,3,3,3,3,3.0,0,0,70,40,40
2022-01-17 00:00:00+00:00,280.192,0.08,-0.73,1.7,0.91,115.0949,21436.7,14893.75,148951.0,1598.887,3.9,19.19,8788278.0,456.401,2021-12-01 00:00:00+00:00,2022-01-13 00:00:00+00:00,2022-01-13 00:00:00+00:00,2022-01-13 00:00:00+00:00,2022-01-13 00:00:00+00:00,2022-01-07 00:00:00+00:00,2021-11-01 00:00:00+00:00,2022-01-14 00:00:00+00:00,2021-12-01 00:00:00+00:00,2022-01-14 00:00:00+00:00,2021-12-01 00:00:00+00:00,2022-01-14 00:00:00+00:00,2022-01-12 00:00:00+00:00,2022-01-12 00:00:00+00:00,0.00566177342349139,0.03057523680457841,0.030295660909791522,0.11087665194539298,0.009429959525986575,0.04340559603491201,-0.008561483202820241,0.1361076956760794,0.021843453226144227,0.06798972628681721,1.7684851543243516,-1.2477532689058322,0.03559725952844417,0.18090208166853472,121.77299999999991,1598.887,0.10999999999999988,0.55,-0.8999999999999999,-2.8000000000000003,0.0,-0.009999999999999995,0.5,0.75,0.24,0.20999999999999996,2.8800000000000026,-5.149999999999999,0.7899999999999999,2.4299999999999997,7188934.598999999,0.02609724241716016,-0.01975697985216307,77,5,5,3,4,4,4,4,10.0,3,3,47,47,47
2022-01-24 00:00:00+00:00,280.192,0.08,-0.59,1.75,1.01,114.6534,21436.7,13855.13,148951.0,1614.002,3.9,29.9,8867834.0,488.697,2021-12-01 00:00:00+00:00,2022-01-21 00:00:00+00:00,2022-01-21 00:00:00+00:00,2022-01-21 00:00:00+00:00,2022-01-21 00:00:00+00:00,2022-01-21 00:00:00+00:00,2021-11-01 00:00:00+00:00,2022-01-24 00:00:00+00:00,2021-12-01 00:00:00+00:00,2022-01-24 00:00:00+00:00,2021-12-01 00:00:00+00:00,2022-01-24 00:00:00+00:00,2022-01-19 00:00:00+00:00,2022-01-19 00:00:00+00:00,0.005353000848936418,0.024365244578278933,0.030295660909791522,0.11080889967892382,0.009429959525986575,0.04340559603491201,-0.09439556139482264,0.015942940242686277,0.021843453226144227,0.06798972628681721,1.7682622359556044,-1.2026926649820524,0.034753095826541625,0.17893341901240056,200.81399999999985,1611.802,0.09000000000000008,0.6499999999999999,-0.8999999999999999,-2.8000000000000003,0.0,0.0,0.53,0.88,0.39,0.4,14.659999999999998,6.709999999999997,0.74,2.34,7253343.302999999,0.014116386264554137,-0.021518405193329926,84,5,5,0,3,3,3,3,3.0,0,0,54,54,54
2022-01-31 00:00:00+00:00,280.192,0.08,-0.66,1.78,1.15,116.0637,21638.1,14239.88,148951.0,1654.85,3.9,24.83,8860485.0,614.877,2021-12-01 00:00:00+00:00,2022-01-28 00:00:00+00:00,2022-01-28 00:00:00+00:00,2022-01-28 00:00:00+00:00,2022-01-28 00:00:00+00:00,2022-01-28 00:00:00+00:00,2021-12-01 00:00:00+00:00,2022-01-31 00:00:00+00:00,2021-12-01 00:00:00+00:00,2022-01-31 00:00:00+00:00,2021-12-01 00:00:00+00:00,2022-01-31 00:00:00+00:00,2022-01-26 00:00:00+00:00,2022-01-26 00:00:00+00:00,0.013437725785319543,0.03352112550199671,0.03074782945547483,0.12015493146458844,0.009429959525986575,0.04340559603491201,-0.09096286260477449,0.0605388189458651,0.021843453226144227,0.06798972628681721,1.0587648173095685,-0.9770824702346799,0.03494755778349834,0.17945604910308433,296.2439999999999,1654.838,0.22999999999999998,0.6699999999999999,-0.8999999999999999,-2.8000000000000003,0.009999999999999995,0.009999999999999995,0.6699999999999999,1.0399999999999998,0.29999999999999993,0.36,8.419999999999998,-5.41,0.6300000000000001,2.44,7205020.123,0.0010634928043362635,-0.02714518501555041,61,5,5,0,3,3,3,3,3.0,0,0,61,61,61
2022-02-07 00:00:00+00:00,280.192,0.08,-0.48,1.93,1.31,115.1732,21638.1,14015.67,149629.0,1679.932,4.0,22.86,8873211.0,675.773,2021-12-01 00:00:00+00:00,2022-02-04 00:00:00+00:00,2022-02-04 00:00:00+00:00,2022-02-04 00:00:00+00:00,2022-02-04 00:00:00+00:00,2022-02-04 00:00:00+00:00,2021-12-01 00:00:00+00:00,2022-02-07 00:00:00+00:00,2022-01-01 00:00:00+00:00,2022-02-07 00:00:00+00:00,2022-01-01 00:00:00+00:00,2022-02-07 00:00:00+00:00,2022-02-02 00:00:00+00:00,2022-02-02 00:00:00+00:00,0.006243117857592573,0.023223450129124856,0.03074782945547483,0.12015493146458844,0.00879353740547728,0.04789802136274446,-0.13130962464327744,0.002001906871806014,0.021843453226144227,0.06881137976726759,0.8803357426927922,-0.8776058539331553,0.03420078837015694,0.1801255997710527,325.54999999999995,1679.93,0.48,0.74,-0.5999999999999996,-2.3,0.0,0.0,0.92,1.22,0.6100000000000001,0.54,5.640000000000001,1.620000000000001,0.6199999999999999,2.41,7192603.227,-0.0038307030877149373,-0.02963835102871748,68,5,5,0,3,3,3,3,3.0,0,0,68,37,37
2022-02-14 00:00:00+00:00,281.933,0.08,-0.51,1.92,1.5,114.8964,21638.1,13790.92,149629.0,1666.232,4.0,28.33,8878009.0,686.384,2022-01-01 00:00:00+00:00,2022-02-11 00:00:00+00:00,2022-02-11 00:00:00+00:00,2022-02-11 00:00:00+00:00,2022-02-11 00:00:00+00:00,2022-02-11 00:00:00+00:00,2021-12-01 00:00:00+00:00,2022-02-14 00:00:00+00:00,2022-01-01 00:00:00+00:00,2022-02-14 00:00:00+00:00,2022-01-01 00:00:00+00:00,2022-02-14 00:00:00+00:00,2022-02-09 00:00:00+00:00,2022-02-09 00:00:00+00:00,-0.00020451116898101418,0.020817220592022956,0.03074782945547483,0.1094248810775138,0.00879353740547728,0.04789802136274446,-0.13940196844478514,-0.021843064577254268,0.018648834487725807,0.07244365935753017,0.9734785414563429,-0.8518724860272888,0.02450273162240535,0.1764074568776497,274.57500000000005,1666.231,0.33999999999999986,0.76,-0.5999999999999996,-2.3,0.0,0.0,0.97,1.39,0.6399999999999999,0.53,11.84,8.36,0.41999999999999993,2.4299999999999997,7211090.616,-0.008301232842716999,-0.03133331513981119,75,5,5,0,3,3,3,3,3.0,0,0,44,44,44
2022-02-21 00:00:00+00:00,281.933,0.08,-0.46,1.97,1.49,114.8964,21638.1,13548.07,149629.0,1674.929,4.0,27.75,8911033.0,692.541,2022-01-01 00:00:00+00:00,2022-02-17 00:00:00+00:00,2022-02-17 00:00:00+00:00,2022-02-17 00:00:00+00:00,2022-02-17 00:00:00+00:00,2022-02-11 00:00:00+00:00,2021-12-01 00:00:00+00:00,2022-02-18 00:00:00+00:00,2022-01-01 00:00:00+00:00,2022-02-18 00:00:00+00:00,2022-01-01 00:00:00+00:00,2022-02-18 00:00:00+00:00,2022-02-16 00:00:00+00:00,2022-02-16 00:00:00+00:00,-0.006379287328558192,0.025663240090116446,0.03074782945547483,0.1094248810775138,0.00879353740547728,0.04789802136274446,-0.15722566893857426,0.0011092599966424643,0.018648834487725807,0.07244365935753017,1.1863646905159806,-0.8165769645744785,0.026848304298109582,0.16476269157547208,101.16000000000008,1673.8290000000002,0.42999999999999994,0.6299999999999999,-0.5999999999999996,-2.3,0.0,0.009999999999999995,0.97,1.38,0.6500000000000001,0.34,8.579999999999998,4.300000000000001,0.48,2.43,7235411.459000001,0.018753081942579186,-0.04318728447866249,82,5,5,3,4,4,4,4,10.0,3,3,51,51,51
2022-02-28 00:00:00+00:00,281.933,0.08,-0.57,1.97,1.55,115.3149,21840.1,13751.4,149629.0,1596.052,4.0,30.15,8928129.0,697.838,2022-01-01 00:00:00+00:00,2022-02-25 00:00:00+00:00,2022-02-25 00:00:00+00:00,2022-02-25 00:00:00+00:00,2022-02-25 00:00:00+00:00,2022-02-25 00:00:00+00:00,2022-01-01 00:00:00+00:00,2022-02-28 00:00:00+00:00,2022-01-01 00:00:00+00:00,2022-02-28 00:00:00+00:00,2022-01-01 00:00:00+00:00,2022-02-28 00:00:00+00:00,2022-02-23 00:00:00+00:00,2022-02-23 00:00:00+00:00,-0.013874609039901564,0.019190040727456115,0.030355223714389368,0.11875305281367687,0.00879353740547728,0.04789802136274446,-0.1377820031646806,0.011892505369649697,0.018648834487725807,0.07244365935753017,1.44759020916422,-0.7850209974593669,0.027981314340729924,0.16236063865277295,136.71299999999997,1596.052,0.49,0.53,-0.5999999999999996,-2.3,0.0,0.009999999999999995,1.05,1.4100000000000001,0.5000000000000001,0.14,7.189999999999998,6.799999999999997,0.41999999999999993,2.54,7331379.1620000005,0.014994632314778045,-0.034480969168550146,58,5,5,0,3,3,3,3,3.0,0,0,58,58,58
2022-03-07 00:00:00+00:00,281.933,0.08,-0.93,1.74,1.5,116.7313,21840.1,12830.96,150399.0,1461.227,3.8,36.45,8904455.0,682.903,2022-01-01 00:00:00+00:00,2022-03-04 00:00:00+00:00,2022-03-04 00:00:00+00:00,2022-03-04 00:00:00+00:00,2022-03-04 00:00:00+00:00,2022-03-04 00:00:00+00:00,2022-01-01 00:00:00+00:00,2022-03-07 00:00:00+00:00,2022-02-01 00:00:00+00:00,2022-03-07 00:00:00+00:00,2022-02-01 00:00:00+00:00,2022-03-07 00:00:00+00:00,2022-03-02 00:00:00+00:00,2022-03-02 00:00:00+00:00,0.000562989497592703,0.023054527513150624,0.030355223714389368,0.11875305281367687,0.011959608787353915,0.05011152428456356,-0.17108766530608044,0.017437466498638088,0.018648834487725807,0.07244365935753017,1.4981985588941829,-0.73876145990726,0.028945919444234747,0.16400808997682148,-26.769000000000005,1461.202,0.3899999999999999,0.17999999999999994,-0.40000000000000036,-2.4000000000000004,0.0,0.009999999999999995,0.9,1.3599999999999999,0.15000000000000002,-0.27,9.270000000000003,10.980000000000004,0.24,2.67,7442545.096999999,0.03838822826996413,-0.015138267822379703,65,5,5,0,3,3,3,3,3.0,0,0,65,34,34
2022-03-14 00:00:00+00:00,284.182,0.08,-0.94,2.0,1.75,117.1415,21840.1,12581.22,150399.0,1608.021,3.8,31.77,8910748.0,652.039,2022-02-01 00:00:00+00:00,2022-03-11 00:00:00+00:00,2022-03-11 00:00:00+00:00,2022-03-11 00:00:00+00:00,2022-03-11 00:00:00+00:00,2022-03-11 00:00:00+00:00,2022-01-01 00:00:00+00:00,2022-03-14 00:00:00+00:00,2022-02-01 00:00:00+00:00,2022-03-14 00:00:00+00:00,2022-02-01 00:00:00+00:00,2022-03-14 00:00:00+00:00,2022-03-09 00:00:00+00:00,2022-03-09 00:00:00+00:00,0.009924319914495605,0.03413722136619768,0.030355223714389368,0.11875305281367687,0.011959608787353915,0.05011152428456356,-0.2170253055101501,-0.06749555276263663,0.018833296206401506,0.0768488657979347,1.734155373612844,-0.735182660357725,0.02802120055877033,0.1617580496933737,8.252999999999929,1608.018,0.52,0.3600000000000001,-0.40000000000000036,-2.4000000000000004,0.0,0.009999999999999995,1.08,1.6099999999999999,0.020000000000000018,-0.31999999999999995,11.46,11.739999999999998,0.25,2.94,7302074.960999999,0.033056364585460685,-0.037161747618631225,72,5,5,0,3,3,3,3,3.0,0,0,41,41,41
2022-03-21 00:00:00+00:00,284.182,0.33,-0.72,2.14,1.97,116.2705,21840.1,13838.46,150399.0,1728.893,3.8,23.53,8954306.0,570.606,2022-02-01 00:00:00+00:00,2022-03-18 00:00:00+00:00,2022-03-18 00:00:00+00:00,2022-03-18 00:00:00+00:00,2022-03-18 00:00:00+00:00,2022-03-18 00:00:00+00:00,2022-01-01 00:00:00+00:00,2022-03-21 00:00:00+00:00,2022-02-01 00:00:00+00:00,2022-03-21 00:00:00+00:00,2022-02-01 00:00:00+00:00,2022-03-21 00:00:00+00:00,2022-03-16 00:00:00+00:00,2022-03-16 00:00:00+00:00,0.0005084266884693989,0.026190932855294946,0.030355223714389368,0.11875305281367687,0.011959608787353915,0.05011152428456356,-0.07932705413206165,0.03387449102790896,0.018833296206401506,0.0768488657979347,1.694664266235848,-0.8021050182595388,0.02231929500850427,0.15175793751125966,-29.14799999999991,1706.651,0.7300000000000002,0.40000000000000013,-0.40000000000000036,-2.4000000000000004,0.25,0.26,1.31,1.81,0.25,-0.15000000000000002,0.6600000000000001,4.650000000000002,0.17000000000000015,2.8600000000000003,7224842.393999999,0.03182669278837125,-0.059790076562007854,79,5,5,0,3,3,3,3,3.0,0,0,48,48,48
2022-03-28 00:00:00+00:00,284.182,0.33,-0.47,2.48,2.3,115.958,21811.8,14354.9,150399.0,1688.632,3.8,19.63,8962474.0,614.616,2022-02-01 00:00:00+00:00,2022-03-25 00:00:00+00:00,2022-03-25 00:00:00+00:00,2022-03-25 00:00:00+00:00,2022-03-25 00:00:00+00:00,2022-03-25 00:00:00+00:00,2022-02-01 00:00:00+00:00,2022-03-28 00:00:00+00:00,2022-02-01 00:00:00+00:00,2022-03-28 00:00:00+00:00,2022-02-01 00:00:00+00:00,2022-03-28 00:00:00+00:00,2022-03-23 00:00:00+00:00,2022-03-23 00:00:00+00:00,4.053273816850833e-05,0.016617412446140456,0.029058601850742605,0.10336664317605226,0.011959608787353915,0.05011152428456356,-0.10041857913686059,0.09456402323316837,0.018833296206401506,0.0768488657979347,1.9788877490189583,-0.5460995135817859,0.01937528084055451,0.14928090583788922,108.28500000000008,1648.278,0.98,0.81,-0.40000000000000036,-2.4000000000000004,0.25,0.26,1.5899999999999999,2.1599999999999997,0.5,0.20000000000000007,1.9499999999999993,-1.1099999999999994,0.18000000000000016,2.95,7273227.384,0.008722429308553714,-0.054185913576827005,55,5,5,0,3,3,3,3,3.0,0,0,55,55,55
2022-04-04 00:00:00+00:00,284.182,0.33,-0.41,2.38,2.44,115.6251,21811.8,14532.55,150925.0,1692.936,3.6,18.57,8937142.0,575.065,2022-02-01 00:00:00+00:00,2022-04-01 00:00:00+00:00,2022-04-01 00:00:00+00:00,2022-04-01 00:00:00+00:00,2022-04-01 00:00:00+00:00,2022-04-01 00:00:00+00:00,2022-02-01 00:00:00+00:00,2022-04-04 00:00:00+00:00,2022-03-01 00:00:00+00:00,2022-04-04 00:00:00+00:00,2022-03-01 00:00:00+00:00,2022-04-04 00:00:00+00:00,2022-03-30 00:00:00+00:00,2022-03-30 00:00:00+00:00,0.0026742730756632582,0.013737155590114902,0.01734670131157756,0.10336664317605226,0.015450870912379955,0.04613673880259839,-0.08569277644293294,0.05858718234181737,0.018833296206401506,0.0768488657979347,0.9986093211462332,-0.5786738305666299,0.02030994270829467,0.15042667589607106,-3.540000000000191,1689.4859999999999,0.8599999999999999,0.6599999999999999,-0.6000000000000001,-2.4,0.26,0.26,1.71,2.25,0.6300000000000001,0.23000000000000004,1.9699999999999989,0.6600000000000001,-0.06000000000000005,2.79,7243630.9350000005,0.025568175687714856,-0.059084319132571395,62,5,5,0,3,3,3,3,3.0,0,0,62,34,34
2022-04-11 00:00:00+00:00,284.182,0.33,-0.15,2.72,2.53,116.5353,21811.8,13411.96,150925.0,1758.958,3.6,24.37,8937592.0,574.451,2022-02-01 00:00:00+00:00,2022-04-08 00:00:00+00:00,2022-04-08 00:00:00+00:00,2022-04-08 00:00:00+00:00,2022-04-08 00:00:00+00:00,2022-04-08 00:00:00+00:00,2022-02-01 00:00:00+00:00,2022-04-11 00:00:00+00:00,2022-03-01 00:00:00+00:00,2022-04-11 00:00:00+00:00,2022-03-01 00:00:00+00:00,2022-04-11 00:00:00+00:00,2022-04-06 00:00:00+00:00,2022-04-06 00:00:00+00:00,0.012437225951184239,0.02641870762794518,0.01734670131157756,0.10336664317605226,0.013165631883433448,0.04613673880259839,-0.10808473993454726,-0.03213838643763012,0.018833296206401506,0.0768488657979347,0.38790672841153384,-0.5643927827402955,0.01941742769873045,0.14789303109774465,198.53700000000003,1728.737,0.9600000000000002,1.0500000000000003,-0.2999999999999998,-2.4,0.25,0.26,1.6599999999999997,2.3699999999999997,0.57,0.49,4.970000000000002,7.460000000000001,0.1900000000000004,2.87,7178059.549000001,-0.0037336838732944244,-0.06728453885003027,69,5,5,0,3,3,3,3,3.0,0,0,69,41,41
2022-04-18 00:00:00+00:00,287.708,0.33,-0.06,2.83,2.47,116.8441,21811.8,13332.36,150925.0,1738.379,3.6,22.17,8965487.0,547.308,2022-03-01 00:00:00+00:00,2022-04-15 00:00:00+00:00,2022-04-14 00:00:00+00:00,2022-04-14 00:00:00+00:00,2022-04-14 00:00:00+00:00,2022-04-15 00:00:00+00:00,2022-02-01 00:00:00+00:00,2022-04-18 00:00:00+00:00,2022-03-01 00:00:00+00:00,2022-04-18 00:00:00+00:00,2022-03-01 00:00:00+00:00,2022-04-18 00:00:00+00:00,2022-04-13 00:00:00+00:00,2022-04-13 00:00:00+00:00,0.015083562176343435,0.03554608886438082,0.01734670131157756,0.10336664317605226,0.013165631883433448,0.04613673880259839,-0.11074749908371828,-0.04275670313443314,0.026470994453694274,0.08299768824591336,0.1816399062088152,-0.5248836387161111,0.019963639877996542,0.14014318786417235,139.49199999999996,1684.581,1.1300000000000001,1.24,-0.2999999999999998,-2.4,0.25,0.26,1.56,2.31,0.6699999999999999,0.71,2.9800000000000004,4.880000000000003,0.3599999999999999,2.89,7226560.692,0.005220240815297927,-0.06842925704335912,76,5,5,0,3,4,4,4,3.0,0,0,48,48,48
2022-04-25 00:00:00+00:00,287.708,0.33,-0.08,2.9,2.72,118.1736,21811.8,13004.85,150925.0,1783.609,3.6,27.02,8955851.0,711.406,2022-03-01 00:00:00+00:00,2022-04-22 00:00:00+00:00,2022-04-22 00:00:00+00:00,2022-04-22 00:00:00+00:00,2022-04-22 00:00:00+00:00,2022-04-22 00:00:00+00:00,2022-02-01 00:00:00+00:00,2022-04-25 00:00:00+00:00,2022-03-01 00:00:00+00:00,2022-04-25 00:00:00+00:00,2022-03-01 00:00:00+00:00,2022-04-25 00:00:00+00:00,2022-04-20 00:00:00+00:00,2022-04-20 00:00:00+00:00,0.030241065434429615,0.05047698787256483,0.01734670131157756,0.10336664317605226,0.013165631883433448,0.04613673880259839,-0.06333319635646184,-0.08359901188078744,0.026470994453694274,0.08299768824591336,0.3755006280305997,-0.35628887324082203,0.009876489117409903,0.1355012868754173,169.60699999999997,1682.693,1.15,1.3199999999999998,-0.2999999999999998,-2.4,0.25,0.26,1.7100000000000002,2.56,0.51,0.68,-2.879999999999999,9.379999999999999,0.17999999999999972,2.98,7171530.5940000005,-0.011343404017015501,-0.07356780367268811,83,5,5,0,3,3,3,3,3.0,0,0,55,55,55
2022-05-02 00:00:00+00:00,287.708,0.33,0.01,2.89,2.7,119.6421,21809.7,12536.02,150925.0,1796.302,3.6,32.34,8939199.0,944.328,2022-03-01 00:00:00+00:00,2022-04-29 00:00:00+00:00,2022-04-29 00:00:00+00:00,2022-04-29 00:00:00+00:00,2022-04-29 00:00:00+00:00,2022-04-29 00:00:00+00:00,2022-03-01 00:00:00+00:00,2022-05-02 00:00:00+00:00,2022-03-01 00:00:00+00:00,2022-05-02 00:00:00+00:00,2022-03-01 00:00:00+00:00,2022-05-02 00:00:00+00:00,2022-04-27 00:00:00+00:00,2022-04-27 00:00:00+00:00,0.030365607949334184,0.06264994539834934,0.00789917520683403,0.0918260662383581,0.013165631883433448,0.04613673880259839,-0.12744037852435142,-0.10293159889956804,0.026470994453694274,0.08299768824591336,0.42905131561934606,-0.024437191239849554,0.008844484330801095,0.13876600692408303,141.452,1666.578,1.11,1.2400000000000002,-0.2999999999999998,-2.4,0.25,0.28,1.5500000000000003,2.54,0.67,0.77,7.510000000000005,14.030000000000005,0.18999999999999995,2.8800000000000003,7141952.672,-0.008791799934073197,-0.06875475955033394,62,5,5,0,3,3,3,3,3.0,0,0,62,62,62
2022-05-09 00:00:00+00:00,287.708,0.83,0.26,3.12,2.72,120.0159,21809.7,11623.25,151314.0,1858.995,3.6,34.75,8939972.0,945.478,2022-03-01 00:00:00+00:00,2022-05-06 00:00:00+00:00,2022-05-06 00:00:00+00:00,2022-05-06 00:00:00+00:00,2022-05-06 00:00:00+00:00,2022-05-06 00:00:00+00:00,2022-03-01 00:00:00+00:00,2022-05-09 00:00:00+00:00,2022-04-01 00:00:00+00:00,2022-05-09 00:00:00+00:00,2022-04-01 00:00:00+00:00,2022-05-09 00:00:00+00:00,2022-05-04 00:00:00+00:00,2022-05-04 00:00:00+00:00,0.041187151696418844,0.07552346555897493,0.00789917520683403,0.0918260662383581,0.011198250886904404,0.047407243609603356,-0.18716858688922677,-0.14238610078727376,0.026470994453694274,0.08299768824591336,0.33583339888234676,-0.008647002777279589,0.007495719612242269,0.1350652673610142,179.06299999999987,1683.447,1.1900000000000002,1.52,-0.3999999999999999,-2.4999999999999996,0.75,0.77,1.4100000000000001,2.58,0.74,1.15,11.89,15.09,0.3999999999999999,2.8600000000000003,7080031.522,-0.015774808418338893,-0.07533153921729863,69,5,5,0,3,3,3,3,3.0,0,0,69,38,38
2022-05-16 00:00:00+00:00,288.663,0.83,0.24,2.93,2.61,120.9998,21809.7,11662.79,151314.0,1833.152,3.6,27.47,8942008.0,945.658,2022-04-01 00:00:00+00:00,2022-05-13 00:00:00+00:00,2022-05-13 00:00:00+00:00,2022-05-13 00:00:00+00:00,2022-05-13 00:00:00+00:00,2022-05-13 00:00:00+00:00,2022-03-01 00:00:00+00:00,2022-05-16 00:00:00+00:00,2022-04-01 00:00:00+00:00,2022-05-16 00:00:00+00:00,2022-04-01 00:00:00+00:00,2022-05-16 00:00:00+00:00,2022-05-11 00:00:00+00:00,2022-05-11 00:00:00+00:00,0.05175803993163708,0.08268310942734125,0.00789917520683403,0.0918260662383581,0.011198250886904404,0.047407243609603356,-0.1676069727028544,-0.13728661879670234,0.023590463678154983,0.07864067085590776,0.32044374360948247,0.05084380593600368,0.007182852312665133,0.1327129917182841,166.92000000000007,1624.192,1.0100000000000002,1.3000000000000003,-0.3999999999999999,-2.4999999999999996,0.75,0.77,1.1099999999999999,2.4499999999999997,0.75,1.12,-0.8599999999999994,7.75,0.3200000000000003,2.6900000000000004,7107910.342,-0.014411907674501734,-0.06967360840504355,76,5,5,0,3,3,3,3,3.0,0,0,45,45,45
2022-05-23 00:00:00+00:00,288.663,0.83,0.23,2.78,2.6,119.502,21809.7,11535.27,151314.0,2044.658,3.6,28.48,8945898.0,886.964,2022-04-01 00:00:00+00:00,2022-05-20 00:00:00+00:00,2022-05-20 00:00:00+00:00,2022-05-20 00:00:00+00:00,2022-05-20 00:00:00+00:00,2022-05-20 00:00:00+00:00,2022-03-01 00:00:00+00:00,2022-05-23 00:00:00+00:00,2022-04-01 00:00:00+00:00,2022-05-23 00:00:00+00:00,2022-04-01 00:00:00+00:00,2022-05-23 00:00:00+00:00,2022-05-18 00:00:00+00:00,2022-05-18 00:00:00+00:00,0.03930225486201078,0.07099963196130421,0.00789917520683403,0.0918260662383581,0.011198250886904404,0.047407243609603356,-0.16083480338258482,-0.16914820363821192,0.023590463678154983,0.07864067085590776,0.2474369531550895,0.023782082723164955,0.003904931290062308,0.12143994846145212,369.7289999999998,1649.7169999999999,0.8099999999999998,1.15,-0.3999999999999999,-2.4999999999999996,0.75,0.77,1.11,2.43,0.6900000000000001,1.03,0.7300000000000004,10.080000000000002,0.17999999999999972,2.55,6900353.036,-0.04741465416323187,-0.08693406224398892,83,5,5,0,3,3,3,3,3.0,0,0,52,52,52
2022-05-30 00:00:00+00:00,288.663,0.83,0.13,2.75,2.46,119.502,21728.0,12131.13,151314.0,2006.688,3.6,26.54,8914281.0,821.535,2022-04-01 00:00:00+00:00,2022-05-26 00:00:00+00:00,2022-05-26 00:00:00+00:00,2022-05-26 00:00:00+00:00,2022-05-26 00:00:00+00:00,2022-05-20 00:00:00+00:00,2022-04-01 00:00:00+00:00,2022-05-27 00:00:00+00:00,2022-04-01 00:00:00+00:00,2022-05-27 00:00:00+00:00,2022-04-01 00:00:00+00:00,2022-05-30 00:00:00+00:00,2022-05-25 00:00:00+00:00,2022-05-25 00:00:00+00:00,0.03566646060679801,0.07099963196130421,-0.0051459782445135716,0.07745416712102582,0.011198250886904404,0.047407243609603356,-0.1253657610333665,-0.12517230747216246,0.023590463678154983,0.07864067085590776,0.1631875574262427,0.011091858678119237,-0.001552256985529965,0.12034371057679039,410.6360000000002,1527.19,0.78,1.14,-0.3999999999999999,-2.4999999999999996,0.75,0.77,0.9099999999999999,2.32,0.7,0.9400000000000001,-3.6099999999999994,9.779999999999998,0.29000000000000004,2.62,6906771.465,-0.05966134915765231,-0.07211204131387206,59,5,5,3,4,4,4,4,10.0,0,3,59,59,59
2022-06-06 00:00:00+00:00,288.663,0.83,0.22,2.96,2.66,118.4066,21728.0,12061.37,151682.0,2040.093,3.6,25.07,8915050.0,789.532,2022-04-01 00:00:00+00:00,2022-06-03 00:00:00+00:00,2022-06-03 00:00:00+00:00,2022-06-03 00:00:00+00:00,2022-06-03 00:00:00+00:00,2022-06-03 00:00:00+00:00,2022-04-01 00:00:00+00:00,2022-06-06 00:00:00+00:00,2022-05-01 00:00:00+00:00,2022-06-06 00:00:00+00:00,2022-05-01 00:00:00+00:00,2022-06-06 00:00:00+00:00,2022-06-01 00:00:00+00:00,2022-06-01 00:00:00+00:00,0.014249751725547988,0.06444562522568376,-0.0051459782445135716,0.07745416712102582,0.008494461516326268,0.04578378347197898,-0.06185321693759782,-0.14056508318915384,0.023590463678154983,0.07864067085590776,0.145087535869445,0.00800758618115438,0.0011891465277535929,0.11636891493723311,578.866,1553.996,1.22,1.4,-0.19999999999999973,-2.1999999999999997,0.75,0.77,1.1600000000000001,2.52,1.1500000000000001,1.06,-11.380000000000003,8.649999999999999,0.2999999999999998,2.7399999999999998,6874167.468,-0.07944233262174372,-0.08028546112814539,66,5,5,0,3,3,3,3,3.0,0,0,66,36,36
2022-06-13 00:00:00+00:00,291.474,0.83,0.39,3.15,3.06,120.1624,21728.0,10809.23,151682.0,2212.62,3.6,34.02,8918254.0,723.384,2022-05-01 00:00:00+00:00,2022-06-10 00:00:00+00:00,2022-06-10 00:00:00+00:00,2022-06-10 00:00:00+00:00,2022-06-10 00:00:00+00:00,2022-06-10 00:00:00+00:00,2022-04-01 00:00:00+00:00,2022-06-13 00:00:00+00:00,2022-05-01 00:00:00+00:00,2022-06-13 00:00:00+00:00,2022-05-01 00:00:00+00:00,2022-06-13 00:00:00+00:00,2022-06-08 00:00:00+00:00,2022-06-08 00:00:00+00:00,0.02546155541518047,0.07591613541843323,-0.0051459782445135716,0.07745416712102582,0.008494461516326268,0.04578378347197898,-0.15180482713053678,-0.27101877880746095,0.025335930009386054,0.08190996794160377,0.10383582540756198,-0.009426198650003492,0.0008419989457024712,0.1146355972828701,604.5989999999999,1628.7279999999998,1.15,1.68,-0.19999999999999973,-2.1999999999999997,0.75,0.77,1.31,2.9,1.33,1.24,2.2500000000000036,17.630000000000003,0.08999999999999986,2.76,6704910.616,-0.08531836330060649,-0.09426604255560456,73,5,5,0,3,3,3,3,3.0,0,0,43,43,43
2022-06-20 00:00:00+00:00,291.474,1.58,0.66,3.28,3.14,120.1624,21728.0,10798.35,151682.0,2229.279,3.6,31.03,8932420.0,656.87,2022-05-01 00:00:00+00:00,2022-06-16 00:00:00+00:00,2022-06-16 00:00:00+00:00,2022-06-16 00:00:00+00:00,2022-06-16 00:00:00+00:00,2022-06-10 00:00:00+00:00,2022-04-01 00:00:00+00:00,2022-06-17 00:00:00+00:00,2022-05-01 00:00:00+00:00,2022-06-17 00:00:00+00:00,2022-05-01 00:00:00+00:00,2022-06-20 00:00:00+00:00,2022-06-15 00:00:00+00:00,2022-06-15 00:00:00+00:00,0.03292478817850508,0.058506714604522614,-0.0051459782445135716,0.07745416712102582,0.008494461516326268,0.04578378347197898,-0.24805832764138813,-0.2697189779200908,0.025335930009386054,0.08190996794160377,0.14078717583273548,0.004548517522280804,-0.002447179089383411,0.10224577395513101,500.38599999999997,1464.138,1.1399999999999997,1.8299999999999998,-0.19999999999999973,-2.1999999999999997,1.25,1.48,1.1700000000000002,2.88,1.38,1.4500000000000002,7.5,13.14,0.13999999999999968,2.6199999999999997,6702484.130000001,-0.07504719642937374,-0.08518543288237801,80,5,5,3,4,4,4,4,10.0,0,3,50,50,50
2022-06-27 00:00:00+00:00,291.474,1.58,0.57,3.13,3.04,120.5844,21728.0,11524.55,151682.0,2155.942,3.6,26.95,8934346.0,758.283,2022-05-01 00:00:00+00:00,2022-06-24 00:00:00+00:00,2022-06-24 00:00:00+00:00,2022-06-24 00:00:00+00:00,2022-06-24 00:00:00+00:00,2022-06-24 00:00:00+00:00,2022-04-01 00:00:00+00:00,2022-06-27 00:00:00+00:00,2022-05-01 00:00:00+00:00,2022-06-27 00:00:00+00:00,2022-05-01 00:00:00+00:00,2022-06-27 00:00:00+00:00,2022-06-22 00:00:00+00:00,2022-06-22 00:00:00+00:00,0.03912186611434976,0.07170959595062598,-0.0038493563808668085,0.0645336119694555,0.008494461516326268,0.04578378347197898,-0.21961180476763253,-0.22970427865451803,0.025335930009386054,0.08190996794160377,0.21005898433789394,0.03160938647104672,-0.0031433543121401897,0.09779879432294081,467.30999999999995,1352.923,0.6499999999999999,1.5899999999999999,-0.19999999999999973,-2.1999999999999997,1.25,1.48,0.7400000000000002,2.76,1.04,1.37,7.32,11.19,0.08999999999999986,2.56,6777645.717,-0.07057032254106588,-0.07399674956871571,87,5,5,0,3,3,3,3,3.0,0,0,57,57,57
2022-07-04 00:00:00+00:00,291.474,1.58,0.65,2.98,2.92,120.5844,21754.2,11127.85,151682.0,2167.085,3.6,27.53,8913553.0,756.627,2022-05-01 00:00:00+00:00,2022-06-30 00:00:00+00:00,2022-06-30 00:00:00+00:00,2022-06-30 00:00:00+00:00,2022-06-30 00:00:00+00:00,2022-06-24 00:00:00+00:00,2022-05-01 00:00:00+00:00,2022-07-01 00:00:00+00:00,2022-05-01 00:00:00+00:00,2022-07-01 00:00:00+00:00,2022-05-01 00:00:00+00:00,2022-07-04 00:00:00+00:00,2022-06-29 00:00:00+00:00,2022-06-29 00:00:00+00:00,0.041996861995323265,0.07170959595062598,-0.002644265416254399,0.06573870293406792,0.005003199391300228,0.03983165117843157,-0.2669399861325523,-0.2742607674394435,0.025335930009386054,0.08190996794160377,0.2743873196390423,0.014195736957162808,-0.00264292384479603,0.09836126915342369,474.1490000000001,1435.5810000000001,0.6000000000000001,1.5,0.0,-2.3000000000000003,1.25,1.48,0.48,2.67,1.06,1.52,8.96,12.46,0.06000000000000005,2.33,6745711.373,-0.07121564022786764,-0.08528902273527983,64,5,5,3,4,4,4,4,10.0,0,3,64,64,64
2022-07-11 00:00:00+00:00,291.474,1.58,0.72,3.09,3.12,122.5503,21754.2,11372.6,151980.0,2164.266,3.6,26.17,8891851.0,700.457,2022-05-01 00:00:00+00:00,2022-07-08 00:00:00+00:00,2022-07-08 00:00:00+00:00,2022-07-08 00:00:00+00:00,2022-07-08 00:00:00+00:00,2022-07-08 00:00:00+00:00,2022-05-01 00:00:00+00:00,2022-07-11 00:00:00+00:00,2022-06-01 00:00:00+00:00,2022-07-11 00:00:00+00:00,2022-06-01 00:00:00+00:00,2022-07-11 00:00:00+00:00,2022-07-06 00:00:00+00:00,2022-07-06 00:00:00+00:00,0.05032732655047045,0.08007235580327876,-0.002644265416254399,0.06573870293406792,0.0069659085591489145,0.04179436034628026,-0.16493989263100417,-0.2588992119891351,0.025335930009386054,0.08190996794160377,0.19831817707434407,-0.07281553156653064,-0.005130962347063672,0.09354615372204478,405.308,1387.794,0.36999999999999966,1.7199999999999998,0.0,-2.3000000000000003,1.25,1.48,0.5900000000000003,2.89,0.87,1.63,1.8000000000000007,10.0,-0.03000000000000025,2.37,6726884.543,-0.06491697306112343,-0.08457302316267423,71,5,5,0,3,3,3,3,3.0,0,0,71,40,40
2022-07-18 00:00:00+00:00,295.328,1.58,0.57,2.93,3.13,123.5454,21754.2,11360.05,151980.0,2190.375,3.6,25.3,8895867.0,652.572,2022-06-01 00:00:00+00:00,2022-07-15 00:00:00+00:00,2022-07-15 00:00:00+00:00,2022-07-15 00:00:00+00:00,2022-07-15 00:00:00+00:00,2022-07-15 00:00:00+00:00,2022-05-01 00:00:00+00:00,2022-07-18 00:00:00+00:00,2022-06-01 00:00:00+00:00,2022-07-18 00:00:00+00:00,2022-06-01 00:00:00+00:00,2022-07-18 00:00:00+00:00,2022-07-13 00:00:00+00:00,2022-07-13 00:00:00+00:00,0.05576813222534138,0.08636390424019869,-0.002644265416254399,0.06573870293406792,0.0069659085591489145,0.04179436034628026,-0.16009134808942704,-0.22840553979853517,0.026140526169128542,0.08603789536244211,0.17590976268208358,-0.07716000605386686,-0.007795641089543892,0.08125131138974773,451.9960000000001,1329.9070000000002,0.10000000000000009,1.62,0.0,-2.3000000000000003,1.25,1.48,0.6599999999999997,2.88,0.6299999999999999,1.5899999999999999,3.129999999999999,2.8000000000000007,-0.19999999999999973,2.3600000000000003,6704839.427999999,-0.07493365505622052,-0.09057440594432897,78,5,5,0,3,3,3,3,3.0,0,0,47,47,47
2022-07-25 00:00:00+00:00,295.328,1.58,0.43,2.77,2.98,122.5116,21754.2,11782.67,151980.0,2192.367,3.6,23.36,8899213.0,613.878,2022-06-01 00:00:00+00:00,2022-07-22 00:00:00+00:00,2022-07-22 00:00:00+00:00,2022-07-22 00:00:00+00:00,2022-07-22 00:00:00+00:00,2022-07-22 00:00:00+00:00,2022-05-01 00:00:00+00:00,2022-07-25 00:00:00+00:00,2022-06-01 00:00:00+00:00,2022-07-25 00:00:00+00:00,2022-06-01 00:00:00+00:00,2022-07-25 00:00:00+00:00,2022-07-20 00:00:00+00:00,2022-07-20 00:00:00+00:00,0.03605098960734221,0.07440312119922332,-0.002644265416254399,0.06573870293406792,0.0069659085591489145,0.04179436034628026,-0.09869255691967815,-0.23074427237148498,0.026140526169128542,0.08603789536244211,-0.1474470822165852,-0.09950298247038436,-0.006344215844737988,0.07689818362064571,408.75800000000027,1301.1640000000002,-0.1299999999999999,1.47,0.0,-2.3000000000000003,1.25,1.48,0.2599999999999998,2.76,0.51,1.48,-3.66,5.780000000000001,-0.20999999999999996,2.34,6706232.1219999995,-0.0670818422742272,-0.09147921126778336,85,5,5,0,3,3,3,3,3.0,0,0,54,54,54
2022-08-01 00:00:00+00:00,295.328,2.32,0.14,2.67,2.89,121.8526,21667.5,12368.98,151980.0,2161.885,3.6,22.84,8890004.0,602.945,2022-06-01 00:00:00+00:00,2022-07-29 00:00:00+00:00,2022-07-29 00:00:00+00:00,2022-07-29 00:00:00+00:00,2022-07-29 00:00:00+00:00,2022-07-29 00:00:00+00:00,2022-06-01 00:00:00+00:00,2022-08-01 00:00:00+00:00,2022-06-01 00:00:00+00:00,2022-08-01 00:00:00+00:00,2022-06-01 00:00:00+00:00,2022-08-01 00:00:00+00:00,2022-07-27 00:00:00+00:00,2022-07-27 00:00:00+00:00,0.018307331288194284,0.07594213200902722,-0.006541382934388551,0.0608228069089769,0.0069659085591489145,0.04179436034628026,-0.013414375011704394,-0.1713671833675523,0.026140526169128542,0.08603789536244211,-0.44864758146955097,0.041899234373883765,-0.005518488386439202,0.07817810937496894,365.5830000000003,1240.5680000000002,-0.2200000000000002,1.43,0.0,-2.3000000000000003,1.9899999999999998,2.25,0.18999999999999995,2.7,0.13,1.2999999999999998,-9.500000000000004,3.379999999999999,-0.2200000000000002,2.53,6727516.055,-0.05978023234558805,-0.08161052022787985,61,5,5,0,3,3,3,3,3.0,0,0,61,61,61
2022-08-08 00:00:00+00:00,295.328,2.33,0.37,2.83,3.24,122.4107,21667.5,12644.46,152536.0,2195.692,3.5,21.29,8874620.0,594.115,2022-06-01 00:00:00+00:00,2022-08-05 00:00:00+00:00,2022-08-05 00:00:00+00:00,2022-08-05 00:00:00+00:00,2022-08-05 00:00:00+00:00,2022-08-05 00:00:00+00:00,2022-06-01 00:00:00+00:00,2022-08-08 00:00:00+00:00,2022-07-01 00:00:00+00:00,2022-08-08 00:00:00+00:00,2022-07-01 00:00:00+00:00,2022-08-08 00:00:00+00:00,2022-08-03 00:00:00+00:00,2022-08-03 00:00:00+00:00,0.019757550553425318,0.0747510965673408,-0.006541382934388551,0.0608228069089769,0.008043485854017263,0.03818647604154002,0.08421177207664066,-0.16146597768770654,0.026140526169128542,0.08603789536244211,-0.4646177163980303,0.18723738412134416,-0.007336939646064522,0.07479328935078122,336.6970000000001,1213.9270000000001,-0.29000000000000004,1.52,-0.10000000000000009,-1.9000000000000004,1.5,2.23,0.52,3.0300000000000002,0.10999999999999999,1.4300000000000002,-13.46,4.57,-0.41000000000000014,2.46,6678333.885,-0.058409821930169414,-0.08252117711897888,68,5,5,0,3,3,3,3,3.0,0,0,68,38,38
2022-08-15 00:00:00+00:00,295.271,2.33,0.37,2.84,3.25,121.1306,21667.5,13047.19,152536.0,2175.857,3.5,19.95,8879138.0,557.265,2022-07-01 00:00:00+00:00,2022-08-12 00:00:00+00:00,2022-08-12 00:00:00+00:00,2022-08-12 00:00:00+00:00,2022-08-12 00:00:00+00:00,2022-08-12 00:00:00+00:00,2022-06-01 00:00:00+00:00,2022-08-12 00:00:00+00:00,2022-07-01 00:00:00+00:00,2022-08-15 00:00:00+00:00,2022-07-01 00:00:00+00:00,2022-08-15 00:00:00+00:00,2022-08-10 00:00:00+00:00,2022-08-10 00:00:00+00:00,0.0010804096695284926,0.06650362101241303,-0.006541382934388551,0.0608228069089769,0.008043485854017263,0.03818647604154002,0.11216935302441655,-0.12563268532875682,0.02263366097726216,0.08111772199834277,-0.52884009168414,0.24788108295062639,-0.007055692245620193,0.0726238985817993,342.7049999999999,1139.439,-0.0900000000000003,1.5499999999999998,-0.10000000000000009,-1.9000000000000004,1.5,2.23,0.6400000000000001,3.02,0.13,1.4500000000000002,-7.52,3.8299999999999983,-0.41000000000000014,2.4699999999999998,6702723.734999999,-0.05869432513921957,-0.07438337409756102,75,5,5,0,3,3,3,3,3.0,0,3,45,45,45
2022-08-22 00:00:00+00:00,295.271,2.33,0.43,2.98,3.25,123.1541,21667.5,12381.57,152536.0,2235.665,3.5,23.8,8849762.0,545.321,2022-07-01 00:00:00+00:00,2022-08-19 00:00:00+00:00,2022-08-19 00:00:00+00:00,2022-08-19 00:00:00+00:00,2022-08-19 00:00:00+00:00,2022-08-19 00:00:00+00:00,2022-06-01 00:00:00+00:00,2022-08-22 00:00:00+00:00,2022-07-01 00:00:00+00:00,2022-08-22 00:00:00+00:00,2022-07-01 00:00:00+00:00,2022-08-22 00:00:00+00:00,2022-08-17 00:00:00+00:00,2022-08-17 00:00:00+00:00,0.030103309111609633,0.07018570116408451,-0.006541382934388551,0.0608228069089769,0.008043485854017263,0.03818647604154002,0.07079977828941075,-0.18801046348343675,0.02263366097726216,0.08111772199834277,-0.4864297831382487,0.47594103685190703,-0.010804537199001985,0.0590158873502471,191.00700000000006,1099.968,0.20000000000000018,1.72,-0.10000000000000009,-1.9000000000000004,1.5,2.24,0.6499999999999999,3.02,0.19999999999999998,1.44,-4.68,6.650000000000002,-0.27,2.55,6613551.679,-0.042451746310606,-0.08587119786917619,82,5,5,0,3,3,3,3,3.0,0,0,52,52,52
2022-08-29 00:00:00+00:00,295.271,2.33,0.47,3.04,3.37,123.2019,21709.2,12017.67,152536.0,2205.188,3.5,26.21,8851436.0,535.267,2022-07-01 00:00:00+00:00,2022-08-26 00:00:00+00:00,2022-08-26 00:00:00+00:00,2022-08-26 00:00:00+00:00,2022-08-26 00:00:00+00:00,2022-08-26 00:00:00+00:00,2022-07-01 00:00:00+00:00,2022-08-29 00:00:00+00:00,2022-07-01 00:00:00+00:00,2022-08-29 00:00:00+00:00,2022-07-01 00:00:00+00:00,2022-08-29 00:00:00+00:00,2022-08-24 00:00:00+00:00,2022-08-24 00:00:00+00:00,0.03049136542523545,0.08080035577179956,-0.0008656175432069091,0.055624865552672986,0.008043485854017263,0.03818647604154002,-0.00939680935495879,-0.23924286107253678,0.02263366097726216,0.08111772199834277,-0.42840885373578796,0.5742278710847772,-0.007074891729640598,0.06038701205331343,198.5,1064.477,0.29000000000000004,1.73,-0.10000000000000009,-1.9000000000000004,1.5,2.25,0.9100000000000001,3.15,0.33999999999999997,1.55,-0.3299999999999983,10.02,-0.33000000000000007,2.5700000000000003,6645712.732999999,-0.038530357158238715,-0.07895988905561957,59,5,5,0,3,3,3,3,3.0,0,0,59,59,59
2022-09-05 00:00:00+00:00,295.271,2.33,0.81,3.26,3.51,123.2019,21709.2,11630.86,152744.0,2173.413,3.7,25.99,8826093.0,612.536,2022-07-01 00:00:00+00:00,2022-09-01 00:00:00+00:00,2022-09-01 00:00:00+00:00,2022-09-01 00:00:00+00:00,2022-09-01 00:00:00+00:00,2022-08-26 00:00:00+00:00,2022-07-01 00:00:00+00:00,2022-09-02 00:00:00+00:00,2022-08-01 00:00:00+00:00,2022-09-02 00:00:00+00:00,2022-08-01 00:00:00+00:00,2022-09-05 00:00:00+00:00,2022-08-31 00:00:00+00:00,2022-08-31 00:00:00+00:00,0.03970000891887082,0.08080035577179956,-0.0008656175432069091,0.055624865552672986,0.006977093337372509,0.03703904820666892,-0.03634587303425185,-0.2783339576452768,0.02263366097726216,0.08111772199834277,-0.2538326486546927,0.7912463885142573,-0.010028411982865748,0.05554995579984556,133.31999999999994,1098.706,0.2999999999999998,1.9699999999999998,0.10000000000000009,-1.5,1.5,2.25,0.8499999999999996,3.3099999999999996,0.5900000000000001,1.84,0.9199999999999982,9.579999999999998,-0.25,2.4499999999999997,6652067.464,-0.03284283746488015,-0.08940453663172576,66,5,5,3,4,4,4,4,10.0,0,3,66,35,35
2022-09-12 00:00:00+00:00,295.271,2.33,0.91,3.33,3.56,123.9551,21709.2,12266.41,152744.0,2218.546,3.7,23.87,8822401.0,581.295,2022-07-01 00:00:00+00:00,2022-09-09 00:00:00+00:00,2022-09-09 00:00:00+00:00,2022-09-09 00:00:00+00:00,2022-09-09 00:00:00+00:00,2022-09-09 00:00:00+00:00,2022-07-01 00:00:00+00:00,2022-09-12 00:00:00+00:00,2022-08-01 00:00:00+00:00,2022-09-12 00:00:00+00:00,2022-08-01 00:00:00+00:00,2022-09-12 00:00:00+00:00,2022-09-07 00:00:00+00:00,2022-09-07 00:00:00+00:00,0.031075242072775566,0.09039139850237099,-0.0008656175432069091,0.055624865552672986,0.006977093337372509,0.03703904820666892,0.12646423360298442,-0.2081995796081273,0.012942770724895247,0.08111772199834277,-0.21868182823655147,0.829910329445636,-0.010806132326873552,0.05415697158988486,5.925999999999931,1131.4379999999999,0.18000000000000016,1.98,0.10000000000000009,-1.5,1.5,2.25,0.5,3.33,0.52,1.96,-10.150000000000002,4.5,-0.22999999999999998,2.42,6603273.705,-0.015274643731487458,-0.09618421640791297,73,5,5,0,3,3,3,3,3.0,0,0,73,42,42
2022-09-19 00:00:00+00:00,295.62,2.33,1.07,3.45,3.85,125.0338,21709.2,11535.02,152744.0,2217.542,3.7,25.76,8832759.0,593.808,2022-08-01 00:00:00+00:00,2022-09-16 00:00:00+00:00,2022-09-16 00:00:00+00:00,2022-09-16 00:00:00+00:00,2022-09-16 00:00:00+00:00,2022-09-16 00:00:00+00:00,2022-07-01 00:00:00+00:00,2022-09-19 00:00:00+00:00,2022-08-01 00:00:00+00:00,2022-09-19 00:00:00+00:00,2022-08-01 00:00:00+00:00,2022-09-19 00:00:00+00:00,2022-09-14 00:00:00+00:00,2022-09-14 00:00:00+00:00,0.039739939565608395,0.09325445070495864,-0.0008656175432069091,0.055624865552672986,0.006977093337372509,0.03703904820666892,0.06599428079702108,-0.24340499976080388,0.014124037796428901,0.07955909552105034,-0.10093009501537331,0.9470516548051489,-0.01121993147366318,0.04444655469861303,-11.73700000000008,993.2529999999999,0.17000000000000037,2.08,0.10000000000000009,-1.5,0.75,2.25,0.71,3.62,0.41000000000000003,2.0300000000000002,-5.27,0.05000000000000071,-0.3999999999999999,2.38,6614623.192,-0.013195390068089452,-0.0881606821180494,80,5,5,0,3,3,3,3,3.0,0,0,49,49,49
2022-09-26 00:00:00+00:00,295.62,3.08,1.32,3.69,4.2,127.4232,21709.2,10802.92,152744.0,2299.011,3.7,32.26,8816802.0,692.496,2022-08-01 00:00:00+00:00,2022-09-23 00:00:00+00:00,2022-09-23 00:00:00+00:00,2022-09-23 00:00:00+00:00,2022-09-23 00:00:00+00:00,2022-09-23 00:00:00+00:00,2022-07-01 00:00:00+00:00,2022-09-26 00:00:00+00:00,2022-08-01 00:00:00+00:00,2022-09-26 00:00:00+00:00,2022-08-01 00:00:00+00:00,2022-09-26 00:00:00+00:00,2022-09-21 00:00:00+00:00,2022-09-21 00:00:00+00:00,0.05516390747748545,0.11063491159336447,-0.0008656175432069091,0.055624865552672986,0.006977093337372509,0.03703904820666892,-0.06466307461020548,-0.32622972646444914,0.014124037796428901,0.07955909552105034,-0.09075420501621423,0.8101312528774223,-0.01324373139826207,0.03779094939736538,143.06899999999996,1001.961,0.56,2.2199999999999998,0.10000000000000009,-1.5,1.5,3.0,1.1600000000000001,3.91,0.7500000000000001,2.19,5.309999999999999,13.499999999999996,-0.5100000000000002,2.37,6517098.504000001,-0.03920054010402296,-0.09860482406110727,87,5,5,0,3,3,3,3,3.0,0,0,56,56,56
2022-10-03 00:00:00+00:00,295.62,3.08,1.68,3.83,4.22,127.6413,21711.4,10815.43,152744.0,2252.523,3.7,30.1,8795567.0,689.569,2022-08-01 00:00:00+00:00,2022-09-30 00:00:00+00:00,2022-09-30 00:00:00+00:00,2022-09-30 00:00:00+00:00,2022-09-30 00:00:00+00:00,2022-09-30 00:00:00+00:00,2022-08-01 00:00:00+00:00,2022-10-03 00:00:00+00:00,2022-08-01 00:00:00+00:00,2022-10-03 00:00:00+00:00,2022-08-01 00:00:00+00:00,2022-10-03 00:00:00+00:00,2022-09-28 00:00:00+00:00,2022-09-28 00:00:00+00:00,0.056874063560790944,0.10679411636386327,-0.0019693741180653035,0.04302872268704938,0.006977093337372509,0.03703904820666892,-0.02847715681136087,-0.2761675759855944,0.014124037796428901,0.07955909552105034,-0.09280363278296822,1.2490934998953733,-0.013325082869510396,0.040320366651155126,85.4380000000001,853.3500000000001,0.8500000000000001,2.35,0.10000000000000009,-1.5,1.5,3.0,1.2999999999999998,3.9499999999999997,1.0299999999999998,2.58,2.5700000000000003,7.140000000000001,-0.3899999999999997,2.1500000000000004,6542354.431,-0.030609845391571966,-0.07453336516061349,63,5,5,0,3,3,3,3,3.0,0,0,63,63,63
2022-10-10 00:00:00+00:00,295.62,3.08,1.61,3.83,4.23,127.6413,21711.4,10542.1,153018.0,2226.95,3.5,32.45,8759053.0,633.939,2022-08-01 00:00:00+00:00,2022-10-06 00:00:00+00:00,2022-10-06 00:00:00+00:00,2022-10-06 00:00:00+00:00,2022-10-06 00:00:00+00:00,2022-09-30 00:00:00+00:00,2022-08-01 00:00:00+00:00,2022-10-10 00:00:00+00:00,2022-09-01 00:00:00+00:00,2022-10-07 00:00:00+00:00,2022-09-01 00:00:00+00:00,2022-10-10 00:00:00+00:00,2022-10-05 00:00:00+00:00,2022-10-05 00:00:00+00:00,0.04070242830165238,0.10679411636386327,-0.0019693741180653035,0.04302872268704938,0.006806628289746541,0.03636812825831548,-0.07583018931062924,-0.31781970785754154,0.014124037796428901,0.07955909552105034,-0.09978024387047402,1.5423761119649892,-0.015047445244677604,0.03426213825456692,62.68399999999974,854.9919999999997,0.7400000000000002,2.25,-0.10000000000000009,-1.2999999999999998,1.5,3.0,1.1100000000000003,3.9100000000000006,0.8900000000000001,2.49,6.280000000000001,12.450000000000003,-0.40000000000000036,2.2199999999999998,6531469.061000001,-0.029480226630537842,-0.0823268158263204,70,5,5,3,4,4,4,4,10.0,0,0,70,39,39
2022-10-17 00:00:00+00:00,296.761,3.08,1.59,4.0,4.48,128.4973,21711.4,10675.8,153018.0,2172.301,3.5,31.37,8758969.0,608.302,2022-09-01 00:00:00+00:00,2022-10-14 00:00:00+00:00,2022-10-14 00:00:00+00:00,2022-10-14 00:00:00+00:00,2022-10-14 00:00:00+00:00,2022-10-14 00:00:00+00:00,2022-08-01 00:00:00+00:00,2022-10-17 00:00:00+00:00,2022-09-01 00:00:00+00:00,2022-10-17 00:00:00+00:00,2022-09-01 00:00:00+00:00,2022-10-17 00:00:00+00:00,2022-10-12 00:00:00+00:00,2022-10-12 00:00:00+00:00,0.03929919258980252,0.11581266041497873,-0.0019693741180653035,0.04302872268704938,0.006806628289746541,0.03636812825831548,-0.062123316933060835,-0.3415236473090264,0.004840497958860546,0.07929547180782759,-0.07025000876424858,2.055784814451002,-0.015508582899014911,0.03225667541788191,-18.07400000000007,695.1869999999999,1.0699999999999998,2.41,-0.10000000000000009,-1.2999999999999998,1.5,3.0,1.3500000000000005,4.07,1.02,2.56,6.07,15.060000000000002,-0.4800000000000004,2.41,6586059.698000001,-0.017874320056369797,-0.061490491880132225,77,5,5,0,3,3,3,3,3.0,0,0,46,46,46
2022-10-24 00:00:00+00:00,296.761,3.08,1.69,4.21,4.49,127.8337,21711.4,10952.61,153018.0,2242.044,3.5,29.85,8743922.0,607.199,2022-09-01 00:00:00+00:00,2022-10-21 00:00:00+00:00,2022-10-21 00:00:00+00:00,2022-10-21 00:00:00+00:00,2022-10-21 00:00:00+00:00,2022-10-21 00:00:00+00:00,2022-08-01 00:00:00+00:00,2022-10-24 00:00:00+00:00,2022-09-01 00:00:00+00:00,2022-10-24 00:00:00+00:00,2022-09-01 00:00:00+00:00,2022-10-24 00:00:00+00:00,2022-10-19 00:00:00+00:00,2022-10-19 00:00:00+00:00,0.04252448107405993,0.11416953696476817,-0.0019693741180653035,0.04302872268704938,0.006806628289746541,0.03636812825831548,-0.07305202386447007,-0.3294733385354327,0.004840497958860546,0.07929547180782759,-0.010939632159617574,1.9853761496100013,-0.01760401543001855,0.02068135366919499,49.67699999999968,828.8559999999998,1.44,2.55,-0.10000000000000009,-1.2999999999999998,1.5,3.0,1.5100000000000002,4.01,1.26,2.67,6.490000000000002,14.610000000000001,-0.28000000000000025,2.52,6501270.801000001,-0.031039595883353144,-0.09534845591004171,84,5,5,0,3,3,3,3,3.0,0,0,53,53,53
2022-10-31 00:00:00+00:00,296.761,3.08,1.51,4.02,4.41,127.3892,21503.4,10988.15,153018.0,2275.459,3.5,25.88,8723090.0,634.548,2022-09-01 00:00:00+00:00,2022-10-28 00:00:00+00:00,2022-10-28 00:00:00+00:00,2022-10-28 00:00:00+00:00,2022-10-28 00:00:00+00:00,2022-10-28 00:00:00+00:00,2022-09-01 00:00:00+00:00,2022-10-31 00:00:00+00:00,2022-09-01 00:00:00+00:00,2022-10-31 00:00:00+00:00,2022-09-01 00:00:00+00:00,2022-10-31 00:00:00+00:00,2022-10-26 00:00:00+00:00,2022-10-26 00:00:00+00:00,0.044434849620326844,0.10654551464317485,-0.007602379860600195,0.024503241867320114,0.006806628289746541,0.03636812825831548,-0.11837430605021027,-0.35019192219104056,0.004840497958860546,0.07929547180782759,0.05108695245767336,1.090255503917037,-0.01895396652031245,0.019319587207547784,113.57399999999961,916.8529999999998,1.3499999999999996,2.4699999999999998,-0.10000000000000009,-1.2999999999999998,0.7600000000000002,3.0100000000000002,1.52,3.93,1.37,2.4699999999999998,3.039999999999999,9.469999999999999,-0.39000000000000057,2.51,6446996.452,-0.04259163409466282,-0.1101001735699878,60,5,5,0,3,3,3,3,3.0,0,0,60,60,60
2022-11-07 00:00:00+00:00,296.761,3.83,1.69,4.17,4.66,127.3506,21503.4,10564.52,153308.0,2241.317,3.7,24.35,8676870.0,598.544,2022-09-01 00:00:00+00:00,2022-11-04 00:00:00+00:00,2022-11-04 00:00:00+00:00,2022-11-04 00:00:00+00:00,2022-11-04 00:00:00+00:00,2022-11-04 00:00:00+00:00,2022-09-01 00:00:00+00:00,2022-11-07 00:00:00+00:00,2022-10-01 00:00:00+00:00,2022-11-07 00:00:00+00:00,2022-10-01 00:00:00+00:00,2022-11-07 00:00:00+00:00,2022-11-02 00:00:00+00:00,2022-11-02 00:00:00+00:00,0.039562128281451336,0.10674994838888807,-0.007602379860600195,0.024503241867320114,0.005048336011686416,0.033083610158085364,-0.17971795758141873,-0.4139843970372823,0.004840497958860546,0.07929547180782759,0.007427136104260157,0.7589785612813689,-0.022534652980965575,0.011824915355369114,45.625,886.935,1.3399999999999999,2.7199999999999998,0.20000000000000018,-0.8999999999999995,1.5,3.75,1.42,4.2700000000000005,1.3199999999999998,2.7800000000000002,3.0600000000000023,7.130000000000003,-0.4900000000000002,2.48,6434954.456,-0.03712377454706939,-0.11513910798329263,67,5,5,0,3,3,3,3,3.0,0,0,67,37,37
2022-11-14 00:00:00+00:00,298.062,3.83,1.43,3.82,4.34,124.8818,21503.4,11196.22,153308.0,2165.018,3.7,23.73,8678886.0,527.479,2022-10-01 00:00:00+00:00,2022-11-11 00:00:00+00:00,2022-11-10 00:00:00+00:00,2022-11-10 00:00:00+00:00,2022-11-10 00:00:00+00:00,2022-11-10 00:00:00+00:00,2022-09-01 00:00:00+00:00,2022-11-14 00:00:00+00:00,2022-10-01 00:00:00+00:00,2022-11-14 00:00:00+00:00,2022-10-01 00:00:00+00:00,2022-11-14 00:00:00+00:00,2022-11-09 00:00:00+00:00,2022-11-09 00:00:00+00:00,0.030498387568240304,0.08313232600042486,-0.007602379860600195,0.024503241867320114,0.005048336011686416,0.033083610158085364,-0.15299656357719726,-0.34783615170042026,0.009407939844118474,0.07428089898726142,-0.05493183567287652,0.7101503577088089,-0.022811300798187162,0.0018185908912631277,-10.838999999999942,773.3610000000001,0.98,2.2399999999999998,0.20000000000000018,-0.8999999999999995,1.5,3.75,1.0899999999999999,3.8099999999999996,1.06,2.58,3.780000000000001,7.240000000000002,-0.52,2.3899999999999997,6513340.521,-0.028661509921763084,-0.11006897557820139,74,5,5,0,3,4,4,4,4.0,0,0,44,44,44
2022-11-21 00:00:00+00:00,298.062,3.83,1.57,3.82,4.51,123.9828,21503.4,11024.51,153308.0,2125.426,3.7,23.12,8625620.0,502.982,2022-10-01 00:00:00+00:00,2022-11-18 00:00:00+00:00,2022-11-18 00:00:00+00:00,2022-11-18 00:00:00+00:00,2022-11-18 00:00:00+00:00,2022-11-18 00:00:00+00:00,2022-09-01 00:00:00+00:00,2022-11-21 00:00:00+00:00,2022-10-01 00:00:00+00:00,2022-11-21 00:00:00+00:00,2022-10-01 00:00:00+00:00,2022-11-18 00:00:00+00:00,2022-11-16 00:00:00+00:00,2022-11-16 00:00:00+00:00,0.006706429561743832,0.06973270620680605,-0.007602379860600195,0.024503241867320114,0.005048336011686416,0.033083610158085364,-0.11608810076251252,-0.36334879479426085,0.009407939844118474,0.07428089898726142,-0.08082022793075438,0.866551632602067,-0.02565372161099866,-0.005705023221828753,-110.23900000000003,551.6569999999999,0.8399999999999999,2.28,0.20000000000000018,-0.8999999999999995,1.5,3.75,1.2599999999999998,3.9899999999999998,1.1400000000000001,2.68,-0.6799999999999997,3.9499999999999993,-0.69,2.25,6499691.017999999,-0.01736618854199712,-0.0884795070732558,81,5,5,0,3,3,3,3,3.0,3,0,51,51,51
2022-11-28 00:00:00+00:00,298.062,3.83,1.36,3.68,4.42,123.4863,21415.2,11049.5,153308.0,2054.914,3.7,22.21,8621390.0,479.474,2022-10-01 00:00:00+00:00,2022-11-25 00:00:00+00:00,2022-11-25 00:00:00+00:00,2022-11-25 00:00:00+00:00,2022-11-25 00:00:00+00:00,2022-11-25 00:00:00+00:00,2022-10-01 00:00:00+00:00,2022-11-28 00:00:00+00:00,2022-10-01 00:00:00+00:00,2022-11-28 00:00:00+00:00,2022-10-01 00:00:00+00:00,2022-11-28 00:00:00+00:00,2022-11-23 00:00:00+00:00,2022-11-23 00:00:00+00:00,0.0023057456822028755,0.05458896267433477,-0.01363518356116522,0.010708444365503667,0.005048336011686416,0.033083610158085364,-0.08399288865173204,-0.3565374622047379,0.009407939844118474,0.07428089898726142,-0.1100760181205871,1.0722928947340877,-0.026333381168150538,-0.006979215542591177,-150.2739999999999,595.5750000000003,0.6400000000000001,2.2,0.20000000000000018,-0.8999999999999995,1.5,3.75,1.0499999999999998,3.92,0.8900000000000001,2.43,-4.0,-0.75,-0.7399999999999998,2.3200000000000003,6565996.526000001,-0.012067654963663799,-0.09526472896477678,58,5,5,0,3,3,3,3,3.0,0,0,58,58,58
2022-12-05 00:00:00+00:00,298.062,3.83,1.08,3.51,4.28,122.1251,21415.2,11239.94,153548.0,2093.647,3.7,20.75,8584576.0,511.474,2022-10-01 00:00:00+00:00,2022-12-02 00:00:00+00:00,2022-12-02 00:00:00+00:00,2022-12-02 00:00:00+00:00,2022-12-02 00:00:00+00:00,2022-12-02 00:00:00+00:00,2022-10-01 00:00:00+00:00,2022-12-05 00:00:00+00:00,2022-11-01 00:00:00+00:00,2022-12-05 00:00:00+00:00,2022-11-01 00:00:00+00:00,2022-12-05 00:00:00+00:00,2022-11-30 00:00:00+00:00,2022-11-30 00:00:00+00:00,-0.008778543862647759,0.045734206279363754,-0.01363518356116522,0.010708444365503667,0.005249904317574661,0.03268106795862735,-0.03418840411324098,-0.3034751593911711,0.009407939844118474,0.07428089898726142,-0.18031096299166638,1.2091424831172688,-0.02774534317993904,-0.00763868919081645,-79.76600000000008,605.6509999999998,0.25,2.1599999999999997,0.0,-0.5,1.5,3.75,0.7700000000000005,3.68,0.27,2.16,-5.239999999999998,-6.43,-0.7700000000000005,2.4299999999999997,6490417.526000001,-0.024600840800564683,-0.09849778261722442,65,5,5,0,3,3,3,3,3.0,0,0,65,34,34
2022-12-12 00:00:00+00:00,298.062,3.83,1.31,3.57,4.33,122.5047,21415.2,11143.74,153548.0,2158.517,3.7,25.0,8582735.0,432.335,2022-10-01 00:00:00+00:00,2022-12-09 00:00:00+00:00,2022-12-09 00:00:00+00:00,2022-12-09 00:00:00+00:00,2022-12-09 00:00:00+00:00,2022-12-09 00:00:00+00:00,2022-10-01 00:00:00+00:00,2022-12-12 00:00:00+00:00,2022-11-01 00:00:00+00:00,2022-12-12 00:00:00+00:00,2022-11-01 00:00:00+00:00,2022-12-12 00:00:00+00:00,2022-12-07 00:00:00+00:00,2022-12-07 00:00:00+00:00,-0.01177000666226391,0.05469111074018773,-0.01363518356116522,0.010708444365503667,0.005249904317574661,0.03268106795862735,-0.09598672710990641,-0.33835262614760886,0.009407939844118474,0.06651993678480128,-0.29605762256866175,1.3232517482151929,-0.027541427921171646,-0.009484360743572395,-60.028999999999996,558.7489999999998,0.23999999999999977,2.09,0.0,-0.5,1.5,3.75,0.77,3.66,0.4,2.27,1.129999999999999,4.690000000000001,-0.7600000000000002,2.26,6423785.664999999,-0.027557930604423575,-0.09509457305105684,72,5,5,0,3,3,3,3,3.0,0,0,72,41,41
2022-12-19 00:00:00+00:00,298.349,4.33,1.35,3.48,4.17,122.7419,21415.2,10546.03,153548.0,2134.765,3.7,22.42,8583413.0,355.517,2022-11-01 00:00:00+00:00,2022-12-16 00:00:00+00:00,2022-12-16 00:00:00+00:00,2022-12-16 00:00:00+00:00,2022-12-16 00:00:00+00:00,2022-12-16 00:00:00+00:00,2022-10-01 00:00:00+00:00,2022-12-19 00:00:00+00:00,2022-11-01 00:00:00+00:00,2022-12-19 00:00:00+00:00,2022-11-01 00:00:00+00:00,2022-12-19 00:00:00+00:00,2022-12-14 00:00:00+00:00,2022-12-14 00:00:00+00:00,-0.018500324033509763,0.054672830399073113,-0.01363518356116522,0.010708444365503667,0.005249904317574661,0.03268106795862735,-0.08963813969302414,-0.35102924066945285,0.009189096410488595,0.06748236042270506,-0.5129829667167574,1.2215383803364528,-0.028635803390363535,-0.019983618944905857,-82.77700000000004,376.72399999999993,0.029999999999999805,2.0700000000000003,0.0,-0.5,2.0,4.25,0.31999999999999984,3.51,0.28,2.3200000000000003,-3.34,-0.4499999999999993,-0.69,2.13,6448292.482999999,-0.02546746884153528,-0.08188336255062723,79,5,5,0,3,3,3,3,3.0,0,0,48,48,48
2022-12-26 00:00:00+00:00,298.349,4.33,1.48,3.67,4.24,122.7419,21415.2,10497.86,153548.0,2216.348,3.7,20.87,8564411.0,459.78,2022-11-01 00:00:00+00:00,2022-12-22 00:00:00+00:00,2022-12-22 00:00:00+00:00,2022-12-22 00:00:00+00:00,2022-12-22 00:00:00+00:00,2022-12-16 00:00:00+00:00,2022-10-01 00:00:00+00:00,2022-12-23 00:00:00+00:00,2022-11-01 00:00:00+00:00,2022-12-23 00:00:00+00:00,2022-11-01 00:00:00+00:00,2022-12-23 00:00:00+00:00,2022-12-21 00:00:00+00:00,2022-12-21 00:00:00+00:00,-0.03743005345258865,0.056896252877415066,-0.01363518356116522,0.010708444365503667,0.005249904317574661,0.03268106795862735,-0.028645041089378154,-0.41333849960407676,0.009189096410488595,0.06748236042270506,-0.4095543476611585,1.6886381806794795,-0.029043858066248873,-0.026055662936096624,-82.66300000000001,636.001,-0.020000000000000018,2.17,0.0,-0.5,1.25,4.25,0.040000000000000036,3.5300000000000002,0.15999999999999992,2.45,-11.389999999999997,3.1900000000000013,-0.5700000000000003,2.19,6347603.220000001,-0.02635196618143354,-0.12740039951796867,86,5,5,3,4,4,4,4,10.0,3,3,55,55,55
2023-01-02 00:00:00+00:00,298.349,4.33,1.56,3.83,4.34,122.0889,21351.6,10466.48,153548.0,2553.716,3.7,21.67,8551169.0,427.926,2022-11-01 00:00:00+00:00,2022-12-29 00:00:00+00:00,2022-12-29 00:00:00+00:00,2022-12-29 00:00:00+00:00,2022-12-29 00:00:00+00:00,2022-12-23 00:00:00+00:00,2022-11-01 00:00:00+00:00,2022-12-30 00:00:00+00:00,2022-11-01 00:00:00+00:00,2022-12-30 00:00:00+00:00,2022-11-01 00:00:00+00:00,2022-12-30 00:00:00+00:00,2022-12-28 00:00:00+00:00,2022-12-28 00:00:00+00:00,-0.044474518359925774,0.05707068027185169,-0.01671078990417918,-0.0039777281269213205,0.005249904317574661,0.03268106795862735,-0.032796048515630005,-0.41390596790247614,0.009189096410488595,0.06748236042270506,-0.47711648130566076,0.7030765266966466,-0.028179845810665682,-0.02383790981667744,301.19299999999976,857.2399999999998,0.0,2.31,0.0,-0.5,1.25,4.26,0.1200000000000001,3.61,-0.11999999999999988,2.6,-8.43,5.07,-0.5099999999999998,2.27,5997025.073999999,-0.08703358015483253,-0.16329089008655728,62,5,5,3,4,4,4,4,10.0,3,3,62,62,62
2023-01-09 00:00:00+00:00,298.349,4.33,1.34,3.55,4.24,121.1711,21351.6,10635.65,153743.0,2199.121,3.5,21.97,8507429.0,423.625,2022-11-01 00:00:00+00:00,2023-01-06 00:00:00+00:00,2023-01-06 00:00:00+00:00,2023-01-06 00:00:00+00:00,2023-01-06 00:00:00+00:00,2023-01-06 00:00:00+00:00,2022-11-01 00:00:00+00:00,2023-01-09 00:00:00+00:00,2022-12-01 00:00:00+00:00,2023-01-09 00:00:00+00:00,2022-12-01 00:00:00+00:00,2023-01-09 00:00:00+00:00,2023-01-04 00:00:00+00:00,2023-01-04 00:00:00+00:00,-0.052020389896310526,0.05144659090699655,-0.01671078990417918,-0.0039777281269213205,0.004726815663504524,0.03166498439583343,0.00883480147730431,-0.34002002039887635,0.009189096410488595,0.06748236042270506,-0.4031041053700566,0.08334055624534731,-0.029148012301032367,-0.029908992194043194,-27.828999999999724,638.7,-0.28000000000000025,1.7899999999999998,0.0,-0.3999999999999999,1.25,4.25,0.009999999999999787,3.37,-0.27,2.06,-10.480000000000004,2.5700000000000003,-0.6900000000000004,2.21,6307884.375,-0.03483155000855298,-0.13296243357350868,69,5,5,0,3,3,3,3,3.0,0,0,69,39,39
2023-01-16 00:00:00+00:00,298.112,4.33,1.22,3.43,4.12,121.1711,21351.6,11079.16,153743.0,2179.781,3.5,19.49,8508587.0,372.34,2022-12-01 00:00:00+00:00,2023-01-12 00:00:00+00:00,2023-01-12 00:00:00+00:00,2023-01-12 00:00:00+00:00,2023-01-12 00:00:00+00:00,2023-01-06 00:00:00+00:00,2022-11-01 00:00:00+00:00,2023-01-13 00:00:00+00:00,2022-12-01 00:00:00+00:00,2023-01-13 00:00:00+00:00,2022-12-01 00:00:00+00:00,2023-01-16 00:00:00+00:00,2023-01-11 00:00:00+00:00,2023-01-11 00:00:00+00:00,-0.05870429608449079,0.05144659090699655,-0.01671078990417918,-0.0039777281269213205,0.004726815663504524,0.03166498439583343,0.03708636841216517,-0.295875795694041,0.004542153779794944,0.061994172361478306,-0.49086405382889264,-0.20356439370224244,-0.02900231511175555,-0.03234289922231781,7.480000000000018,580.894,-0.5699999999999998,1.7300000000000002,0.0,-0.3999999999999999,1.25,4.25,-0.3600000000000003,3.21,-0.3700000000000001,1.95,-11.880000000000003,0.29999999999999716,-0.69,2.21,6328433.66,-0.03990248983348188,-0.12749022413077427,76,5,5,3,4,4,4,4,10.0,0,3,46,46,46
2023-01-23 00:00:00+00:00,298.112,4.33,1.25,3.48,4.14,119.4619,21351.6,11364.41,153743.0,2135.499,3.5,19.81,8489039.0,339.018,2022-12-01 00:00:00+00:00,2023-01-20 00:00:00+00:00,2023-01-20 00:00:00+00:00,2023-01-20 00:00:00+00:00,2023-01-20 00:00:00+00:00,2023-01-20 00:00:00+00:00,2022-11-01 00:00:00+00:00,2023-01-23 00:00:00+00:00,2022-12-01 00:00:00+00:00,2023-01-23 00:00:00+00:00,2022-12-01 00:00:00+00:00,2023-01-23 00:00:00+00:00,2023-01-18 00:00:00+00:00,2023-01-18 00:00:00+00:00,-0.0677327083701238,0.04108382774570796,-0.01671078990417918,-0.0039777281269213205,0.004726815663504524,0.03166498439583343,0.03690875816201711,-0.19816901897859296,0.004542153779794944,0.061994172361478306,-0.5828033758602746,-0.3656894622058777,-0.02958302850590755,-0.04365477066325418,-106.54500000000007,521.4969999999998,-0.73,1.73,0.0,-0.3999999999999999,1.25,4.25,-0.35000000000000053,3.13,-0.43999999999999995,1.8399999999999999,-10.040000000000003,-10.09,-0.6599999999999997,2.23,6353200.982000001,-0.023038888091949872,-0.13250373026654572,83,5,5,0,3,3,3,3,3.0,0,0,53,53,53
2023-01-30 00:00:00+00:00,298.112,4.33,1.19,3.52,4.19,119.0724,21207.4,11393.81,153743.0,2048.714,3.5,19.94,8470557.0,491.848,2022-12-01 00:00:00+00:00,2023-01-27 00:00:00+00:00,2023-01-27 00:00:00+00:00,2023-01-27 00:00:00+00:00,2023-01-27 00:00:00+00:00,2023-01-27 00:00:00+00:00,2022-12-01 00:00:00+00:00,2023-01-30 00:00:00+00:00,2022-12-01 00:00:00+00:00,2023-01-30 00:00:00+00:00,2022-12-01 00:00:00+00:00,2023-01-30 00:00:00+00:00,2023-01-25 00:00:00+00:00,2023-01-25 00:00:00+00:00,-0.06751525570361316,0.025592533154242147,-0.013860884790105388,-0.020105472378260103,0.004726815663504524,0.03166498439583343,0.03625280608018677,-0.2229762535060793,0.004542153779794944,0.061994172361478306,-0.25474320874119005,-0.2232525221337216,-0.029377264936170988,-0.045005235512121544,-226.7449999999999,393.86400000000003,-0.49999999999999956,1.74,0.0,-0.3999999999999999,1.25,4.25,-0.21999999999999975,3.0400000000000005,-0.32000000000000006,1.85,-5.939999999999998,-4.889999999999997,-0.6700000000000004,2.33,6421351.152000001,-0.003985800623450331,-0.1151494669977744,60,5,5,0,3,3,3,3,3.0,0,0,60,60,60
2023-02-06 00:00:00+00:00,298.112,4.58,1.31,3.53,4.3,119.4642,21207.4,11887.45,155073.0,2072.261,3.4,19.43,8433610.0,560.089,2022-12-01 00:00:00+00:00,2023-02-03 00:00:00+00:00,2023-02-03 00:00:00+00:00,2023-02-03 00:00:00+00:00,2023-02-03 00:00:00+00:00,2023-02-03 00:00:00+00:00,2022-12-01 00:00:00+00:00,2023-02-06 00:00:00+00:00,2023-01-01 00:00:00+00:00,2023-02-06 00:00:00+00:00,2023-01-01 00:00:00+00:00,2023-02-06 00:00:00+00:00,2023-02-01 00:00:00+00:00,2023-02-01 00:00:00+00:00,-0.063927167941495,0.0365796625898005,-0.013860884790105388,-0.020105472378260103,0.011447004016854834,0.03573707676946292,0.11798200476151344,-0.1646927676324914,0.004542153779794944,0.061994172361478306,-0.0664043397491092,-0.18776152116053257,-0.028435951711076157,-0.050811824725863985,-169.05600000000004,392.32899999999995,-0.6400000000000001,1.5999999999999999,-0.30000000000000027,-0.6000000000000001,0.75,4.5,-0.3600000000000003,2.9899999999999998,-0.3799999999999999,1.79,-4.920000000000002,-3.4299999999999997,-0.77,2.2199999999999998,6360788.911,-0.011592351208919993,-0.12290075610449769,67,5,5,0,3,3,3,3,3.0,0,0,67,36,36
2023-02-13 00:00:00+00:00,298.99,4.58,1.41,3.74,4.5,120.1228,21207.4,11891.79,155073.0,2107.775,3.4,20.34,8435369.0,493.277,2022-12-01 00:00:00+00:00,2023-02-10 00:00:00+00:00,2023-02-10 00:00:00+00:00,2023-02-10 00:00:00+00:00,2023-02-10 00:00:00+00:00,2023-02-10 00:00:00+00:00,2022-12-01 00:00:00+00:00,2023-02-13 00:00:00+00:00,2023-01-01 00:00:00+00:00,2023-02-13 00:00:00+00:00,2023-01-01 00:00:00+00:00,2023-02-13 00:00:00+00:00,2023-02-08 00:00:00+00:00,2023-02-08 00:00:00+00:00,-0.03885313707381677,0.04448370009558911,-0.013860884790105388,-0.020105472378260103,0.011447004016854834,0.03573707676946292,0.06027202471445037,-0.14816215854118475,0.0031086094588310687,0.058740673958366685,-0.06703817175044602,-0.3303663554979801,-0.028459718085732888,-0.05114385881687511,-57.24299999999994,441.5430000000001,-0.07999999999999963,1.8200000000000003,-0.30000000000000027,-0.6000000000000001,0.75,4.5,0.16000000000000014,3.0,-0.020000000000000018,1.92,-3.3900000000000006,-7.989999999999998,-0.7599999999999998,2.33,6327100.722999999,-0.029010351887974295,-0.13077809462345868,74,5,5,0,3,3,3,3,3.0,0,0,74,43,43
2023-02-20 00:00:00+00:00,300.536,4.58,1.49,3.86,4.62,120.1228,21207.4,11787.27,155073.0,2059.662,3.4,21.23,8384767.0,490.379,2023-01-01 00:00:00+00:00,2023-02-16 00:00:00+00:00,2023-02-16 00:00:00+00:00,2023-02-16 00:00:00+00:00,2023-02-16 00:00:00+00:00,2023-02-10 00:00:00+00:00,2022-12-01 00:00:00+00:00,2023-02-17 00:00:00+00:00,2023-01-01 00:00:00+00:00,2023-02-17 00:00:00+00:00,2023-01-01 00:00:00+00:00,2023-02-20 00:00:00+00:00,2023-02-15 00:00:00+00:00,2023-02-15 00:00:00+00:00,-0.031628293439775135,0.04448370009558911,-0.013860884790105388,-0.020105472378260103,0.011447004016854834,0.03573707676946292,0.06689915967330684,-0.13922396618237975,0.008266028576041862,0.06389809307557748,-0.025375822652025093,-0.34518888056593866,-0.02832023721893151,-0.060873564738869845,-65.76400000000012,384.7329999999997,0.040000000000000036,1.89,-0.30000000000000027,-0.6000000000000001,0.75,4.5,0.11000000000000032,3.13,-0.08000000000000007,1.95,-1.8900000000000006,-6.52,-0.7600000000000002,2.37,6324614.621,-0.02730553680828507,-0.13453812582412006,81,5,5,3,4,4,4,4,10.0,0,3,50,50,50
2023-02-27 00:00:00+00:00,300.536,4.58,1.57,3.95,4.78,121.6304,21207.4,11466.98,155073.0,2162.435,3.4,20.95,8382190.0,477.333,2023-01-01 00:00:00+00:00,2023-02-24 00:00:00+00:00,2023-02-24 00:00:00+00:00,2023-02-24 00:00:00+00:00,2023-02-24 00:00:00+00:00,2023-02-24 00:00:00+00:00,2022-12-01 00:00:00+00:00,2023-02-27 00:00:00+00:00,2023-01-01 00:00:00+00:00,2023-02-27 00:00:00+00:00,2023-01-01 00:00:00+00:00,2023-02-27 00:00:00+00:00,2023-02-22 00:00:00+00:00,2023-02-22 00:00:00+00:00,-0.015143280453351338,0.053320291260885,-0.009750772896257587,-0.029397552245143288,0.011447004016854834,0.03573707676946292,0.037086422848078726,-0.1816690361919786,0.008266028576041862,0.06389809307557748,-0.004475309176036113,-0.3797726236061685,-0.02813710770891653,-0.06309763759223763,107.52099999999973,566.383,0.27,1.9800000000000002,-0.30000000000000027,-0.6000000000000001,0.75,4.5,0.3600000000000003,3.2300000000000004,0.20999999999999996,2.14,-1.2600000000000016,-9.2,-0.8300000000000001,2.38,6219277.667,-0.05425052069001346,-0.16450988196956828,88,5,5,0,3,3,3,3,3.0,0,0,57,57,57
2023-03-06 00:00:00+00:00,300.536,4.57,1.45,3.97,4.86,120.8531,21267.1,11675.74,155073.0,2190.793,3.4,18.61,8339684.0,381.245,2023-01-01 00:00:00+00:00,2023-03-03 00:00:00+00:00,2023-03-03 00:00:00+00:00,2023-03-03 00:00:00+00:00,2023-03-03 00:00:00+00:00,2023-03-03 00:00:00+00:00,2023-01-01 00:00:00+00:00,2023-03-06 00:00:00+00:00,2023-01-01 00:00:00+00:00,2023-03-06 00:00:00+00:00,2023-01-01 00:00:00+00:00,2023-03-06 00:00:00+00:00,2023-03-01 00:00:00+00:00,2023-03-01 00:00:00+00:00,-0.010470170741022855,0.034701046040748196,-0.006939672621323112,-0.026586451970208813,0.00988275206194622,0.030604211233219658,0.03803967847096423,-0.09434781561412642,0.008266028576041862,0.06389809307557748,-0.29385454012868273,-0.5829106159055968,-0.028941778696955467,-0.06552638733200666,97.14600000000019,729.566,0.4600000000000004,2.2300000000000004,-0.30000000000000027,-0.3999999999999999,0.7400000000000002,4.49,0.5800000000000001,3.3600000000000003,0.3699999999999999,2.38,-2.1400000000000006,-17.840000000000003,-0.8900000000000001,2.5200000000000005,6148509.755,-0.0541171261959601,-0.19100313708314864,64,5,5,0,3,3,3,3,3.0,0,0,64,64,64
2023-03-13 00:00:00+00:00,300.536,4.57,1.44,3.7,4.6,121.2924,21267.1,11188.84,155350.0,2126.677,3.6,26.52,8342283.0,333.35,2023-01-01 00:00:00+00:00,2023-03-10 00:00:00+00:00,2023-03-10 00:00:00+00:00,2023-03-10 00:00:00+00:00,2023-03-10 00:00:00+00:00,2023-03-10 00:00:00+00:00,2023-01-01 00:00:00+00:00,2023-03-13 00:00:00+00:00,2023-02-01 00:00:00+00:00,2023-03-13 00:00:00+00:00,2023-02-01 00:00:00+00:00,2023-03-13 00:00:00+00:00,2023-03-08 00:00:00+00:00,2023-03-08 00:00:00+00:00,-0.00994523718402096,0.034821553641671166,-0.006939672621323112,-0.026586451970208813,0.011667414110318575,0.03238887328159201,0.004038947699731565,-0.1172883729377272,0.008266028576041862,0.05595266915444164,-0.26000776162694983,-0.6709113870246011,-0.028415707356387543,-0.06592126865873027,-31.83999999999969,518.6560000000002,0.13000000000000034,1.7000000000000002,-0.10000000000000009,-0.19999999999999973,0.7400000000000002,4.49,0.2699999999999996,2.8499999999999996,0.1299999999999999,2.38,1.5199999999999996,-5.25,-0.8999999999999995,2.2600000000000002,6215272.65,-0.03299801769123789,-0.16114895532775542,71,5,5,0,3,3,3,3,3.0,0,0,71,40,40
2023-03-20 00:00:00+00:00,301.648,4.58,1.29,3.39,3.81,121.5752,21267.1,11675.54,155350.0,2098.393,3.6,24.15,8639300.0,232.866,2023-02-01 00:00:00+00:00,2023-03-17 00:00:00+00:00,2023-03-17 00:00:00+00:00,2023-03-17 00:00:00+00:00,2023-03-17 00:00:00+00:00,2023-03-17 00:00:00+00:00,2023-01-01 00:00:00+00:00,2023-03-20 00:00:00+00:00,2023-02-01 00:00:00+00:00,2023-03-20 00:00:00+00:00,2023-02-01 00:00:00+00:00,2023-03-20 00:00:00+00:00,2023-03-15 00:00:00+00:00,2023-03-15 00:00:00+00:00,-0.009550775353747376,0.04461362835685634,-0.006939672621323112,-0.026586451970208813,0.011667414110318575,0.03238887328159201,0.10174656937731896,-0.16995561716007224,0.010996832469811757,0.05964589668611531,-0.42310988723989773,-0.8962357731392929,0.0064899410633074694,-0.03581297289010266,-36.371999999999844,369.5,-0.08999999999999986,1.25,-0.10000000000000009,-0.19999999999999973,0.25,4.25,-0.3599999999999999,1.84,-0.06000000000000005,2.01,1.7299999999999969,0.6199999999999974,-0.41999999999999993,2.1,6540674.134,0.014224874307815938,-0.09948518103118253,78,5,5,0,3,3,3,3,3.0,0,0,47,47,47
2023-03-27 00:00:00+00:00,301.648,4.83,1.16,3.38,3.76,120.503,21267.1,11768.84,155350.0,2220.131,3.6,20.6,8733787.0,259.587,2023-02-01 00:00:00+00:00,2023-03-24 00:00:00+00:00,2023-03-24 00:00:00+00:00,2023-03-24 00:00:00+00:00,2023-03-24 00:00:00+00:00,2023-03-24 00:00:00+00:00,2023-01-01 00:00:00+00:00,2023-03-27 00:00:00+00:00,2023-02-01 00:00:00+00:00,2023-03-27 00:00:00+00:00,2023-02-01 00:00:00+00:00,2023-03-27 00:00:00+00:00,2023-03-22 00:00:00+00:00,2023-03-22 00:00:00+00:00,-0.018409127830937067,0.03844659230830949,-0.006939672621323112,-0.02528983010656205,0.011667414110318575,0.03238887328159201,0.1142839338976156,-0.19863598656960058,0.010996832469811757,0.05964589668611531,-0.5716562076759324,-0.8619057760154112,0.01958370614606153,-0.025847237630589603,3.7829999999999018,531.4989999999998,-0.29000000000000004,0.8999999999999999,-0.10000000000000009,-0.19999999999999973,0.5,4.5,-0.4800000000000004,1.46,-0.32000000000000006,1.63,-0.2699999999999996,0.9700000000000024,-0.3799999999999999,2.2199999999999998,6513396.413000001,0.025783746612923153,-0.11033908221359923,85,5,5,0,3,3,3,3,3.0,0,0,54,54,54
2023-04-03 00:00:00+00:00,301.648,4.83,1.16,3.48,4.06,119.4828,21062.5,12189.45,155350.0,2221.01,3.6,18.55,8705942.0,183.577,2023-02-01 00:00:00+00:00,2023-03-31 00:00:00+00:00,2023-03-31 00:00:00+00:00,2023-03-31 00:00:00+00:00,2023-03-31 00:00:00+00:00,2023-03-31 00:00:00+00:00,2023-02-01 00:00:00+00:00,2023-04-03 00:00:00+00:00,2023-02-01 00:00:00+00:00,2023-04-03 00:00:00+00:00,2023-02-01 00:00:00+00:00,2023-04-03 00:00:00+00:00,2023-03-29 00:00:00+00:00,2023-03-29 00:00:00+00:00,-0.021577039935452014,0.03281936726073642,-0.013632470206074387,-0.03495689964457327,0.011667414110318575,0.028897611156565972,0.1523930538331726,-0.1758201376263706,0.010996832469811757,0.05964589668611531,-0.8463160854290903,-1.141848879878677,0.01793778228694265,-0.02621007023802946,-332.7059999999997,528.0740000000003,-0.3500000000000001,1.1,-0.10000000000000009,0.0,0.5,4.5,-0.28000000000000025,1.6199999999999997,-0.40000000000000013,1.5699999999999998,-3.120000000000001,-0.019999999999999574,-0.5799999999999996,2.3200000000000003,6484748.423,0.0781894980700173,-0.11066956770425485,61,5,5,0,3,3,3,3,3.0,0,0,61,61,61
2023-04-10 00:00:00+00:00,301.648,4.83,1.14,3.39,3.97,119.5033,21062.5,12084.35,155569.0,2239.655,3.5,18.97,8632384.0,168.793,2023-02-01 00:00:00+00:00,2023-04-07 00:00:00+00:00,2023-04-07 00:00:00+00:00,2023-04-07 00:00:00+00:00,2023-04-07 00:00:00+00:00,2023-04-07 00:00:00+00:00,2023-02-01 00:00:00+00:00,2023-04-10 00:00:00+00:00,2023-03-01 00:00:00+00:00,2023-04-10 00:00:00+00:00,2023-03-01 00:00:00+00:00,2023-04-10 00:00:00+00:00,2023-04-05 00:00:00+00:00,2023-04-05 00:00:00+00:00,-0.013859610303845749,0.02514975465196656,-0.013632470206074387,-0.03495689964457327,0.01180698590893492,0.0303063384213349,0.12769966129282295,-0.10423561917150614,0.010996832469811757,0.05964589668611531,-0.9201755178195423,-1.2247416899857289,0.014580930820557114,-0.03474548907221653,40.534000000000106,480.6970000000001,-0.1599999999999997,0.6699999999999999,0.0,-0.10000000000000009,0.5,4.5,-0.27,1.4400000000000004,-0.20000000000000018,1.2899999999999998,-3.0,-5.400000000000002,-0.5800000000000001,2.25,6392560.207,0.013334507485511793,-0.11589424221470246,68,5,5,0,3,3,3,3,3.0,0,0,68,40,40
2023-04-17 00:00:00+00:00,301.808,4.83,1.22,3.52,4.08,119.0301,21062.5,12157.72,155569.0,2256.845,3.5,16.95,8614797.0,109.208,2023-03-01 00:00:00+00:00,2023-04-14 00:00:00+00:00,2023-04-14 00:00:00+00:00,2023-04-14 00:00:00+00:00,2023-04-14 00:00:00+00:00,2023-04-14 00:00:00+00:00,2023-02-01 00:00:00+00:00,2023-04-17 00:00:00+00:00,2023-03-01 00:00:00+00:00,2023-04-17 00:00:00+00:00,2023-03-01 00:00:00+00:00,2023-04-17 00:00:00+00:00,2023-04-12 00:00:00+00:00,2023-04-12 00:00:00+00:00,-0.017827194053109174,0.01853583467754394,-0.013632470206074387,-0.03495689964457327,0.01180698590893492,0.0303063384213349,0.0928984927868246,-0.0922298038234981,0.0123217987815476,0.04784497668933163,-1.2265530946430747,-1.6117573945541324,0.012405417304195865,-0.03990112179611849,77.06399999999985,518.4659999999999,0.08999999999999986,0.69,0.0,-0.10000000000000009,0.5,4.5,-0.040000000000000036,1.6099999999999999,0.0,1.28,-2.539999999999999,-5.220000000000002,-0.56,2.3,6357842.791999999,0.004636377709852368,-0.12807408723621982,75,5,5,0,3,3,3,3,3.0,0,0,47,47,47
2023-04-24 00:00:00+00:00,301.808,4.83,1.29,3.57,4.17,119.4921,21062.5,12037.2,155569.0,2308.538,3.5,16.89,8593263.0,166.555,2023-03-01 00:00:00+00:00,2023-04-21 00:00:00+00:00,2023-04-21 00:00:00+00:00,2023-04-21 00:00:00+00:00,2023-04-21 00:00:00+00:00,2023-04-21 00:00:00+00:00,2023-02-01 00:00:00+00:00,2023-04-24 00:00:00+00:00,2023-03-01 00:00:00+00:00,2023-04-24 00:00:00+00:00,2023-03-01 00:00:00+00:00,2023-04-24 00:00:00+00:00,2023-04-19 00:00:00+00:00,2023-04-19 00:00:00+00:00,0.0002527683165860495,0.011095530627864392,-0.013632470206074387,-0.03495689964457327,0.01180698590893492,0.0303063384213349,0.05751531250871089,-0.07732051011342023,0.0123217987815476,0.04784497668933163,-0.7107276181121911,-1.4519177083486685,0.012202722244200714,-0.04132853753646337,173.03900000000021,524.9290000000001,0.08999999999999986,0.6699999999999999,0.0,-0.10000000000000009,0.5,4.5,0.03000000000000025,1.4499999999999997,0.040000000000000036,1.37,-2.919999999999998,-10.129999999999999,-0.6000000000000001,2.28,6284558.445,-0.010863193342368405,-0.13202351959189862,82,5,5,0,3,3,3,3,3.0,0,0,54,54,54
2023-05-01 00:00:00+00:00,301.808,4.83,1.26,3.44,4.04,119.4312,20818.1,12212.6,155569.0,2239.866,3.5,16.08,8562768.0,291.702,2023-03-01 00:00:00+00:00,2023-04-28 00:00:00+00:00,2023-04-28 00:00:00+00:00,2023-04-28 00:00:00+00:00,2023-04-28 00:00:00+00:00,2023-04-28 00:00:00+00:00,2023-03-01 00:00:00+00:00,2023-05-01 00:00:00+00:00,2023-03-01 00:00:00+00:00,2023-05-01 00:00:00+00:00,2023-03-01 00:00:00+00:00,2023-05-01 00:00:00+00:00,2023-04-26 00:00:00+00:00,2023-04-26 00:00:00+00:00,0.003008761885976874,-0.0017643129091151621,-0.01852737675851479,-0.046532024343608924,0.01180698590893492,0.0303063384213349,0.06939798019105226,-0.02613789479067563,0.0123217987815476,0.04784497668933163,-0.5224369924606851,-1.1747408302137528,0.010827234355618387,-0.04302248548730425,191.15200000000004,443.5640000000001,-0.08000000000000007,0.5499999999999998,0.0,-0.10000000000000009,0.5,4.5,-0.15000000000000036,1.3399999999999999,0.07000000000000006,1.25,-3.860000000000003,-16.260000000000005,-0.6000000000000001,2.1799999999999997,6322610.298,-0.01549641064722529,-0.12185407771092649,61,5,5,0,3,3,3,3,3.0,0,0,61,61,61
2023-05-08 00:00:00+00:00,301.808,5.08,1.23,3.44,3.92,118.7707,20818.1,12256.92,155673.0,2217.601,3.4,16.98,8503994.0,269.216,2023-03-01 00:00:00+00:00,2023-05-05 00:00:00+00:00,2023-05-05 00:00:00+00:00,2023-05-05 00:00:00+00:00,2023-05-05 00:00:00+00:00,2023-05-05 00:00:00+00:00,2023-03-01 00:00:00+00:00,2023-05-08 00:00:00+00:00,2023-04-01 00:00:00+00:00,2023-05-08 00:00:00+00:00,2023-04-01 00:00:00+00:00,2023-05-08 00:00:00+00:00,2023-05-03 00:00:00+00:00,2023-05-03 00:00:00+00:00,-0.00582200138508604,-0.010429490491704385,-0.01852737675851479,-0.046532024343608924,0.0038616796073220883,0.0284005054898806,0.030607453691310127,0.05308327294804549,0.0123217987815476,0.04784497668933163,-0.7325816683044124,-1.2561765883472917,0.008311022637709442,-0.04999652170039681,145.34000000000015,358.6060000000002,-0.08999999999999986,0.31999999999999984,0.0,-0.20000000000000018,0.5,4.25,-0.3799999999999999,1.1999999999999997,-0.08000000000000007,0.97,-2.4499999999999993,-17.77,-0.48,2.21,6286123.784,-0.01180778207395683,-0.11893372976011563,68,5,5,0,3,3,3,3,3.0,0,0,68,37,37
2023-05-15 00:00:00+00:00,302.918,5.08,1.28,3.46,3.98,119.568,20818.1,12365.21,155673.0,2220.927,3.4,17.12,8503017.0,197.666,2023-04-01 00:00:00+00:00,2023-05-12 00:00:00+00:00,2023-05-12 00:00:00+00:00,2023-05-12 00:00:00+00:00,2023-05-12 00:00:00+00:00,2023-05-12 00:00:00+00:00,2023-03-01 00:00:00+00:00,2023-05-15 00:00:00+00:00,2023-04-01 00:00:00+00:00,2023-05-15 00:00:00+00:00,2023-04-01 00:00:00+00:00,2023-05-15 00:00:00+00:00,2023-05-10 00:00:00+00:00,2023-05-10 00:00:00+00:00,-0.00462930567883113,-0.011903645514879102,-0.01852737675851479,-0.046532024343608924,0.0038616796073220883,0.0284005054898806,0.039038638200551645,0.0584834523622213,0.013052013805208595,0.0482022240854203,-0.9144921447381327,-1.5653022438455952,0.007987580359735347,-0.050339130769804896,113.15200000000004,387.7750000000001,-0.28000000000000025,0.5299999999999998,0.0,-0.20000000000000018,0.5,4.25,-0.52,1.37,-0.1299999999999999,1.04,-3.219999999999999,-10.349999999999998,-0.52,2.1799999999999997,6281892.334000001,-0.007170847428874083,-0.12353703437783103,75,5,5,0,3,3,3,3,3.0,0,0,44,44,44
2023-05-22 00:00:00+00:00,302.918,5.08,1.46,3.7,4.28,120.0134,20818.1,12720.78,155673.0,2275.311,3.4,17.21,8456760.0,116.22,2023-04-01 00:00:00+00:00,2023-05-19 00:00:00+00:00,2023-05-19 00:00:00+00:00,2023-05-19 00:00:00+00:00,2023-05-19 00:00:00+00:00,2023-05-19 00:00:00+00:00,2023-03-01 00:00:00+00:00,2023-05-22 00:00:00+00:00,2023-04-01 00:00:00+00:00,2023-05-22 00:00:00+00:00,2023-04-01 00:00:00+00:00,2023-05-22 00:00:00+00:00,2023-05-17 00:00:00+00:00,2023-05-17 00:00:00+00:00,-0.0009111496523104279,0.004270295581267902,-0.01852737675851479,-0.046532024343608924,0.0038616796073220883,0.0284005054898806,0.07621674121256383,0.0978275784127689,0.007894594687997802,0.0482022240854203,-1.4396936148721764,-2.0323194485932046,0.008549514366720246,-0.05622898166221191,215.64900000000034,230.65300000000025,-0.1599999999999997,0.9200000000000004,0.0,-0.20000000000000018,0.5,4.25,-0.33999999999999986,1.6800000000000002,-0.030000000000000027,1.23,-4.02,-11.27,-0.5800000000000001,2.24,6181332.779999999,-0.022915194858684984,-0.11003866651957317,82,5,5,0,3,3,3,3,3.0,0,0,51,51,51
2023-05-29 00:00:00+00:00,302.918,5.08,1.58,3.83,4.5,120.0134,20673.1,12975.69,155673.0,2189.681,3.4,17.46,8436255.0,61.952,2023-04-01 00:00:00+00:00,2023-05-25 00:00:00+00:00,2023-05-25 00:00:00+00:00,2023-05-25 00:00:00+00:00,2023-05-25 00:00:00+00:00,2023-05-19 00:00:00+00:00,2023-04-01 00:00:00+00:00,2023-05-26 00:00:00+00:00,2023-04-01 00:00:00+00:00,2023-05-26 00:00:00+00:00,2023-04-01 00:00:00+00:00,2023-05-29 00:00:00+00:00,2023-05-24 00:00:00+00:00,2023-05-24 00:00:00+00:00,-0.013383535072819086,0.004270295581267902,-0.025516839116873413,-0.04976841311750313,0.0038616796073220883,0.0284005054898806,0.1236060059094406,0.06730273075082849,0.007894594687997802,0.0482022240854203,-2.041854468874103,-2.584814649906514,0.00642927288863504,-0.05511610771807263,27.246000000000095,182.99299999999994,-0.1200000000000001,1.08,0.0,-0.20000000000000018,0.5,4.25,-0.28000000000000025,2.04,0.010000000000000009,1.4500000000000002,-3.4899999999999984,-9.079999999999998,-0.6699999999999999,2.25,6246512.048,0.004369466347991846,-0.10047906646392413,58,5,5,3,4,4,4,4,10.0,0,3,58,58,58
2023-06-05 00:00:00+00:00,302.918,5.08,1.51,3.69,4.5,120.2952,20673.1,13229.43,156105.0,2131.417,3.7,14.73,8385854.0,48.954,2023-04-01 00:00:00+00:00,2023-06-02 00:00:00+00:00,2023-06-02 00:00:00+00:00,2023-06-02 00:00:00+00:00,2023-06-02 00:00:00+00:00,2023-06-02 00:00:00+00:00,2023-04-01 00:00:00+00:00,2023-06-05 00:00:00+00:00,2023-05-01 00:00:00+00:00,2023-06-05 00:00:00+00:00,2023-05-01 00:00:00+00:00,2023-06-05 00:00:00+00:00,2023-05-31 00:00:00+00:00,2023-05-31 00:00:00+00:00,-0.0046270365195306695,0.01582425779566954,-0.028327939391807888,-0.04976841311750313,0.006632883967247594,0.028742633684140984,0.1249307084545297,0.0924361097780011,0.007894594687997802,0.0482022240854203,-2.0525611314068057,-2.7805592831818475,0.005520912663445898,-0.06119462119631436,-59.376000000000204,91.32399999999984,-0.28000000000000025,0.73,0.30000000000000027,0.10000000000000009,0.5099999999999998,4.25,-0.3600000000000003,1.8399999999999999,0.06000000000000005,1.29,-3.879999999999999,-10.34,-0.81,2.1799999999999997,6254388.046,0.017073568565344033,-0.0944872358960609,65,5,5,0,3,3,3,3,3.0,0,0,65,35,35
2023-06-12 00:00:00+00:00,302.918,5.08,1.55,3.75,4.59,119.7892,20673.1,13461.92,156105.0,2126.87,3.7,15.01,8389325.0,44.756,2023-04-01 00:00:00+00:00,2023-06-09 00:00:00+00:00,2023-06-09 00:00:00+00:00,2023-06-09 00:00:00+00:00,2023-06-09 00:00:00+00:00,2023-06-09 00:00:00+00:00,2023-04-01 00:00:00+00:00,2023-06-12 00:00:00+00:00,2023-05-01 00:00:00+00:00,2023-06-12 00:00:00+00:00,2023-05-01 00:00:00+00:00,2023-06-12 00:00:00+00:00,2023-06-07 00:00:00+00:00,2023-06-07 00:00:00+00:00,-0.012470628044538579,-0.003110629818047883,-0.028327939391807888,-0.04976841311750313,0.00484822191887524,0.028742633684140984,0.18494810595282019,0.21946456014562976,0.007894594687997802,0.038511333833053385,-2.0079674751185945,-2.7827146875507576,0.005623144404845348,-0.06114012319958739,0.19299999999975626,-85.75,0.04999999999999982,0.6000000000000001,0.10000000000000009,0.10000000000000009,0.5099999999999998,4.25,-0.009999999999999787,1.5299999999999998,0.1100000000000001,1.1600000000000001,-11.51,-19.010000000000005,-0.8399999999999999,2.2,6262410.244000001,0.007555540342284672,-0.06827505168486425,72,5,5,0,3,3,3,3,3.0,0,0,72,42,42
2023-06-19 00:00:00+00:00,303.294,5.07,1.51,3.72,4.62,119.7892,20673.1,13689.57,156105.0,2011.556,3.7,14.19,8388323.0,102.118,2023-05-01 00:00:00+00:00,2023-06-15 00:00:00+00:00,2023-06-15 00:00:00+00:00,2023-06-15 00:00:00+00:00,2023-06-15 00:00:00+00:00,2023-06-09 00:00:00+00:00,2023-04-01 00:00:00+00:00,2023-06-16 00:00:00+00:00,2023-05-01 00:00:00+00:00,2023-06-16 00:00:00+00:00,2023-05-01 00:00:00+00:00,2023-06-19 00:00:00+00:00,2023-06-14 00:00:00+00:00,2023-06-14 00:00:00+00:00,-0.01479946999639914,-0.003110629818047883,-0.028327939391807888,-0.04976841311750313,0.00484822191887524,0.028742633684140984,0.15913817385689555,0.23724088433821144,0.005441857440963815,0.03975182411769307,-0.824334173452625,-1.8613571224246535,-0.029480941325472187,-0.06284673512619143,-86.83699999999999,-217.72299999999996,0.33000000000000007,0.4400000000000004,0.10000000000000009,0.10000000000000009,0.4900000000000002,3.49,0.81,1.48,0.21999999999999997,0.85,-9.959999999999999,-16.840000000000003,-0.8999999999999999,2.21,6376664.882,-0.0253950238406766,-0.049833008442485394,79,5,5,3,4,4,4,4,10.0,0,3,49,49,49
2023-06-26 00:00:00+00:00,303.294,5.07,1.53,3.74,4.71,119.6068,20673.1,13335.78,156105.0,1961.027,3.7,14.25,8362060.0,276.85,2023-05-01 00:00:00+00:00,2023-06-23 00:00:00+00:00,2023-06-23 00:00:00+00:00,2023-06-23 00:00:00+00:00,2023-06-23 00:00:00+00:00,2023-06-23 00:00:00+00:00,2023-04-01 00:00:00+00:00,2023-06-26 00:00:00+00:00,2023-05-01 00:00:00+00:00,2023-06-26 00:00:00+00:00,2023-05-01 00:00:00+00:00,2023-06-26 00:00:00+00:00,2023-06-21 00:00:00+00:00,2023-06-21 00:00:00+00:00,-0.007464952798792446,-0.008140226604832712,-0.028327939391807888,-0.04976841311750313,0.00484822191887524,0.028742633684140984,0.12499528784645975,0.1459711060444917,0.005441857440963815,0.03975182411769307,0.0643839367345409,-1.0075808236187642,-0.04349425908911009,-0.0661981424075595,-259.1039999999998,-194.91499999999996,0.3600000000000003,0.6100000000000003,0.10000000000000009,0.10000000000000009,0.2400000000000002,3.49,0.9500000000000002,1.67,0.3700000000000001,0.9600000000000001,-6.350000000000001,-12.7,-0.9699999999999998,2.21,6400756.15,-0.017444910773537714,-0.05721367044607106,86,5,5,0,3,3,3,3,3.0,0,0,56,56,56
2023-07-03 00:00:00+00:00,303.294,5.08,1.59,3.81,4.87,119.8885,20805.5,13816.77,156105.0,1909.639,3.7,13.57,8340914.0,390.571,2023-05-01 00:00:00+00:00,2023-06-30 00:00:00+00:00,2023-06-30 00:00:00+00:00,2023-06-30 00:00:00+00:00,2023-06-30 00:00:00+00:00,2023-06-30 00:00:00+00:00,2023-05-01 00:00:00+00:00,2023-07-03 00:00:00+00:00,2023-05-01 00:00:00+00:00,2023-07-03 00:00:00+00:00,2023-05-01 00:00:00+00:00,2023-07-03 00:00:00+00:00,2023-06-28 00:00:00+00:00,2023-06-28 00:00:00+00:00,0.003389716214630134,-0.00578777851995671,-0.012276833282005128,-0.044589467510324,0.00484822191887524,0.028742633684140984,0.12531224825012544,0.21643209675630715,0.005441857440963815,0.03975182411769307,0.754975572926635,-0.6612606265910843,-0.0428329783437853,-0.06640012473701873,-311.3710000000003,-257.44600000000014,0.33000000000000007,0.8300000000000001,0.10000000000000009,0.10000000000000009,0.25,3.5,0.8100000000000005,1.9500000000000002,0.43000000000000016,0.9400000000000001,-4.98,-13.96,-1.06,2.2199999999999998,6430884.429,-0.008340947269044108,-0.047794874745431315,63,5,5,0,3,3,3,3,3.0,0,0,63,63,63
2023-07-10 00:00:00+00:00,303.294,5.08,1.79,4.06,4.94,119.6019,20805.5,13685.48,156204.0,1811.981,3.6,15.07,8298312.0,415.441,2023-05-01 00:00:00+00:00,2023-07-07 00:00:00+00:00,2023-07-07 00:00:00+00:00,2023-07-07 00:00:00+00:00,2023-07-07 00:00:00+00:00,2023-07-07 00:00:00+00:00,2023-05-01 00:00:00+00:00,2023-07-10 00:00:00+00:00,2023-06-01 00:00:00+00:00,2023-07-10 00:00:00+00:00,2023-06-01 00:00:00+00:00,2023-07-10 00:00:00+00:00,2023-07-05 00:00:00+00:00,2023-07-05 00:00:00+00:00,0.0008247416249336226,-0.02435283027357027,-0.012276833282005128,-0.044589467510324,0.004073482168498899,0.027413912030684884,0.12442418975284752,0.18512846321234555,0.005441857440963815,0.03975182411769307,0.9006674945119553,-0.5223923725481177,-0.03946859197584196,-0.06908311870099482,-427.6740000000002,-352.2850000000001,0.6699999999999995,0.9699999999999998,0.10000000000000009,0.0,0.25,3.5,0.9700000000000002,1.8200000000000003,0.6500000000000001,1.07,-3.8999999999999986,-11.100000000000001,-0.8800000000000008,2.2699999999999996,6485915.559,0.014498142316689666,-0.036479126836889364,70,5,5,0,3,3,3,3,3.0,0,0,70,39,39
2023-07-17 00:00:00+00:00,303.841,5.08,1.59,3.83,4.74,117.5952,20805.5,14244.95,156204.0,1728.322,3.6,13.48,8296923.0,514.337,2023-06-01 00:00:00+00:00,2023-07-14 00:00:00+00:00,2023-07-14 00:00:00+00:00,2023-07-14 00:00:00+00:00,2023-07-14 00:00:00+00:00,2023-07-14 00:00:00+00:00,2023-05-01 00:00:00+00:00,2023-07-17 00:00:00+00:00,2023-06-01 00:00:00+00:00,2023-07-17 00:00:00+00:00,2023-06-01 00:00:00+00:00,2023-07-17 00:00:00+00:00,2023-07-12 00:00:00+00:00,2023-07-12 00:00:00+00:00,-0.012128183998787456,-0.0493604815465849,-0.012276833282005128,-0.044589467510324,0.004073482168498899,0.027413912030684884,0.1584380989825025,0.22629964324843144,0.0067134846610885646,0.028417935181291654,1.5496243719385037,-0.23804278529771228,-0.03759658297405721,-0.06970206368063181,-528.5229999999999,-462.0530000000001,0.31000000000000005,0.8999999999999999,0.10000000000000009,0.0,0.25,3.5,0.6600000000000001,1.6100000000000003,0.3700000000000001,1.02,-3.469999999999999,-11.82,-0.9100000000000001,2.24,6568086.663,0.03253343062666403,-0.02060700155333528,77,5,5,0,3,3,3,3,3.0,0,0,46,46,46
2023-07-24 00:00:00+00:00,303.841,5.08,1.49,3.84,4.82,118.4822,20805.5,14058.87,156204.0,1770.867,3.6,13.91,8274552.0,531.135,2023-06-01 00:00:00+00:00,2023-07-21 00:00:00+00:00,2023-07-21 00:00:00+00:00,2023-07-21 00:00:00+00:00,2023-07-21 00:00:00+00:00,2023-07-21 00:00:00+00:00,2023-05-01 00:00:00+00:00,2023-07-24 00:00:00+00:00,2023-06-01 00:00:00+00:00,2023-07-24 00:00:00+00:00,2023-06-01 00:00:00+00:00,2023-07-24 00:00:00+00:00,2023-07-19 00:00:00+00:00,2023-07-19 00:00:00+00:00,-0.008487522077747833,-0.03344298105722565,-0.012276833282005128,-0.044589467510324,0.004073482168498899,0.027413912030684884,0.15525165861385837,0.1766237054201163,0.0067134846610885646,0.028417935181291654,1.1596906410134746,-0.14477998511860868,-0.03779374334543206,-0.07277806503715745,-537.671,-421.5000000000002,0.27,1.0699999999999998,0.10000000000000009,0.0,0.25,3.5,0.6500000000000004,1.8400000000000003,0.19999999999999996,1.06,-2.9800000000000004,-9.45,-0.9800000000000004,2.3499999999999996,6503153.865,0.034191685021024654,-0.030749992296646766,84,5,5,0,3,3,3,3,3.0,0,0,53,53,53
2023-07-31 00:00:00+00:00,303.841,5.33,1.58,3.96,4.87,118.311,20889.5,14346.02,156204.0,1821.124,3.6,13.63,8243344.0,543.597,2023-06-01 00:00:00+00:00,2023-07-28 00:00:00+00:00,2023-07-28 00:00:00+00:00,2023-07-28 00:00:00+00:00,2023-07-28 00:00:00+00:00,2023-07-28 00:00:00+00:00,2023-06-01 00:00:00+00:00,2023-07-31 00:00:00+00:00,2023-06-01 00:00:00+00:00,2023-07-31 00:00:00+00:00,2023-06-01 00:00:00+00:00,2023-07-31 00:00:00+00:00,2023-07-26 00:00:00+00:00,2023-07-26 00:00:00+00:00,-0.009423722755819597,-0.029495366953129043,0.0034238397678088006,-0.03656680164141157,0.004073482168498899,0.027413912030684884,0.1610043461530939,0.14828082637412265,0.0067134846610885646,0.028417935181291654,0.6224754302885191,-0.10361781845568263,-0.03801741552929805,-0.0755214126301631,-418.74199999999996,-340.7610000000002,0.52,1.29,0.10000000000000009,0.0,0.5,3.0100000000000002,0.8300000000000001,1.98,0.32000000000000006,1.44,-2.4499999999999975,-9.209999999999999,-0.9100000000000001,2.38,6421676.403,0.015547060853911887,-0.046526784511426555,60,5,5,0,3,3,3,3,3.0,0,0,60,60,60
2023-08-07 00:00:00+00:00,303.841,5.33,1.67,4.05,4.78,119.3321,20889.5,13994.4,156342.0,1810.583,3.5,15.77,8206764.0,517.459,2023-06-01 00:00:00+00:00,2023-08-04 00:00:00+00:00,2023-08-04 00:00:00+00:00,2023-08-04 00:00:00+00:00,2023-08-04 00:00:00+00:00,2023-08-04 00:00:00+00:00,2023-06-01 00:00:00+00:00,2023-08-07 00:00:00+00:00,2023-07-01 00:00:00+00:00,2023-08-07 00:00:00+00:00,2023-07-01 00:00:00+00:00,2023-08-07 00:00:00+00:00,2023-08-02 00:00:00+00:00,2023-08-02 00:00:00+00:00,0.004715618970658753,-0.02547142207447095,0.0034238397678088006,-0.03656680164141157,0.004288261943797167,0.024645281579660505,0.1325665741387887,0.10143807501019353,0.0067134846610885646,0.028417935181291654,0.6534162635793512,-0.1381426083699102,-0.03557724319500544,-0.07823682524933773,-407.01800000000003,-385.1089999999999,0.6099999999999999,1.2199999999999998,0.10000000000000009,0.0,0.25,3.0,0.8600000000000003,1.54,0.43999999999999995,1.2999999999999998,-1.2100000000000009,-5.52,-0.7300000000000004,2.38,6395663.541,0.017275558795924795,-0.043248349034021416,67,5,5,0,3,3,3,3,3.0,0,0,67,37,37
2023-08-14 00:00:00+00:00,304.348,5.33,1.8,4.16,4.89,120.1754,20889.5,13788.33,156342.0,1799.311,3.5,14.82,8208241.0,444.594,2023-07-01 00:00:00+00:00,2023-08-11 00:00:00+00:00,2023-08-11 00:00:00+00:00,2023-08-11 00:00:00+00:00,2023-08-11 00:00:00+00:00,2023-08-11 00:00:00+00:00,2023-06-01 00:00:00+00:00,2023-08-14 00:00:00+00:00,2023-07-01 00:00:00+00:00,2023-08-14 00:00:00+00:00,2023-07-01 00:00:00+00:00,2023-08-14 00:00:00+00:00,2023-08-09 00:00:00+00:00,2023-08-09 00:00:00+00:00,0.005067095065852456,-0.007916960118555139,0.0034238397678088006,-0.03656680164141157,0.004288261943797167,0.024645281579660505,0.10893569797362801,0.05524979731143276,0.00470964171615762,0.030278204824315758,0.8105827685197342,-0.225879383641721,-0.035282392100212334,-0.07856583062439704,-421.6160000000002,-376.54600000000005,0.7000000000000002,1.3200000000000003,0.10000000000000009,0.0,0.25,3.0,0.9099999999999997,1.6399999999999997,0.52,1.4300000000000002,-2.3000000000000007,-5.129999999999999,-0.7299999999999995,2.3600000000000003,6408485.406,0.01995169473688385,-0.04489101450172761,74,5,5,0,3,3,3,3,3.0,0,0,44,44,44
2023-08-21 00:00:00+00:00,304.348,5.33,1.94,4.26,4.92,120.9433,20889.5,13497.59,156342.0,1824.788,3.5,17.13,8145727.0,435.795,2023-07-01 00:00:00+00:00,2023-08-18 00:00:00+00:00,2023-08-18 00:00:00+00:00,2023-08-18 00:00:00+00:00,2023-08-18 00:00:00+00:00,2023-08-18 00:00:00+00:00,2023-06-01 00:00:00+00:00,2023-08-21 00:00:00+00:00,2023-07-01 00:00:00+00:00,2023-08-21 00:00:00+00:00,2023-07-01 00:00:00+00:00,2023-08-21 00:00:00+00:00,2023-08-16 00:00:00+00:00,2023-08-16 00:00:00+00:00,0.007718437515997323,-0.018114576014344408,0.0034238397678088006,-0.03656680164141157,0.004288261943797167,0.024645281579660505,0.059274274202886446,0.0863020743262446,0.00470964171615762,0.030278204824315758,1.3216870026449206,-0.2242026628100353,-0.03747262625581271,-0.08289707071902264,-450.52300000000014,-410.87699999999995,0.5599999999999996,1.2799999999999998,0.10000000000000009,0.0,0.25,3.0,0.6399999999999997,1.67,0.48,1.51,-0.08000000000000185,-6.670000000000002,-0.6600000000000001,2.32,6320503.205,0.022264917621026115,-0.04532200258794106,81,5,5,0,3,3,3,3,3.0,0,0,51,51,51
2023-08-28 00:00:00+00:00,304.348,5.33,1.92,4.25,5.03,121.0314,20902.7,13705.13,156342.0,1708.605,3.5,15.08,8139066.0,413.787,2023-07-01 00:00:00+00:00,2023-08-25 00:00:00+00:00,2023-08-25 00:00:00+00:00,2023-08-25 00:00:00+00:00,2023-08-25 00:00:00+00:00,2023-08-25 00:00:00+00:00,2023-07-01 00:00:00+00:00,2023-08-28 00:00:00+00:00,2023-07-01 00:00:00+00:00,2023-08-28 00:00:00+00:00,2023-07-01 00:00:00+00:00,2023-08-28 00:00:00+00:00,2023-08-23 00:00:00+00:00,2023-08-23 00:00:00+00:00,0.008446612849144941,-0.017774456994822607,0.011044998970982434,-0.03785779660331379,0.004288261943797167,0.024645281579660505,0.05469260847022106,0.13139214857600834,0.00470964171615762,0.030278204824315758,1.8989914570207684,-0.2574143391499577,-0.03586305833936265,-0.08390427432779468,-481.076,-496.5830000000001,0.41999999999999993,1.21,0.10000000000000009,0.0,0.25,3.0,0.5300000000000002,1.6600000000000001,0.33999999999999986,1.45,-2.380000000000001,-11.13,-0.7800000000000002,2.33,6430047.213,0.02895864518733049,-0.03299006411835492,58,5,5,0,3,3,3,3,3.0,0,0,58,58,58
2023-09-04 00:00:00+00:00,304.348,5.33,1.85,4.09,4.85,121.0314,20902.7,14031.81,156419.0,1574.065,3.8,13.82,8121316.0,470.8,2023-07-01 00:00:00+00:00,2023-08-31 00:00:00+00:00,2023-08-31 00:00:00+00:00,2023-08-31 00:00:00+00:00,2023-08-31 00:00:00+00:00,2023-08-25 00:00:00+00:00,2023-07-01 00:00:00+00:00,2023-09-01 00:00:00+00:00,2023-08-01 00:00:00+00:00,2023-09-01 00:00:00+00:00,2023-08-01 00:00:00+00:00,2023-09-04 00:00:00+00:00,2023-08-30 00:00:00+00:00,2023-08-30 00:00:00+00:00,0.006101294128378676,-0.017774456994822607,0.011044998970982434,-0.03785779660331379,0.00200944635072986,0.023774986697498335,0.058883001760749565,0.1876649845730025,0.00470964171615762,0.030278204824315758,2.263552293711403,-0.26317434081575186,-0.03205402862067075,-0.08322023783411936,-557.3519999999999,-599.348,0.3999999999999999,0.8300000000000001,0.09999999999999964,0.09999999999999964,0.25,3.0,0.34999999999999964,1.3399999999999999,0.3400000000000001,1.04,-0.9100000000000001,-12.169999999999998,-0.7599999999999998,2.2399999999999998,6546780.2,0.04569005150641736,-0.015954346924763385,65,5,5,3,4,4,4,4,10.0,0,3,65,34,34
2023-09-11 00:00:00+00:00,304.348,5.33,1.93,4.26,4.98,122.4476,20902.7,13917.89,156419.0,1549.111,3.8,13.8,8101318.0,470.881,2023-07-01 00:00:00+00:00,2023-09-08 00:00:00+00:00,2023-09-08 00:00:00+00:00,2023-09-08 00:00:00+00:00,2023-09-08 00:00:00+00:00,2023-09-08 00:00:00+00:00,2023-07-01 00:00:00+00:00,2023-09-11 00:00:00+00:00,2023-08-01 00:00:00+00:00,2023-09-11 00:00:00+00:00,2023-08-01 00:00:00+00:00,2023-09-11 00:00:00+00:00,2023-09-06 00:00:00+00:00,2023-09-06 00:00:00+00:00,0.021949652002276387,-0.012236219888547062,0.011044998970982434,-0.03785779660331379,0.00200944635072986,0.023774986697498335,0.033310104039554034,0.12631043058219937,0.00470964171615762,0.030278204824315758,2.353379894220749,-0.2106529650934572,-0.03493329983150595,-0.08526729070421979,-577.7589999999998,-669.4349999999997,0.5099999999999998,0.9299999999999997,0.09999999999999964,0.09999999999999964,0.25,3.0,0.39000000000000057,1.4200000000000004,0.3799999999999999,1.02,-1.209999999999999,-10.07,-0.7200000000000006,2.33,6551736.119,0.0451649368489484,-0.007835471104428393,72,5,5,0,3,3,3,3,3.0,0,0,72,41,41
2023-09-18 00:00:00+00:00,306.269,5.33,1.98,4.33,5.02,121.6815,20902.7,13710.24,156419.0,1452.942,3.8,14.0,8098779.0,521.507,2023-08-01 00:00:00+00:00,2023-09-15 00:00:00+00:00,2023-09-15 00:00:00+00:00,2023-09-15 00:00:00+00:00,2023-09-15 00:00:00+00:00,2023-09-15 00:00:00+00:00,2023-07-01 00:00:00+00:00,2023-09-18 00:00:00+00:00,2023-08-01 00:00:00+00:00,2023-09-18 00:00:00+00:00,2023-08-01 00:00:00+00:00,2023-09-18 00:00:00+00:00,2023-09-13 00:00:00+00:00,2023-09-13 00:00:00+00:00,0.01567344392407577,-0.02717712545958051,0.011044998970982434,-0.03785779660331379,0.00200944635072986,0.023774986697498335,0.0015087698725704257,0.1727553734137608,0.009761168645620266,0.035388954966884434,1.6305936897902287,-0.12983333761905147,-0.03512731011467096,-0.08675411376719921,-558.614,-764.5999999999999,0.6099999999999999,0.8799999999999999,0.09999999999999964,0.09999999999999964,0.2599999999999998,3.0,0.39999999999999947,1.1699999999999995,0.47,0.9099999999999999,-0.1899999999999995,-11.760000000000002,-0.6899999999999995,2.35,6645315.493,0.041266954383008425,0.0046293360086124835,79,5,5,0,3,3,3,3,3.0,0,0,48,48,48
2023-09-25 00:00:00+00:00,306.269,5.33,2.07,4.44,5.1,122.0164,20902.7,13271.32,156419.0,1437.31,3.8,16.9,8024090.0,640.296,2023-08-01 00:00:00+00:00,2023-09-22 00:00:00+00:00,2023-09-22 00:00:00+00:00,2023-09-22 00:00:00+00:00,2023-09-22 00:00:00+00:00,2023-09-22 00:00:00+00:00,2023-07-01 00:00:00+00:00,2023-09-25 00:00:00+00:00,2023-08-01 00:00:00+00:00,2023-09-25 00:00:00+00:00,2023-08-01 00:00:00+00:00,2023-09-25 00:00:00+00:00,2023-09-20 00:00:00+00:00,2023-09-20 00:00:00+00:00,0.019945765840798657,-0.04335836824151951,0.011044998970982434,-0.03785779660331379,0.00200944635072986,0.023774986697498335,-0.0048453327203556995,0.2057888479343415,0.009761168645620266,0.035388954966884434,0.8384547261645823,-0.07837189243796772,-0.04125654127786227,-0.0942109522871597,-523.7170000000001,-861.701,0.7000000000000002,0.7500000000000004,0.09999999999999964,0.09999999999999964,0.2599999999999998,2.25,0.3899999999999997,0.8999999999999995,0.5399999999999998,0.7499999999999998,2.6499999999999986,-15.36,-0.6599999999999993,2.3700000000000006,6586139.704,0.02855126417349574,0.010538133831447638,86,5,5,0,3,3,3,3,3.0,0,0,55,55,55
2023-10-02 00:00:00+00:00,306.269,5.33,2.24,4.59,5.03,122.7675,20865.3,13271.32,156419.0,1365.739,3.8,17.61,8002064.0,681.143,2023-08-01 00:00:00+00:00,2023-09-29 00:00:00+00:00,2023-09-29 00:00:00+00:00,2023-09-29 00:00:00+00:00,2023-09-29 00:00:00+00:00,2023-09-29 00:00:00+00:00,2023-08-01 00:00:00+00:00,2023-09-25 00:00:00+00:00,2023-08-01 00:00:00+00:00,2023-10-02 00:00:00+00:00,2023-08-01 00:00:00+00:00,2023-10-02 00:00:00+00:00,2023-09-27 00:00:00+00:00,2023-09-27 00:00:00+00:00,0.02373017853203585,-0.0389316635487118,0.002870117254795801,-0.039749976137462895,0.00200944635072986,0.023774986697498335,-0.04027775588405191,0.2046314976836161,0.009761168645620266,0.035388954966884434,0.5561624984867573,-0.012294495321358845,-0.04147329428843527,-0.0945483361559436,-543.8999999999999,-886.7840000000001,0.7799999999999998,0.7599999999999998,0.09999999999999964,0.09999999999999964,0.25,2.25,0.16000000000000014,0.8100000000000005,0.6500000000000001,0.5600000000000003,4.039999999999999,-12.490000000000002,-0.4400000000000004,2.3499999999999996,6635643.857,0.03134362649455902,0.014158597140699669,62,5,5,0,3,3,3,3,3.0,0,7,62,62,62
2023-10-09 00:00:00+00:00,306.269,5.33,2.41,4.72,5.03,122.7675,20865.3,13271.32,156874.0,1283.461,3.8,17.7,7955782.0,668.009,2023-08-01 00:00:00+00:00,2023-10-05 00:00:00+00:00,2023-10-05 00:00:00+00:00,2023-10-05 00:00:00+00:00,2023-10-05 00:00:00+00:00,2023-09-29 00:00:00+00:00,2023-08-01 00:00:00+00:00,2023-09-25 00:00:00+00:00,2023-09-01 00:00:00+00:00,2023-10-06 00:00:00+00:00,2023-09-01 00:00:00+00:00,2023-10-09 00:00:00+00:00,2023-10-04 00:00:00+00:00,2023-10-04 00:00:00+00:00,0.02612359502651085,-0.0389316635487118,0.002870117254795801,-0.039749976137462895,0.004280090091414834,0.024887373832353177,-0.030730100885653755,0.23022855163732103,0.009761168645620266,0.035388954966884434,0.4749610398801485,0.052348911202504844,-0.04215316071293529,-0.0961888341692525,-528.52,-943.4889999999998,0.6600000000000001,0.8899999999999997,0.19999999999999973,0.2999999999999998,0.25,2.25,0.08999999999999986,0.7999999999999998,0.6200000000000001,0.8,2.629999999999999,-14.750000000000004,-0.3100000000000005,2.3099999999999996,6671652.991,0.028234665125228986,0.021235764918877464,69,5,5,3,4,4,4,4,10.0,0,14,69,38,38
2023-10-16 00:00:00+00:00,307.481,5.33,2.29,4.63,5.04,123.9889,20865.3,13271.32,156874.0,1108.819,3.8,17.21,7952054.0,709.16,2023-09-01 00:00:00+00:00,2023-10-13 00:00:00+00:00,2023-10-13 00:00:00+00:00,2023-10-13 00:00:00+00:00,2023-10-13 00:00:00+00:00,2023-10-13 00:00:00+00:00,2023-08-01 00:00:00+00:00,2023-09-25 00:00:00+00:00,2023-09-01 00:00:00+00:00,2023-10-16 00:00:00+00:00,2023-09-01 00:00:00+00:00,2023-10-16 00:00:00+00:00,2023-10-11 00:00:00+00:00,2023-10-11 00:00:00+00:00,0.05294382716420998,-0.035715846972177445,0.002870117254795801,-0.039749976137462895,0.004280090091414834,0.024887373832353177,-0.0707971420487965,0.21762581813269577,0.011908758455233759,0.03548619567766487,0.32120247839100013,0.15340970185753644,-0.042454463100582984,-0.09664794388219988,-619.5029999999999,-1063.482,0.7999999999999998,0.6299999999999999,0.19999999999999973,0.2999999999999998,0.25,2.25,0.2999999999999998,0.5599999999999996,0.7,0.7,3.7300000000000004,-14.16,-0.41000000000000014,2.34,6842525.84,0.040934371527969304,0.03820169003100382,76,5,5,0,3,3,3,3,3.0,0,21,45,45,45
2023-10-23 00:00:00+00:00,307.481,5.33,2.46,4.93,5.07,124.0137,20865.3,13271.32,156874.0,1157.976,3.8,20.37,7933162.0,759.878,2023-09-01 00:00:00+00:00,2023-10-20 00:00:00+00:00,2023-10-20 00:00:00+00:00,2023-10-20 00:00:00+00:00,2023-10-20 00:00:00+00:00,2023-10-20 00:00:00+00:00,2023-08-01 00:00:00+00:00,2023-09-25 00:00:00+00:00,2023-09-01 00:00:00+00:00,2023-10-23 00:00:00+00:00,2023-09-01 00:00:00+00:00,2023-10-23 00:00:00+00:00,2023-10-18 00:00:00+00:00,2023-10-18 00:00:00+00:00,0.0456293050511869,-0.030338157080098682,0.002870117254795801,-0.039749976137462895,0.004280090091414834,0.024887373832353177,-0.057648197417757174,0.1920275318668292,0.011908758455233759,0.03548619567766487,0.3581416678616076,0.2243013149026165,-0.04213308568729701,-0.09730713529443591,-612.8909999999998,-1084.0679999999998,1.0899999999999999,0.7199999999999998,0.19999999999999973,0.2999999999999998,0.25,2.25,0.25,0.5800000000000001,0.97,0.77,6.460000000000001,-9.48,-0.14000000000000057,2.4699999999999998,6774426.122,0.040867388712937824,0.0411569922996442,83,5,5,0,3,3,3,3,3.0,0,28,52,52,52
2023-10-30 00:00:00+00:00,307.481,5.33,2.42,4.84,4.99,124.0232,20754.9,13271.32,156874.0,1138.035,3.8,19.75,7907830.0,834.418,2023-09-01 00:00:00+00:00,2023-10-27 00:00:00+00:00,2023-10-27 00:00:00+00:00,2023-10-27 00:00:00+00:00,2023-10-27 00:00:00+00:00,2023-10-27 00:00:00+00:00,2023-09-01 00:00:00+00:00,2023-09-25 00:00:00+00:00,2023-09-01 00:00:00+00:00,2023-10-30 00:00:00+00:00,2023-09-01 00:00:00+00:00,2023-10-30 00:00:00+00:00,2023-10-25 00:00:00+00:00,2023-10-25 00:00:00+00:00,0.04715189427807154,-0.02677832229538435,-0.006464277007671271,-0.03542869878848265,0.004280090091414834,0.024887373832353177,-0.07786723592869293,0.18878789649563998,0.011908758455233759,0.03548619567766487,0.428526312343263,0.273821541429907,-0.04155267898001114,-0.09812012508986179,-683.0889999999999,-1137.4239999999998,0.8799999999999999,0.8200000000000003,0.19999999999999973,0.2999999999999998,0.0,2.25,0.1200000000000001,0.5800000000000001,0.8399999999999999,0.9099999999999999,6.119999999999999,-6.129999999999999,-0.15000000000000036,2.42,6768960.582,0.052668336619277056,0.04873318620251332,59,5,5,0,3,3,3,3,3.0,0,35,59,59,59
2023-11-06 00:00:00+00:00,307.481,5.33,2.18,4.57,4.83,122.2337,20754.9,13271.32,156923.0,1062.878,3.9,14.89,7866664.0,820.487,2023-09-01 00:00:00+00:00,2023-11-03 00:00:00+00:00,2023-11-03 00:00:00+00:00,2023-11-03 00:00:00+00:00,2023-11-03 00:00:00+00:00,2023-11-03 00:00:00+00:00,2023-09-01 00:00:00+00:00,2023-09-25 00:00:00+00:00,2023-10-01 00:00:00+00:00,2023-11-06 00:00:00+00:00,2023-10-01 00:00:00+00:00,2023-11-06 00:00:00+00:00,2023-11-01 00:00:00+00:00,2023-11-01 00:00:00+00:00,0.024024423648318027,-0.04100912670760426,-0.006464277007671271,-0.03542869878848265,0.003709323838723577,0.023306269406697666,-0.053051933702514376,0.22810409888909788,0.011908758455233759,0.03548619567766487,0.4609677714593108,0.3153980269851404,-0.042324607913716505,-0.09802678018208866,-747.7050000000002,-1178.439,0.5200000000000005,0.40000000000000036,0.3999999999999999,0.19999999999999973,0.0,1.5,0.04999999999999982,0.16999999999999993,0.5100000000000002,0.4900000000000002,-0.879999999999999,-9.46,-0.2599999999999998,2.39,6802965.513,0.06173843297750459,0.05561385849055256,66,5,5,0,3,3,3,3,3.0,0,42,66,36,36
2023-11-13 00:00:00+00:00,307.481,5.33,2.29,4.61,5.04,122.5677,20754.9,13271.32,156923.0,1020.272,3.9,14.76,7860691.0,772.686,2023-09-01 00:00:00+00:00,2023-11-10 00:00:00+00:00,2023-11-10 00:00:00+00:00,2023-11-10 00:00:00+00:00,2023-11-10 00:00:00+00:00,2023-11-09 00:00:00+00:00,2023-09-01 00:00:00+00:00,2023-09-25 00:00:00+00:00,2023-10-01 00:00:00+00:00,2023-11-13 00:00:00+00:00,2023-10-01 00:00:00+00:00,2023-11-13 00:00:00+00:00,2023-11-08 00:00:00+00:00,2023-11-08 00:00:00+00:00,0.01971118813575856,-0.01870415955103688,-0.006464277007671271,-0.03542869878848265,0.003709323838723577,0.023306269406697666,-0.03821726633233169,0.17002909455629833,0.010241513182982054,0.031111778163179338,0.5527112503264915,0.381763702357647,-0.04326413353285474,-0.09901866335906462,-779.0389999999999,-1144.746,0.4500000000000002,0.7900000000000005,0.3999999999999999,0.19999999999999973,0.0,1.5,0.15000000000000036,0.7000000000000002,0.49,0.8600000000000001,-0.0600000000000005,-8.97,-0.4299999999999997,2.3200000000000003,6839646.314,0.06511306492082625,0.04888356034086172,73,5,5,0,3,3,3,3,4.0,0,49,73,43,43
2023-11-20 00:00:00+00:00,307.619,5.33,2.16,4.44,4.88,121.2886,20754.9,13271.32,156923.0,953.088,3.9,13.41,7814991.0,738.562,2023-10-01 00:00:00+00:00,2023-11-17 00:00:00+00:00,2023-11-17 00:00:00+00:00,2023-11-17 00:00:00+00:00,2023-11-17 00:00:00+00:00,2023-11-17 00:00:00+00:00,2023-09-01 00:00:00+00:00,2023-09-25 00:00:00+00:00,2023-10-01 00:00:00+00:00,2023-11-20 00:00:00+00:00,2023-10-01 00:00:00+00:00,2023-11-20 00:00:00+00:00,2023-11-15 00:00:00+00:00,2023-11-15 00:00:00+00:00,0.002850988939830934,-0.021970016636257306,-0.006464277007671271,-0.03542869878848265,0.003709323838723577,0.023306269406697666,-0.016905835098134148,0.18548433999062297,0.010690220717742172,0.031560485697939455,0.5275331031163493,0.38415066823706834,-0.04144968304253638,-0.09869303215056036,-871.7,-1172.338,0.1800000000000006,0.6200000000000006,0.3999999999999999,0.19999999999999973,0.0,1.5,-0.040000000000000036,0.3700000000000001,0.2200000000000002,0.5900000000000001,-3.719999999999999,-9.71,-0.4399999999999995,2.2800000000000002,6861164.438,0.08207834444826112,0.05412253040231718,80,5,5,0,3,3,3,3,3.0,0,56,50,50,50
2023-11-27 00:00:00+00:00,307.619,5.33,2.21,4.47,4.92,120.6465,20754.9,13271.32,156923.0,867.22,3.9,12.69,7810814.0,706.017,2023-10-01 00:00:00+00:00,2023-11-24 00:00:00+00:00,2023-11-24 00:00:00+00:00,2023-11-24 00:00:00+00:00,2023-11-24 00:00:00+00:00,2023-11-24 00:00:00+00:00,2023-09-01 00:00:00+00:00,2023-09-25 00:00:00+00:00,2023-10-01 00:00:00+00:00,2023-11-27 00:00:00+00:00,2023-10-01 00:00:00+00:00,2023-11-27 00:00:00+00:00,2023-11-22 00:00:00+00:00,2023-11-22 00:00:00+00:00,-0.0031852339450466616,-0.023265436622072144,-0.007095973852486281,-0.03131858689463485,0.003709323838723577,0.023306269406697666,-0.03216489940755807,0.18322013782018232,0.010690220717742172,0.031560485697939455,0.5342879678485728,0.3869496468192022,-0.04116624764371579,-0.09873714080335994,-841.385,-1187.6940000000002,0.21999999999999975,0.7899999999999996,0.3999999999999999,0.19999999999999973,0.0,1.5,-0.11000000000000032,0.5,0.29000000000000004,0.8499999999999999,-2.3900000000000006,-9.520000000000001,-0.4500000000000002,2.26,6942887.983,0.07673594300183062,0.055813533847139496,87,5,5,0,3,3,3,3,3.0,0,63,57,57,57
2023-12-04 00:00:00+00:00,307.619,5.33,2.0,4.22,4.56,120.3697,20725.6,13271.32,156923.0,815.847,3.9,13.08,7796145.0,739.209,2023-10-01 00:00:00+00:00,2023-12-01 00:00:00+00:00,2023-12-01 00:00:00+00:00,2023-12-01 00:00:00+00:00,2023-12-01 00:00:00+00:00,2023-12-01 00:00:00+00:00,2023-10-01 00:00:00+00:00,2023-09-25 00:00:00+00:00,2023-10-01 00:00:00+00:00,2023-12-04 00:00:00+00:00,2023-10-01 00:00:00+00:00,2023-12-04 00:00:00+00:00,2023-11-29 00:00:00+00:00,2023-11-29 00:00:00+00:00,-0.005482175990422888,-0.014478089122597737,-0.008508686084642392,-0.03273129912679096,0.003216935071865379,0.021742017451789053,-0.05572157916784448,0.166131809518399,0.010690220717742172,0.031560485697939455,0.45114732019191006,0.3682839423678246,-0.040862829253315525,-0.09633772390749584,-758.2180000000001,-1277.8,0.1299999999999999,0.71,0.10000000000000009,0.19999999999999973,0.0,1.5,-0.29000000000000004,0.27999999999999936,0.1499999999999999,0.9199999999999999,-0.7400000000000002,-7.67,-0.33999999999999986,2.2199999999999998,6979558.791,0.06401234805126776,0.07265884192706906,64,5,5,0,3,3,3,3,3.0,0,70,64,64,64
2023-12-11 00:00:00+00:00,307.619,5.33,2.02,4.23,4.71,121.1516,20725.6,13271.32,157087.0,838.507,3.7,12.63,7737385.0,682.509,2023-10-01 00:00:00+00:00,2023-12-08 00:00:00+00:00,2023-12-08 00:00:00+00:00,2023-12-08 00:00:00+00:00,2023-12-08 00:00:00+00:00,2023-12-08 00:00:00+00:00,2023-10-01 00:00:00+00:00,2023-09-25 00:00:00+00:00,2023-11-01 00:00:00+00:00,2023-12-11 00:00:00+00:00,2023-11-01 00:00:00+00:00,2023-12-11 00:00:00+00:00,2023-12-06 00:00:00+00:00,2023-12-06 00:00:00+00:00,-0.010640529425634426,-0.011106742651917578,-0.008508686084642392,-0.03273129912679096,0.004261487888090443,0.022786570268014117,-0.04756974706561934,0.17472741062648645,0.010690220717742172,0.031560485697939455,0.3711703056191329,0.4565749630943374,-0.04596298927243758,-0.10368885205548573,-710.6040000000002,-1320.0099999999998,-0.02999999999999936,0.6600000000000006,-0.09999999999999964,0.0,0.0,1.5,-0.27000000000000046,0.3799999999999999,0.09000000000000008,0.71,-1.17,-12.37,-0.47999999999999954,2.2100000000000004,6898195.491,0.05152978349480719,0.07125224299480237,71,5,5,0,3,3,3,3,3.0,0,77,71,40,40
2023-12-18 00:00:00+00:00,307.917,5.33,1.69,3.91,4.44,120.062,20725.6,13271.32,157087.0,724.704,3.7,12.56,7739566.0,658.44,2023-11-01 00:00:00+00:00,2023-12-15 00:00:00+00:00,2023-12-15 00:00:00+00:00,2023-12-15 00:00:00+00:00,2023-12-15 00:00:00+00:00,2023-12-15 00:00:00+00:00,2023-10-01 00:00:00+00:00,2023-09-25 00:00:00+00:00,2023-11-01 00:00:00+00:00,2023-12-18 00:00:00+00:00,2023-11-01 00:00:00+00:00,2023-12-18 00:00:00+00:00,2023-12-13 00:00:00+00:00,2023-12-13 00:00:00+00:00,-0.013398699268782899,-0.022075500694853645,-0.008508686084642392,-0.03273129912679096,0.004261487888090443,0.022786570268014117,-0.03253768300005966,0.22985583010672528,0.005366465386882346,0.031566323943278185,0.23315070368935054,0.6163003327870564,-0.045367695897022386,-0.10348600627385807,-728.238,-1410.061,-0.41999999999999993,0.43000000000000016,-0.09999999999999964,0.0,0.0,1.0,-0.5799999999999992,0.27000000000000046,-0.29000000000000004,0.33999999999999986,-1.4399999999999995,-9.860000000000001,-0.5300000000000002,2.22,7014203.56,0.05402500396046683,0.0841218088106146,78,5,5,0,3,3,3,3,3.0,0,84,47,47,47
2023-12-25 00:00:00+00:00,307.917,5.33,1.7,3.89,4.33,120.062,20725.6,13271.32,157087.0,772.258,3.7,13.03,7724063.0,732.196,2023-11-01 00:00:00+00:00,2023-12-21 00:00:00+00:00,2023-12-21 00:00:00+00:00,2023-12-21 00:00:00+00:00,2023-12-21 00:00:00+00:00,2023-12-15 00:00:00+00:00,2023-10-01 00:00:00+00:00,2023-09-25 00:00:00+00:00,2023-11-01 00:00:00+00:00,2023-12-22 00:00:00+00:00,2023-11-01 00:00:00+00:00,2023-12-22 00:00:00+00:00,2023-12-20 00:00:00+00:00,2023-12-20 00:00:00+00:00,-0.01614718590592279,-0.022075500694853645,-0.008508686084642392,-0.03273129912679096,0.004261487888090443,0.022786570268014117,0.0,0.23443388902371964,0.005366465386882346,0.031566323943278185,0.13411766824940052,0.4653001234725913,-0.03810774601902445,-0.10327484023993527,-665.0519999999999,-1444.09,-0.5500000000000003,0.2200000000000002,-0.09999999999999964,0.0,0.0,1.0,-0.7699999999999996,0.08999999999999986,-0.3699999999999999,0.21999999999999997,-3.869999999999999,-7.840000000000002,-0.43999999999999995,2.1900000000000004,6951072.804,0.05392861195450216,0.09081871196738334,85,5,5,3,4,4,4,4,10.0,3,91,54,54,54
2024-01-01 00:00:00+00:00,307.917,5.33,1.68,3.84,4.26,119.4214,20767.4,13271.32,157087.0,1018.483,3.7,12.45,7712781.0,731.405,2023-11-01 00:00:00+00:00,2023-12-28 00:00:00+00:00,2023-12-28 00:00:00+00:00,2023-12-28 00:00:00+00:00,2023-12-28 00:00:00+00:00,2023-12-22 00:00:00+00:00,2023-11-01 00:00:00+00:00,2023-09-25 00:00:00+00:00,2023-11-01 00:00:00+00:00,2023-12-29 00:00:00+00:00,2023-11-01 00:00:00+00:00,2023-12-29 00:00:00+00:00,2023-12-27 00:00:00+00:00,2023-12-27 00:00:00+00:00,-0.027633908324927958,-0.022091053513713987,-0.004703042581956751,-0.027742228815240466,0.004261487888090443,0.022786570268014117,0.0,0.2374275461992461,0.005366465386882346,0.031566323943278185,0.07119507247505918,0.5360170584593611,-0.03682068547596273,-0.10318917582124065,-347.2560000000001,-1535.233,-0.75,0.009999999999999787,-0.09999999999999964,0.0,0.0,1.0,-0.7700000000000005,-0.08000000000000007,-0.5600000000000003,0.11999999999999988,-5.16,-9.220000000000002,-0.41999999999999993,2.16,6693566.595,0.008691152835064386,0.10988333013059659,61,5,5,3,4,4,4,4,10.0,3,98,61,61,61
2024-01-08 00:00:00+00:00,307.917,5.33,1.83,4.05,4.4,119.7474,20767.4,13271.32,157232.0,691.485,3.7,13.08,7681024.0,758.448,2023-11-01 00:00:00+00:00,2024-01-05 00:00:00+00:00,2024-01-05 00:00:00+00:00,2024-01-05 00:00:00+00:00,2024-01-05 00:00:00+00:00,2024-01-05 00:00:00+00:00,2023-11-01 00:00:00+00:00,2023-09-25 00:00:00+00:00,2023-12-01 00:00:00+00:00,2024-01-08 00:00:00+00:00,2023-12-01 00:00:00+00:00,2024-01-08 00:00:00+00:00,2024-01-03 00:00:00+00:00,2024-01-03 00:00:00+00:00,-0.02490779854895564,-0.011819072201356917,-0.004703042581956751,-0.027742228815240466,0.002279486256330898,0.02244004442517955,0.0,0.22139375016001672,0.005366465386882346,0.031566323943278185,0.12697259357747548,0.5824256101500369,-0.03514608830763244,-0.10218691017585257,-591.976,-1507.636,-0.6699999999999999,0.5,-0.09999999999999964,0.20000000000000018,0.0,1.0,-0.6299999999999999,0.16000000000000014,-0.5800000000000001,0.49,-4.619999999999999,-8.889999999999999,-0.35000000000000053,2.2199999999999998,6988780.552,0.04643843098468636,0.10250574591211681,68,5,5,0,3,3,3,3,3.0,0,105,68,38,38
2024-01-15 00:00:00+00:00,308.85,5.33,1.76,3.98,4.26,119.7474,20767.4,13271.32,157232.0,603.116,3.7,13.25,7686710.0,747.565,2023-12-01 00:00:00+00:00,2024-01-11 00:00:00+00:00,2024-01-11 00:00:00+00:00,2024-01-11 00:00:00+00:00,2024-01-11 00:00:00+00:00,2024-01-05 00:00:00+00:00,2023-11-01 00:00:00+00:00,2023-09-25 00:00:00+00:00,2023-12-01 00:00:00+00:00,2024-01-12 00:00:00+00:00,2023-12-01 00:00:00+00:00,2024-01-15 00:00:00+00:00,2024-01-10 00:00:00+00:00,2024-01-10 00:00:00+00:00,-0.034807521313670264,-0.011819072201356917,-0.004703042581956751,-0.027742228815240466,0.002279486256330898,0.02244004442517955,0.0,0.1805394497205306,0.004442425422216623,0.035386467320086545,0.05274008697590116,0.6970138426623302,-0.03393739645129479,-0.10158302522173912,-505.703,-1576.665,-0.6499999999999999,0.5499999999999998,-0.09999999999999964,0.20000000000000018,0.0,1.0,-0.7800000000000002,0.13999999999999968,-0.53,0.54,-3.960000000000001,-6.239999999999998,-0.2799999999999998,2.2199999999999998,7082846.435,0.03451892742839391,0.11262310729287961,75,5,5,3,4,4,4,4,10.0,0,112,45,45,45
2024-01-22 00:00:00+00:00,308.85,5.33,1.81,4.15,4.39,120.9947,20767.4,13271.32,157232.0,647.103,3.7,13.19,7673741.0,748.883,2023-12-01 00:00:00+00:00,2024-01-19 00:00:00+00:00,2024-01-19 00:00:00+00:00,2024-01-19 00:00:00+00:00,2024-01-19 00:00:00+00:00,2024-01-19 00:00:00+00:00,2023-11-01 00:00:00+00:00,2023-09-25 00:00:00+00:00,2023-12-01 00:00:00+00:00,2024-01-22 00:00:00+00:00,2023-12-01 00:00:00+00:00,2024-01-22 00:00:00+00:00,2024-01-17 00:00:00+00:00,2024-01-17 00:00:00+00:00,-0.024645300388582925,0.012749250901442188,-0.004703042581956751,-0.027742228815240466,0.002279486256330898,0.02244004442517955,0.0,0.15511877370481209,0.004442425422216623,0.035386467320086545,-0.014575131041127065,0.7925295597217641,-0.03324745420802344,-0.1009715609965518,-510.87300000000016,-1488.3959999999997,-0.7799999999999994,0.6700000000000004,-0.09999999999999964,0.20000000000000018,0.0,1.0,-0.6800000000000006,0.25,-0.6499999999999999,0.56,-7.1800000000000015,-6.619999999999999,-0.23999999999999932,2.3400000000000003,7025889.117,0.0364471139704623,0.10064299436205637,82,5,5,0,3,3,3,3,3.0,0,119,52,52,52
2024-01-29 00:00:00+00:00,308.85,5.33,1.85,4.15,4.34,120.9665,20865.2,15628.04,157232.0,581.41,3.7,13.6,7677230.0,799.358,2023-12-01 00:00:00+00:00,2024-01-26 00:00:00+00:00,2024-01-26 00:00:00+00:00,2024-01-26 00:00:00+00:00,2024-01-26 00:00:00+00:00,2024-01-26 00:00:00+00:00,2023-12-01 00:00:00+00:00,2024-01-29 00:00:00+00:00,2023-12-01 00:00:00+00:00,2024-01-29 00:00:00+00:00,2023-12-01 00:00:00+00:00,2024-01-29 00:00:00+00:00,2024-01-24 00:00:00+00:00,2024-01-24 00:00:00+00:00,-0.02495499711887028,0.015781936289358534,0.005300336050442667,-0.016267477947934594,0.002279486256330898,0.02244004442517955,0.1634614208067191,0.3159965112221723,0.004442425422216623,0.035386467320086545,-0.042925570348799624,0.48563917982229743,-0.029594602842671236,-0.09833746299636204,-556.6250000000001,-1467.304,-0.6899999999999995,0.6300000000000003,-0.09999999999999964,0.20000000000000018,0.0,1.0,-0.6500000000000004,0.14999999999999947,-0.5699999999999998,0.6600000000000001,-6.15,-6.340000000000002,-0.1899999999999995,2.3000000000000003,7095020.642,0.04704567778321511,0.09976466460917877,59,5,5,0,3,3,3,3,3.0,0,0,59,59,59
2024-02-05 00:00:00+00:00,308.85,5.33,1.82,4.03,4.36,121.2438,20865.2,15597.68,157700.0,552.289,3.7,13.67,7630124.0,841.55,2023-12-01 00:00:00+00:00,2024-02-02 00:00:00+00:00,2024-02-02 00:00:00+00:00,2024-02-02 00:00:00+00:00,2024-02-02 00:00:00+00:00,2024-02-02 00:00:00+00:00,2023-12-01 00:00:00+00:00,2024-02-05 00:00:00+00:00,2024-01-01 00:00:00+00:00,2024-02-05 00:00:00+00:00,2024-01-01 00:00:00+00:00,2024-02-05 00:00:00+00:00,2024-01-31 00:00:00+00:00,2024-01-31 00:00:00+00:00,-0.008131391642383967,0.014786649591506773,0.005300336050442667,-0.016267477947934594,0.00493925478846613,0.016798520178308962,0.16151686935575782,0.27163896348334227,0.004442425422216623,0.035386467320086545,0.02534736316510955,0.40714972989935916,-0.030529987577766704,-0.1001208160487792,-510.58899999999994,-1519.972,-0.54,0.5000000000000004,-0.19999999999999973,0.30000000000000027,0.0,0.75,-0.46999999999999975,0.0600000000000005,-0.3600000000000001,0.51,-1.2200000000000006,-5.76,-0.33000000000000007,2.21,7076993.45,0.039490541590883055,0.10669675129035561,66,5,5,0,3,3,3,3,3.0,0,0,66,35,35
2024-02-12 00:00:00+00:00,308.742,5.33,1.92,4.17,4.48,121.3851,20865.2,15942.55,157700.0,581.568,3.7,13.93,7631300.0,802.135,2023-12-01 00:00:00+00:00,2024-02-09 00:00:00+00:00,2024-02-09 00:00:00+00:00,2024-02-09 00:00:00+00:00,2024-02-09 00:00:00+00:00,2024-02-09 00:00:00+00:00,2023-12-01 00:00:00+00:00,2024-02-12 00:00:00+00:00,2024-01-01 00:00:00+00:00,2024-02-12 00:00:00+00:00,2024-01-01 00:00:00+00:00,2024-02-12 00:00:00+00:00,2024-02-07 00:00:00+00:00,2024-02-07 00:00:00+00:00,-0.009695394057794182,0.010453583464985705,0.005300336050442667,-0.016267477947934594,0.00493925478846613,0.016798520178308962,0.18338631958194007,0.29314338942378804,0.004092679955627787,0.032095848659976056,0.03740416638893329,0.4862060404970263,-0.029616305200990567,-0.1001752504743223,-438.70400000000006,-1526.207,-0.4400000000000004,0.4299999999999997,-0.19999999999999973,0.30000000000000027,0.0,0.75,-0.5599999999999996,-0.019999999999999574,-0.3700000000000001,0.51,-0.8300000000000001,-6.41,-0.3100000000000005,2.25,7048929.865,0.030139791285996864,0.10803370351483288,73,5,5,0,3,3,3,3,3.0,0,0,73,42,42
2024-02-19 00:00:00+00:00,309.685,5.33,1.94,4.24,4.56,121.3851,20865.2,15775.65,157700.0,532.125,3.7,14.71,7633874.0,838.005,2024-01-01 00:00:00+00:00,2024-02-15 00:00:00+00:00,2024-02-15 00:00:00+00:00,2024-02-15 00:00:00+00:00,2024-02-15 00:00:00+00:00,2024-02-09 00:00:00+00:00,2023-12-01 00:00:00+00:00,2024-02-16 00:00:00+00:00,2024-01-01 00:00:00+00:00,2024-02-16 00:00:00+00:00,2024-01-01 00:00:00+00:00,2024-02-19 00:00:00+00:00,2024-02-14 00:00:00+00:00,2024-02-14 00:00:00+00:00,0.0007953066614678761,0.010453583464985705,0.005300336050442667,-0.016267477947934594,0.00493925478846613,0.016798520178308962,0.17286229612439463,0.29144747644171076,0.006693647583387197,0.02998810470528479,0.1263190146431663,0.5358455055322597,-0.02344836316319565,-0.0938211580948245,-420.96299999999997,-1527.5369999999998,-0.20000000000000018,0.38000000000000034,-0.19999999999999973,0.30000000000000027,0.0,0.75,-0.3200000000000003,-0.0600000000000005,-0.2200000000000002,0.44999999999999996,1.3000000000000007,-6.52,-0.3199999999999994,2.3000000000000003,7100910.995,0.034345914489540164,0.11577398170014241,80,5,5,3,4,4,4,4,10.0,0,3,49,49,49
2024-02-26 00:00:00+00:00,309.685,5.33,1.96,4.26,4.67,121.3991,20865.2,15976.25,157700.0,524.959,3.7,13.74,7581683.0,785.465,2024-01-01 00:00:00+00:00,2024-02-23 00:00:00+00:00,2024-02-23 00:00:00+00:00,2024-02-23 00:00:00+00:00,2024-02-23 00:00:00+00:00,2024-02-23 00:00:00+00:00,2023-12-01 00:00:00+00:00,2024-02-26 00:00:00+00:00,2024-01-01 00:00:00+00:00,2024-02-26 00:00:00+00:00,2024-01-01 00:00:00+00:00,2024-02-26 00:00:00+00:00,2024-02-21 00:00:00+00:00,2024-02-21 00:00:00+00:00,0.006218682970303924,-0.001903473198416883,0.005300336050442667,-0.016267477947934594,0.00493925478846613,0.016798520178308962,0.18549792857238323,0.3316316435444868,0.006693647583387197,0.02998810470528479,0.10663658257288322,0.4980615385681215,-0.029773977101454463,-0.10037401019589787,-342.2610000000001,-1637.476,-0.20999999999999996,0.3099999999999996,-0.19999999999999973,0.30000000000000027,0.0,0.75,-0.25,-0.11000000000000032,-0.25,0.3899999999999999,1.0500000000000007,-7.209999999999999,-0.41000000000000014,2.3,7055938.535,0.016151783803318054,0.126215838340471,87,5,5,0,3,3,3,3,3.0,0,0,56,56,56
2024-03-04 00:00:00+00:00,309.685,5.33,1.87,4.19,4.54,121.3741,20781.8,16207.51,157700.0,439.793,3.7,13.49,7567807.0,785.821,2024-01-01 00:00:00+00:00,2024-03-01 00:00:00+00:00,2024-03-01 00:00:00+00:00,2024-03-01 00:00:00+00:00,2024-03-01 00:00:00+00:00,2024-03-01 00:00:00+00:00,2024-01-01 00:00:00+00:00,2024-03-04 00:00:00+00:00,2024-01-01 00:00:00+00:00,2024-03-04 00:00:00+00:00,2024-01-01 00:00:00+00:00,2024-03-04 00:00:00+00:00,2024-02-28 00:00:00+00:00,2024-02-28 00:00:00+00:00,0.008309671474775904,0.004301753093201022,0.0027079525261957116,-0.023083673979272135,0.00493925478846613,0.016798520178308962,0.19986939917372126,0.32796153022115604,0.006693647583387197,0.02998810470528479,0.06114833554658183,0.7232868180430891,-0.0297260514438058,-0.09712199665434618,-376.054,-1751.0,-0.02999999999999936,0.2200000000000002,-0.19999999999999973,0.30000000000000027,0.0,0.7599999999999998,-0.019999999999999574,-0.3200000000000003,-0.1299999999999999,0.42000000000000015,0.41000000000000014,-5.119999999999999,-0.34999999999999964,2.3200000000000003,7127228.179,0.020936699825085725,0.14771266794811488,63,5,5,0,3,3,3,3,3.0,0,0,63,63,63
2024-03-11 00:00:00+00:00,309.685,5.33,1.81,4.09,4.48,120.3612,20781.8,16019.27,157808.0,478.728,3.9,15.22,7538857.0,767.733,2024-01-01 00:00:00+00:00,2024-03-08 00:00:00+00:00,2024-03-08 00:00:00+00:00,2024-03-08 00:00:00+00:00,2024-03-08 00:00:00+00:00,2024-03-08 00:00:00+00:00,2024-01-01 00:00:00+00:00,2024-03-11 00:00:00+00:00,2024-02-01 00:00:00+00:00,2024-03-11 00:00:00+00:00,2024-02-01 00:00:00+00:00,2024-03-11 00:00:00+00:00,2024-03-06 00:00:00+00:00,2024-03-06 00:00:00+00:00,-0.006545432141921381,-0.007706937609817999,0.0027079525261957116,-0.023083673979272135,0.004579312214884723,0.015698468372580265,0.18818705667060343,0.3588755195973583,0.006693647583387197,0.02998810470528479,0.11766630266587175,0.834249027387159,-0.02599319620174434,-0.10126634090084252,-359.77899999999994,-1647.949,-0.14000000000000057,0.3899999999999997,0.19999999999999973,0.2999999999999998,0.0,0.7599999999999998,-0.22999999999999954,-0.11999999999999922,-0.20999999999999996,0.3700000000000001,2.59,-11.299999999999999,-0.39000000000000057,2.28,7059361.267,0.02309472095936549,0.12734498164540575,70,5,5,0,3,3,3,3,3.0,0,0,70,39,39
2024-03-18 00:00:00+00:00,311.054,5.33,1.99,4.31,4.72,120.7884,20781.8,16103.45,157808.0,440.596,3.9,14.33,7541969.0,768.369,2024-02-01 00:00:00+00:00,2024-03-15 00:00:00+00:00,2024-03-15 00:00:00+00:00,2024-03-15 00:00:00+00:00,2024-03-15 00:00:00+00:00,2024-03-15 00:00:00+00:00,2024-01-01 00:00:00+00:00,2024-03-18 00:00:00+00:00,2024-02-01 00:00:00+00:00,2024-03-18 00:00:00+00:00,2024-02-01 00:00:00+00:00,2024-03-18 00:00:00+00:00,2024-03-13 00:00:00+00:00,2024-03-13 00:00:00+00:00,0.006031978377363245,-0.0064927469637430235,0.0027079525261957116,-0.023083673979272135,0.004579312214884723,0.015698468372580265,0.19342821885739347,0.3215374795867998,0.010136264409513096,0.030705755882979524,0.1543966856506369,1.193806905677591,-0.025862325165951106,-0.13583827250311664,-284.10799999999995,-1657.797,0.39999999999999947,0.9199999999999995,0.19999999999999973,0.2999999999999998,0.0,0.75,0.27999999999999936,0.9099999999999997,0.30000000000000004,0.7,1.7699999999999996,-9.819999999999999,-0.41000000000000014,2.3199999999999994,7100604.631,0.012242766464252597,0.08213970096705125,77,5,5,0,3,3,3,3,3.0,0,0,46,46,46
2024-03-25 00:00:00+00:00,311.054,5.33,1.87,4.22,4.59,121.5694,20781.8,16384.47,157808.0,473.787,3.9,13.19,7514348.0,809.298,2024-02-01 00:00:00+00:00,2024-03-22 00:00:00+00:00,2024-03-22 00:00:00+00:00,2024-03-22 00:00:00+00:00,2024-03-22 00:00:00+00:00,2024-03-22 00:00:00+00:00,2024-01-01 00:00:00+00:00,2024-03-25 00:00:00+00:00,2024-02-01 00:00:00+00:00,2024-03-25 00:00:00+00:00,2024-02-01 00:00:00+00:00,2024-03-25 00:00:00+00:00,2024-03-20 00:00:00+00:00,2024-03-20 00:00:00+00:00,0.012477017104928656,0.008810644241012078,0.0027079525261957116,-0.023083673979272135,0.004579312214884723,0.015698468372580265,0.21072861907767937,0.3308785742037834,0.010136264409513096,0.030705755882979524,0.10011896754417382,1.1370752986926975,-0.027526261301272115,-0.15038480768726892,-298.47100000000006,-1746.3439999999998,0.3299999999999996,0.8399999999999999,0.19999999999999973,0.2999999999999998,0.0,0.5,0.2599999999999998,0.8300000000000001,0.17000000000000015,0.7100000000000002,0.16000000000000014,-7.410000000000002,-0.3700000000000001,2.3499999999999996,7039751.702,0.012676891993544714,0.0777118573480049,84,5,5,0,3,3,3,3,3.0,0,0,53,53,53
2024-04-01 00:00:00+00:00,311.054,5.33,1.88,4.2,4.59,121.4062,20783.6,16396.83,157808.0,441.903,3.9,13.65,7484739.0,802.233,2024-02-01 00:00:00+00:00,2024-03-29 00:00:00+00:00,2024-03-28 00:00:00+00:00,2024-03-28 00:00:00+00:00,2024-03-28 00:00:00+00:00,2024-03-29 00:00:00+00:00,2024-02-01 00:00:00+00:00,2024-04-01 00:00:00+00:00,2024-02-01 00:00:00+00:00,2024-04-01 00:00:00+00:00,2024-02-01 00:00:00+00:00,2024-04-01 00:00:00+00:00,2024-03-27 00:00:00+00:00,2024-03-27 00:00:00+00:00,0.01648353378197065,0.015969520203708676,0.0007797646661131807,-0.013329993943052898,0.004579312214884723,0.015698468372580265,0.21148270757238308,0.2965171999384566,0.010136264409513096,0.030705755882979524,0.09243174746699889,1.4747648913554503,-0.03001267540344621,-0.1511396335116295,-576.5799999999999,-1779.1070000000002,0.3600000000000003,0.7200000000000002,0.19999999999999973,0.2999999999999998,0.0,0.5,0.33000000000000007,0.5300000000000002,0.19999999999999996,0.72,1.200000000000001,-4.9,-0.3899999999999997,2.3200000000000003,7042033.767,0.05075016040921376,0.08244399246979306,60,5,5,0,3,4,4,4,3.0,0,0,60,60,60
2024-04-08 00:00:00+00:00,311.054,5.33,2.02,4.39,4.73,121.3671,20783.6,16253.96,158133.0,448.597,3.8,15.19,7439558.0,768.651,2024-02-01 00:00:00+00:00,2024-04-05 00:00:00+00:00,2024-04-05 00:00:00+00:00,2024-04-05 00:00:00+00:00,2024-04-05 00:00:00+00:00,2024-04-05 00:00:00+00:00,2024-02-01 00:00:00+00:00,2024-04-08 00:00:00+00:00,2024-03-01 00:00:00+00:00,2024-04-08 00:00:00+00:00,2024-03-01 00:00:00+00:00,2024-04-08 00:00:00+00:00,2024-04-03 00:00:00+00:00,2024-04-03 00:00:00+00:00,0.013435312799056298,0.01547585090154513,0.0007797646661131807,-0.013329993943052898,0.005714029467313253,0.016347087983557884,0.2027312555038865,0.29642534437108026,0.010136264409513096,0.030705755882979524,0.013362790262751112,1.5159639182323303,-0.03194143312672537,-0.14870927412313506,-242.88800000000003,-1791.0580000000002,0.33999999999999986,0.9999999999999996,0.09999999999999964,0.2999999999999998,0.0,0.5,0.33000000000000007,0.7600000000000002,0.18999999999999995,0.8800000000000001,2.1099999999999994,-3.7799999999999994,-0.34000000000000075,2.3699999999999997,6990192.349,0.0002019886603683574,0.08937322708697337,67,5,5,0,3,3,3,3,3.0,0,0,67,38,38
2024-04-15 00:00:00+00:00,312.23,5.33,2.11,4.5,4.88,122.6566,20783.6,15885.02,158133.0,327.066,3.8,19.23,7438176.0,704.971,2024-03-01 00:00:00+00:00,2024-04-12 00:00:00+00:00,2024-04-12 00:00:00+00:00,2024-04-12 00:00:00+00:00,2024-04-12 00:00:00+00:00,2024-04-12 00:00:00+00:00,2024-02-01 00:00:00+00:00,2024-04-15 00:00:00+00:00,2024-03-01 00:00:00+00:00,2024-04-15 00:00:00+00:00,2024-03-01 00:00:00+00:00,2024-04-15 00:00:00+00:00,2024-04-10 00:00:00+00:00,2024-04-10 00:00:00+00:00,0.02400405676036943,0.030012178612121687,0.0007797646661131807,-0.013329993943052898,0.005714029467313253,0.016347087983557884,0.17977121087869996,0.26741216781240595,0.010884373571418138,0.033949042109957084,-0.058664590791642546,1.8649023465137624,-0.03286720612665306,-0.14685564865258804,-276.05,-1929.7789999999998,0.52,0.98,0.09999999999999964,0.2999999999999998,0.0,0.5,0.6200000000000001,0.7999999999999998,0.34999999999999987,0.8899999999999999,5.98,2.280000000000001,-0.3799999999999999,2.39,7110405.029,0.0038833425452455828,0.11187007212827282,74,5,5,0,3,3,3,3,3.0,0,0,45,45,45
2024-04-22 00:00:00+00:00,312.23,5.33,2.21,4.62,4.97,123.4459,20783.6,15451.31,158133.0,409.816,3.8,16.94,7405506.0,796.535,2024-03-01 00:00:00+00:00,2024-04-19 00:00:00+00:00,2024-04-19 00:00:00+00:00,2024-04-19 00:00:00+00:00,2024-04-19 00:00:00+00:00,2024-04-19 00:00:00+00:00,2024-02-01 00:00:00+00:00,2024-04-22 00:00:00+00:00,2024-03-01 00:00:00+00:00,2024-04-22 00:00:00+00:00,2024-03-01 00:00:00+00:00,2024-04-22 00:00:00+00:00,2024-04-17 00:00:00+00:00,2024-04-17 00:00:00+00:00,0.020056260428484407,0.032552743013340546,0.0007797646661131807,-0.013329993943052898,0.005714029467313253,0.016347087983557884,0.15208847350192478,0.24969193469802597,0.010884373571418138,0.033949042109957084,0.06168830759427024,1.5649454854282254,-0.03558046333623999,-0.1487547465769925,-237.28699999999998,-1898.722,0.46999999999999975,1.0500000000000003,0.09999999999999964,0.2999999999999998,0.0,0.5,0.5800000000000001,0.7999999999999998,0.3999999999999999,0.9199999999999999,3.7500000000000018,0.05000000000000071,-0.34999999999999964,2.41,6994893.465,-0.004421394071622231,0.10708479363280254,81,5,5,0,3,3,3,3,3.0,0,0,52,52,52
2024-04-29 00:00:00+00:00,312.23,5.33,2.24,4.67,4.96,123.3004,20841.2,15983.08,158133.0,505.53,3.8,14.67,7402434.0,941.43,2024-03-01 00:00:00+00:00,2024-04-26 00:00:00+00:00,2024-04-26 00:00:00+00:00,2024-04-26 00:00:00+00:00,2024-04-26 00:00:00+00:00,2024-04-26 00:00:00+00:00,2024-03-01 00:00:00+00:00,2024-04-29 00:00:00+00:00,2024-03-01 00:00:00+00:00,2024-04-29 00:00:00+00:00,2024-03-01 00:00:00+00:00,2024-04-29 00:00:00+00:00,2024-04-24 00:00:00+00:00,2024-04-24 00:00:00+00:00,0.01911000652512751,0.03188318092850917,-0.0011509026264153732,0.0011089961841648233,0.005714029467313253,0.016347087983557884,0.022463925994017586,0.26906245702513765,0.010884373571418138,0.033949042109957084,0.16359109039834419,1.1716672626813267,-0.03644993996955037,-0.1456146373215308,-75.88,-1734.336,0.5199999999999996,1.23,0.09999999999999964,0.2999999999999998,0.0,0.5,0.6200000000000001,0.9199999999999999,0.3900000000000001,0.9800000000000002,1.0700000000000003,-1.4099999999999984,-0.29000000000000004,2.4299999999999997,6895962.57,-0.028457114418133145,0.08680396083827091,59,5,5,0,3,3,3,3,3.0,0,0,59,59,59
2024-05-06 00:00:00+00:00,312.23,5.33,2.15,4.5,4.81,122.5056,20841.2,16349.25,158286.0,468.97,3.9,13.49,7362474.0,917.177,2024-03-01 00:00:00+00:00,2024-05-03 00:00:00+00:00,2024-05-03 00:00:00+00:00,2024-05-03 00:00:00+00:00,2024-05-03 00:00:00+00:00,2024-05-03 00:00:00+00:00,2024-03-01 00:00:00+00:00,2024-05-06 00:00:00+00:00,2024-04-01 00:00:00+00:00,2024-05-06 00:00:00+00:00,2024-04-01 00:00:00+00:00,2024-05-06 00:00:00+00:00,2024-05-01 00:00:00+00:00,2024-05-01 00:00:00+00:00,0.010353348736044765,0.030961999712637578,-0.0011509026264153732,0.0011089961841648233,0.0037090293354449244,0.0166458699064318,0.04705983948433534,0.2880913492763675,0.010884373571418138,0.033949042109957084,0.08605504477792536,1.225786442981697,-0.03570807924027797,-0.14413991792676661,-83.31899999999996,-1748.631,0.46999999999999975,1.06,0.19999999999999973,0.5,0.0,0.25,0.4499999999999993,0.8899999999999997,0.32999999999999985,0.9199999999999999,-0.17999999999999972,-3.49,-0.3099999999999996,2.35,6892586.823,-0.02640270298774361,0.09210183037656883,66,5,5,0,3,3,3,3,3.0,0,0,66,35,35
2024-05-13 00:00:00+00:00,312.23,5.33,2.16,4.5,4.87,122.3898,20841.2,16388.24,158286.0,492.068,3.9,13.6,7353408.0,851.591,2024-03-01 00:00:00+00:00,2024-05-10 00:00:00+00:00,2024-05-10 00:00:00+00:00,2024-05-10 00:00:00+00:00,2024-05-10 00:00:00+00:00,2024-05-10 00:00:00+00:00,2024-03-01 00:00:00+00:00,2024-05-13 00:00:00+00:00,2024-04-01 00:00:00+00:00,2024-05-13 00:00:00+00:00,2024-04-01 00:00:00+00:00,2024-05-13 00:00:00+00:00,2024-05-08 00:00:00+00:00,2024-05-08 00:00:00+00:00,0.008242896940726219,0.023325786084543054,-0.0011509026264153732,0.0011089961841648233,0.0037090293354449244,0.0166458699064318,0.027572368966138683,0.2816771201893751,0.011234119038006973,0.030277953892774434,0.059829441743728395,1.4605276269788874,-0.037094331631159605,-0.14525716246521725,-89.5,-1728.8590000000002,0.33000000000000007,1.04,0.19999999999999973,0.5,0.0,0.25,0.3899999999999997,0.8900000000000001,0.2400000000000002,0.8800000000000001,-0.33000000000000007,-3.5200000000000014,-0.3700000000000001,2.34,6860488.409,-0.027097177253331495,0.08810737369037547,73,5,5,0,3,3,3,3,3.0,0,0,73,42,42
2024-05-20 00:00:00+00:00,313.207,5.33,2.1,4.42,4.83,121.638,20841.2,16794.87,158286.0,489.728,3.9,12.15,7304272.0,787.133,2024-04-01 00:00:00+00:00,2024-05-17 00:00:00+00:00,2024-05-17 00:00:00+00:00,2024-05-17 00:00:00+00:00,2024-05-17 00:00:00+00:00,2024-05-17 00:00:00+00:00,2024-03-01 00:00:00+00:00,2024-05-20 00:00:00+00:00,2024-04-01 00:00:00+00:00,2024-05-20 00:00:00+00:00,2024-04-01 00:00:00+00:00,2024-05-20 00:00:00+00:00,2024-05-15 00:00:00+00:00,2024-05-15 00:00:00+00:00,0.0020812843823607707,0.013446017499656904,-0.0011509026264153732,0.0011089961841648233,0.0037090293354449244,0.0166458699064318,0.06260587061957246,0.2778366058487194,0.011308661965196087,0.033402171982483075,-0.06262683672418312,1.912912283680253,-0.04413606661025682,-0.14650673907180156,-42.39699999999999,-1785.583,0.17999999999999972,0.7199999999999998,0.19999999999999973,0.5,0.0,0.25,0.27000000000000046,0.5499999999999998,0.16000000000000014,0.6400000000000001,-2.5600000000000005,-5.0600000000000005,-0.41000000000000014,2.32,6813756.867,-0.04127944776035797,0.09740972879846943,80,5,5,0,3,3,3,3,3.0,0,0,49,49,49
2024-05-27 00:00:00+00:00,313.207,5.33,2.17,4.47,4.91,121.638,20841.2,16920.79,158286.0,431.239,3.9,12.36,7299566.0,725.376,2024-04-01 00:00:00+00:00,2024-05-23 00:00:00+00:00,2024-05-23 00:00:00+00:00,2024-05-23 00:00:00+00:00,2024-05-23 00:00:00+00:00,2024-05-17 00:00:00+00:00,2024-03-01 00:00:00+00:00,2024-05-24 00:00:00+00:00,2024-04-01 00:00:00+00:00,2024-05-24 00:00:00+00:00,2024-04-01 00:00:00+00:00,2024-05-27 00:00:00+00:00,2024-05-22 00:00:00+00:00,2024-05-22 00:00:00+00:00,0.0019659556252547006,0.013446017499656904,-0.0011509026264153732,0.008098458542523446,0.0037090293354449244,0.0166458699064318,0.05743979893165907,0.2654654365667053,0.011308661965196087,0.033402171982483075,-0.0795857579892374,2.460330249452987,-0.03792031233895976,-0.14472359542349267,-93.71999999999997,-1758.442,0.20999999999999996,0.6399999999999997,0.19999999999999973,0.5,0.0,0.25,0.2400000000000002,0.41000000000000014,0.20999999999999996,0.5899999999999999,-1.3800000000000008,-5.100000000000001,-0.4400000000000004,2.3,6867601.624,-0.02705467094686753,0.09479170104561163,87,5,5,3,4,4,4,4,10.0,0,3,56,56,56
2024-06-03 00:00:00+00:00,313.207,5.33,2.16,4.51,4.89,122.4845,20867.3,16828.67,158286.0,387.069,3.9,13.11,7284319.0,704.335,2024-04-01 00:00:00+00:00,2024-05-31 00:00:00+00:00,2024-05-31 00:00:00+00:00,2024-05-31 00:00:00+00:00,2024-05-31 00:00:00+00:00,2024-05-31 00:00:00+00:00,2024-04-01 00:00:00+00:00,2024-06-03 00:00:00+00:00,2024-04-01 00:00:00+00:00,2024-06-03 00:00:00+00:00,2024-04-01 00:00:00+00:00,2024-06-03 00:00:00+00:00,2024-05-29 00:00:00+00:00,2024-05-29 00:00:00+00:00,0.009106979818911398,0.01803576943164309,0.004105736743728272,0.009350002156264026,0.0037090293354449244,0.013874665546506293,0.037609264465292114,0.24064008623191846,0.011308661965196087,0.033402171982483075,-0.10947493587563262,2.6663730135742623,-0.03817937378548031,-0.14082228310327238,-52.72399999999999,-1744.348,0.3199999999999994,0.8199999999999998,0.19999999999999973,0.19999999999999973,0.0,0.25,0.34999999999999964,0.3899999999999997,0.29000000000000004,0.6500000000000001,-0.3800000000000008,-1.620000000000001,-0.3799999999999999,2.3499999999999996,6896545.665,-0.032901746156872136,0.09773735322589872,63,5,5,0,3,3,3,3,3.0,0,0,63,63,63
2024-06-10 00:00:00+00:00,313.207,5.33,2.0,4.28,4.72,123.8707,20867.3,17192.53,158543.0,416.481,4.0,12.74,7255687.0,710.309,2024-04-01 00:00:00+00:00,2024-06-06 00:00:00+00:00,2024-06-06 00:00:00+00:00,2024-06-06 00:00:00+00:00,2024-06-06 00:00:00+00:00,2024-06-07 00:00:00+00:00,2024-04-01 00:00:00+00:00,2024-06-10 00:00:00+00:00,2024-05-01 00:00:00+00:00,2024-06-10 00:00:00+00:00,2024-05-01 00:00:00+00:00,2024-06-10 00:00:00+00:00,2024-06-05 00:00:00+00:00,2024-06-05 00:00:00+00:00,0.028741057834083428,0.03350474826880401,0.004105736743728272,0.009350002156264026,0.004646745687699294,0.01549699214140432,0.07068261459524905,0.24461002823978717,0.011308661965196087,0.033402171982483075,-0.07774192982521644,2.764474572680537,-0.03828500384879696,-0.14517448915448483,-62.247000000000014,-1710.389,0.1900000000000004,0.5300000000000002,0.10000000000000009,0.2999999999999998,0.0,0.25,0.23999999999999932,0.1299999999999999,0.18999999999999995,0.44999999999999996,-2.4800000000000004,-2.2699999999999996,-0.4399999999999995,2.2800000000000002,6838495.691,-0.03178679608565815,0.08800264521746293,70,5,5,0,4,4,4,4,3.0,0,0,70,40,40
2024-06-17 00:00:00+00:00,313.225,5.33,2.03,4.2,4.67,124.4755,20867.3,17857.02,158543.0,333.429,4.0,12.75,7258974.0,673.573,2024-05-01 00:00:00+00:00,2024-06-14 00:00:00+00:00,2024-06-14 00:00:00+00:00,2024-06-14 00:00:00+00:00,2024-06-14 00:00:00+00:00,2024-06-14 00:00:00+00:00,2024-04-01 00:00:00+00:00,2024-06-17 00:00:00+00:00,2024-05-01 00:00:00+00:00,2024-06-17 00:00:00+00:00,2024-05-01 00:00:00+00:00,2024-06-17 00:00:00+00:00,2024-06-12 00:00:00+00:00,2024-06-12 00:00:00+00:00,0.030068654991226573,0.03837537802388269,0.004105736743728272,0.009350002156264026,0.004646745687699294,0.01549699214140432,0.10336317347452173,0.26576247920442597,0.006955251584409794,0.0322191500264255,-0.13167370752014662,1.8864673716100695,-0.038244791976435266,-0.14460212315407972,-107.16700000000003,-1678.127,-0.10999999999999943,0.48,0.10000000000000009,0.2999999999999998,0.0,0.2599999999999998,-0.04999999999999982,0.04999999999999982,0.039999999999999813,0.5199999999999998,-1.58,-1.4399999999999995,-0.46999999999999975,2.1700000000000004,6924871.427,-0.025060454314349556,0.0824742704933783,77,5,5,0,3,3,3,3,3.0,0,0,47,47,47
2024-06-24 00:00:00+00:00,313.225,5.33,2.02,4.25,4.7,124.4247,20867.3,17496.82,158543.0,435.916,4.0,13.33,7252542.0,723.41,2024-05-01 00:00:00+00:00,2024-06-21 00:00:00+00:00,2024-06-21 00:00:00+00:00,2024-06-21 00:00:00+00:00,2024-06-21 00:00:00+00:00,2024-06-21 00:00:00+00:00,2024-04-01 00:00:00+00:00,2024-06-24 00:00:00+00:00,2024-05-01 00:00:00+00:00,2024-06-24 00:00:00+00:00,2024-05-01 00:00:00+00:00,2024-06-24 00:00:00+00:00,2024-06-19 00:00:00+00:00,2024-06-19 00:00:00+00:00,0.02321542052331793,0.039491017563122455,0.004105736743728272,0.009350002156264026,0.004646745687699294,0.01549699214140432,0.06568521516262926,0.27156850151995293,0.006955251584409794,0.0322191500264255,-0.11219106219395325,0.9605002997642034,-0.035462231524213905,-0.14235278012237274,-37.87099999999998,-1525.111,0.03000000000000025,0.5099999999999998,0.10000000000000009,0.2999999999999998,0.0,0.2599999999999998,0.11000000000000032,-0.009999999999999787,0.1499999999999999,0.49,0.14000000000000057,-0.9199999999999999,-0.4500000000000002,2.23,6815902.59,-0.032314401894039335,0.06284236622750328,84,5,5,0,3,3,3,3,3.0,0,0,54,54,54
2024-07-01 00:00:00+00:00,313.225,5.33,2.08,4.36,4.71,124.5172,20963.4,17879.3,158543.0,451.783,4.0,12.22,7231163.0,765.417,2024-05-01 00:00:00+00:00,2024-06-28 00:00:00+00:00,2024-06-28 00:00:00+00:00,2024-06-28 00:00:00+00:00,2024-06-28 00:00:00+00:00,2024-06-28 00:00:00+00:00,2024-05-01 00:00:00+00:00,2024-07-01 00:00:00+00:00,2024-05-01 00:00:00+00:00,2024-07-01 00:00:00+00:00,2024-05-01 00:00:00+00:00,2024-07-01 00:00:00+00:00,2024-06-26 00:00:00+00:00,2024-06-26 00:00:00+00:00,0.025301910811486472,0.037881714800565014,0.008613845868547187,0.007560685207499418,0.004646745687699294,0.01549699214140432,0.08655559562706117,0.25776054731539233,0.006955251584409794,0.0322191500264255,-0.046978306009670234,0.6728110124191451,-0.03446626675162712,-0.14277292191947133,9.879999999999995,-1457.8559999999998,0.16000000000000014,0.5500000000000003,0.10000000000000009,0.2999999999999998,0.0,0.25,0.1200000000000001,-0.16000000000000014,0.20000000000000018,0.49,-1.4299999999999997,-1.3499999999999996,-0.34999999999999964,2.2800000000000002,6778614.583,-0.038124273526259245,0.05266066621257792,61,5,5,0,3,3,3,3,3.0,0,0,61,61,61
2024-07-08 00:00:00+00:00,313.225,5.33,2.0,4.28,4.6,123.8192,20963.4,18403.74,158638.0,415.257,4.1,12.37,7221520.0,761.373,2024-05-01 00:00:00+00:00,2024-07-05 00:00:00+00:00,2024-07-05 00:00:00+00:00,2024-07-05 00:00:00+00:00,2024-07-05 00:00:00+00:00,2024-07-05 00:00:00+00:00,2024-05-01 00:00:00+00:00,2024-07-08 00:00:00+00:00,2024-06-01 00:00:00+00:00,2024-07-08 00:00:00+00:00,2024-06-01 00:00:00+00:00,2024-07-08 00:00:00+00:00,2024-07-03 00:00:00+00:00,2024-07-03 00:00:00+00:00,0.020002600123868675,0.03465370940048018,0.008613845868547187,0.007560685207499418,0.003188425883818624,0.01546203169887761,0.12421733343452246,0.2962184880527552,0.006955251584409794,0.0322191500264255,-0.009513648013270704,0.6057827757071044,-0.02974598141511997,-0.13898666356241307,-33.339999999999975,-1396.724,-0.10999999999999943,0.22000000000000064,0.2999999999999998,0.49999999999999956,0.0,0.25,-0.13000000000000078,-0.34000000000000075,-0.020000000000000018,0.20999999999999996,-2.8200000000000003,-2.700000000000001,-0.3199999999999994,2.2800000000000002,6805501.627,-0.026776725745438767,0.04809835902484494,68,5,5,0,3,3,3,3,3.0,0,0,68,37,37
2024-07-15 00:00:00+00:00,313.049,5.33,1.94,4.18,4.45,122.8093,20963.4,18472.57,158638.0,413.28,4.1,13.12,7224079.0,736.402,2024-06-01 00:00:00+00:00,2024-07-12 00:00:00+00:00,2024-07-12 00:00:00+00:00,2024-07-12 00:00:00+00:00,2024-07-12 00:00:00+00:00,2024-07-12 00:00:00+00:00,2024-05-01 00:00:00+00:00,2024-07-15 00:00:00+00:00,2024-06-01 00:00:00+00:00,2024-07-15 00:00:00+00:00,2024-06-01 00:00:00+00:00,2024-07-15 00:00:00+00:00,2024-07-10 00:00:00+00:00,2024-07-10 00:00:00+00:00,0.0012441648285772544,0.0433845274394864,0.008613845868547187,0.007560685207499418,0.003188425883818624,0.01546203169887761,0.15091040232008268,0.25988447114998614,0.0026196320949960494,0.02985518954386457,0.043619498056059136,0.3588974726313179,-0.029205905673189037,-0.13846497135171987,86.214,-1315.042,-0.3200000000000003,0.34999999999999964,0.2999999999999998,0.49999999999999956,0.0,0.25,-0.4299999999999997,-0.29000000000000004,-0.16999999999999993,0.34999999999999987,-6.110000000000001,-0.3600000000000012,-0.27000000000000046,2.2399999999999998,6810062.598,-0.04315789610706133,0.03617874539454746,75,5,5,0,3,3,3,3,3.0,0,0,44,44,44
2024-07-22 00:00:00+00:00,313.049,5.33,1.93,4.25,4.49,123.5033,20963.4,18007.57,158638.0,395.901,4.1,14.91,7208247.0,751.593,2024-06-01 00:00:00+00:00,2024-07-19 00:00:00+00:00,2024-07-19 00:00:00+00:00,2024-07-19 00:00:00+00:00,2024-07-19 00:00:00+00:00,2024-07-19 00:00:00+00:00,2024-05-01 00:00:00+00:00,2024-07-22 00:00:00+00:00,2024-06-01 00:00:00+00:00,2024-07-22 00:00:00+00:00,2024-06-01 00:00:00+00:00,2024-07-22 00:00:00+00:00,2024-07-17 00:00:00+00:00,2024-07-17 00:00:00+00:00,0.0004648729458018863,0.041505138036890266,0.008613845868547187,0.007560685207499418,0.003188425883818624,0.01546203169887761,0.15309843564968872,0.24753871173385633,0.0026196320949960494,0.02985518954386457,-0.05807611660067202,0.34717872781407877,-0.026997990393692106,-0.13795899362525255,-13.914999999999964,-1374.966,-0.3700000000000001,0.41000000000000014,0.2999999999999998,0.49999999999999956,0.0,0.25,-0.47999999999999954,-0.33000000000000007,-0.28,0.43999999999999995,-2.030000000000001,1.0,-0.2400000000000002,2.3200000000000003,6811594.407,-0.026554157766387476,0.046338950845390414,82,5,5,0,3,3,3,3,3.0,0,0,51,51,51
2024-07-29 00:00:00+00:00,313.049,5.33,1.93,4.2,4.36,123.9862,21024.7,17370.2,158638.0,385.281,4.1,16.6,7205455.0,774.315,2024-06-01 00:00:00+00:00,2024-07-26 00:00:00+00:00,2024-07-26 00:00:00+00:00,2024-07-26 00:00:00+00:00,2024-07-26 00:00:00+00:00,2024-07-26 00:00:00+00:00,2024-06-01 00:00:00+00:00,2024-07-29 00:00:00+00:00,2024-06-01 00:00:00+00:00,2024-07-29 00:00:00+00:00,2024-06-01 00:00:00+00:00,2024-07-29 00:00:00+00:00,2024-07-24 00:00:00+00:00,2024-07-24 00:00:00+00:00,0.005546614804159411,0.04685351848848818,0.008766140228200214,0.006451296644556237,0.003188425883818624,0.01546203169887761,0.0832254315993648,0.19128354247140855,0.0026196320949960494,0.02985518954386457,-0.19542122834943054,0.353770604043377,-0.026970486999635668,-0.1345677087918684,-120.24899999999997,-1435.843,-0.46999999999999975,0.2400000000000002,0.2999999999999998,0.49999999999999956,0.0,0.0,-0.5999999999999996,-0.5099999999999998,-0.3100000000000003,0.34999999999999987,1.9300000000000015,2.9700000000000006,-0.16000000000000014,2.2700000000000005,6819399.685,-0.011164660308569552,0.06009223967578947,58,5,5,0,3,3,3,3,3.0,0,0,58,58,58
2024-08-05 00:00:00+00:00,313.049,5.33,1.76,3.8,3.88,123.7169,21024.7,16776.16,158723.0,316.246,4.3,38.57,7178391.0,786.486,2024-06-01 00:00:00+00:00,2024-08-02 00:00:00+00:00,2024-08-02 00:00:00+00:00,2024-08-02 00:00:00+00:00,2024-08-02 00:00:00+00:00,2024-08-02 00:00:00+00:00,2024-06-01 00:00:00+00:00,2024-08-02 00:00:00+00:00,2024-07-01 00:00:00+00:00,2024-08-05 00:00:00+00:00,2024-07-01 00:00:00+00:00,2024-08-05 00:00:00+00:00,2024-07-31 00:00:00+00:00,2024-07-31 00:00:00+00:00,0.009839147697944917,0.03608552843992374,0.008766140228200214,0.006451296644556237,0.0027570212631768953,0.015114629225811527,0.02577680625707046,0.18130158139464925,0.0026196320949960494,0.02985518954386457,-0.15372555239163344,0.41864462701071226,-0.02532075432266012,-0.1338834290544213,-152.72400000000005,-1494.337,-0.7000000000000002,-0.25,0.3999999999999999,0.7999999999999998,0.0,0.0,-0.9299999999999997,-0.9000000000000004,-0.3899999999999999,0.09000000000000008,25.08,22.8,-0.08000000000000007,2.04,6861358.514,-0.004541004329643883,0.07028526725100015,65,5,5,0,3,3,3,3,3.0,0,3,65,35,35
2024-08-12 00:00:00+00:00,313.049,5.33,1.84,3.94,4.05,123.1964,21024.7,16780.61,158723.0,328.641,4.3,20.71,7175256.0,770.931,2024-06-01 00:00:00+00:00,2024-08-09 00:00:00+00:00,2024-08-09 00:00:00+00:00,2024-08-09 00:00:00+00:00,2024-08-09 00:00:00+00:00,2024-08-09 00:00:00+00:00,2024-06-01 00:00:00+00:00,2024-08-12 00:00:00+00:00,2024-07-01 00:00:00+00:00,2024-08-12 00:00:00+00:00,2024-07-01 00:00:00+00:00,2024-08-12 00:00:00+00:00,2024-08-07 00:00:00+00:00,2024-08-07 00:00:00+00:00,0.006568796620786799,0.024827487639477397,0.008766140228200214,0.006451296644556237,0.0027570212631768953,0.015114629225811527,0.023660048739783335,0.1964014709555304,0.0026196320949960494,0.028187944271612864,-0.0995074892264709,0.5504373692326823,-0.02452543877910962,-0.13450020914411454,-163.42699999999996,-1470.6699999999998,-0.56,-0.2200000000000002,0.3999999999999999,0.7999999999999998,0.0,0.0,-0.8200000000000003,-0.8399999999999999,-0.32000000000000006,0.040000000000000036,7.110000000000001,5.890000000000001,-0.10999999999999988,2.0999999999999996,6845844.069,-0.002136872952112512,0.0660188060013791,72,5,5,0,3,3,3,3,3.0,0,0,72,42,42
2024-08-19 00:00:00+00:00,313.534,5.33,1.81,3.89,4.06,122.6944,21024.7,17876.77,158723.0,333.583,4.3,14.65,7177688.0,794.12,2024-07-01 00:00:00+00:00,2024-08-16 00:00:00+00:00,2024-08-16 00:00:00+00:00,2024-08-16 00:00:00+00:00,2024-08-16 00:00:00+00:00,2024-08-16 00:00:00+00:00,2024-06-01 00:00:00+00:00,2024-08-19 00:00:00+00:00,2024-07-01 00:00:00+00:00,2024-08-19 00:00:00+00:00,2024-07-01 00:00:00+00:00,2024-08-19 00:00:00+00:00,2024-08-14 00:00:00+00:00,2024-08-14 00:00:00+00:00,0.008647290189427004,0.014374870173086585,0.008766140228200214,0.006451296644556237,0.0027570212631768953,0.015114629225811527,0.06242862202146782,0.28099095366730076,0.0010434933399032786,0.029736023606228734,0.008837353001665882,0.6000626340369983,-0.017482056833669546,-0.1265161696496584,-156.14499999999998,-1491.205,-0.5299999999999998,-0.36999999999999966,0.3999999999999999,0.7999999999999998,0.0,0.0,-0.7700000000000005,-0.8600000000000003,-0.29000000000000004,-0.1299999999999999,2.5,-2.4799999999999986,-0.16999999999999948,2.08,6843310.88,0.004328024094304439,0.07947283527174775,79,5,5,0,3,3,3,3,3.0,0,0,49,49,49
2024-08-26 00:00:00+00:00,313.534,5.33,1.68,3.81,3.9,121.7525,21024.7,17725.76,158723.0,353.557,4.3,16.15,7139952.0,736.494,2024-07-01 00:00:00+00:00,2024-08-23 00:00:00+00:00,2024-08-23 00:00:00+00:00,2024-08-23 00:00:00+00:00,2024-08-23 00:00:00+00:00,2024-08-23 00:00:00+00:00,2024-06-01 00:00:00+00:00,2024-08-26 00:00:00+00:00,2024-07-01 00:00:00+00:00,2024-08-26 00:00:00+00:00,2024-07-01 00:00:00+00:00,2024-08-26 00:00:00+00:00,2024-08-21 00:00:00+00:00,2024-08-21 00:00:00+00:00,0.0009408749186743393,0.005940279569186302,0.008766140228200214,0.005819599799741226,0.0027570212631768953,0.015114629225811527,0.04647590539549995,0.2572487334919842,0.0010434933399032786,0.029736023606228734,0.015210948122890144,0.5765497405551088,-0.022108840692387943,-0.13096937777651796,-77.68199999999996,-1355.048,-0.6599999999999997,-0.43999999999999995,0.3999999999999999,0.7999999999999998,0.0,0.0,-1.0100000000000002,-1.1300000000000003,-0.49,-0.24,3.789999999999999,1.0699999999999985,-0.08999999999999986,2.13,6785658.506,-0.012003594910529714,0.05382946094775143,86,5,5,0,3,3,3,3,3.0,0,0,56,56,56
2024-09-02 00:00:00+00:00,313.534,5.33,1.71,3.87,3.87,121.7525,21054.4,17713.62,158723.0,433.13,4.3,15.55,7123238.0,745.851,2024-07-01 00:00:00+00:00,2024-08-29 00:00:00+00:00,2024-08-29 00:00:00+00:00,2024-08-29 00:00:00+00:00,2024-08-29 00:00:00+00:00,2024-08-23 00:00:00+00:00,2024-07-01 00:00:00+00:00,2024-08-30 00:00:00+00:00,2024-07-01 00:00:00+00:00,2024-08-30 00:00:00+00:00,2024-07-01 00:00:00+00:00,2024-09-02 00:00:00+00:00,2024-08-28 00:00:00+00:00,2024-08-28 00:00:00+00:00,-0.005994195734078112,0.005940279569186302,0.008926223998692251,0.007231227183973843,0.0027570212631768953,0.014622240458953328,0.05124985566797413,0.23300694013914303,0.0010434933399032786,0.029736023606228734,0.057271753102221545,0.4600924729650808,-0.02236155819890051,-0.13112981268150214,46.06099999999998,-1140.935,-0.6399999999999997,-0.21999999999999975,0.3999999999999999,0.5,0.0,0.0,-1.0199999999999996,-0.9799999999999995,-0.4500000000000002,-0.14000000000000012,2.4400000000000013,1.7300000000000004,0.0,2.16,6689362.149,-0.030502132337751675,0.02154516938172968,63,5,5,3,4,4,4,4,10.0,0,3,63,63,63
2024-09-09 00:00:00+00:00,313.534,5.33,1.69,3.72,3.66,122.7145,21054.4,16884.6,158779.0,292.158,4.2,19.45,7112567.0,733.959,2024-07-01 00:00:00+00:00,2024-09-06 00:00:00+00:00,2024-09-06 00:00:00+00:00,2024-09-06 00:00:00+00:00,2024-09-06 00:00:00+00:00,2024-09-06 00:00:00+00:00,2024-07-01 00:00:00+00:00,2024-09-09 00:00:00+00:00,2024-08-01 00:00:00+00:00,2024-09-09 00:00:00+00:00,2024-08-01 00:00:00+00:00,2024-09-09 00:00:00+00:00,2024-09-04 00:00:00+00:00,2024-09-04 00:00:00+00:00,-0.009377760492009557,0.0021773357745180633,0.008926223998692251,0.007231227183973843,0.0014874483553768414,0.014974994146051301,-0.018073023265714028,0.1932269009345191,0.0010434933399032786,0.029736023606228734,0.032753082117743304,0.4438477605775315,-0.019922355724746765,-0.13016354504772565,-124.32299999999998,-1256.953,-0.56,-0.5399999999999996,0.20000000000000018,0.40000000000000036,0.0,0.0,-1.0599999999999996,-1.3200000000000003,-0.31000000000000005,-0.24,6.709999999999999,5.649999999999999,0.06000000000000005,2.0300000000000002,6819675.041,-0.0027559564573707007,0.040081751911143826,70,5,5,0,3,3,3,3,3.0,0,0,70,39,39
2024-09-16 00:00:00+00:00,314.121,5.33,1.58,3.66,3.57,121.9128,21054.4,17592.13,158779.0,239.386,4.2,17.14,7115001.0,755.958,2024-08-01 00:00:00+00:00,2024-09-13 00:00:00+00:00,2024-09-13 00:00:00+00:00,2024-09-13 00:00:00+00:00,2024-09-13 00:00:00+00:00,2024-09-13 00:00:00+00:00,2024-07-01 00:00:00+00:00,2024-09-16 00:00:00+00:00,2024-08-01 00:00:00+00:00,2024-09-16 00:00:00+00:00,2024-08-01 00:00:00+00:00,2024-09-16 00:00:00+00:00,2024-09-11 00:00:00+00:00,2024-09-11 00:00:00+00:00,-0.020802874314632014,0.0018990597851749058,0.008926223998692251,0.007231227183973843,0.0014874483553768414,0.014974994146051301,-0.01494506527556183,0.24930864405629372,0.002856479866742312,0.02531446124754755,0.11538944009133623,0.37126312191117705,-0.020033124445772543,-0.1295079374851813,-94.04299999999998,-1213.556,-0.54,-0.6699999999999999,0.20000000000000018,0.40000000000000036,0.0,0.0,-1.1,-1.4499999999999997,-0.44999999999999973,-0.3999999999999999,4.390000000000001,3.1400000000000006,0.0900000000000003,2.08,6874859.042,-0.00724834504222116,0.03395897106814871,77,5,5,0,3,3,3,3,3.0,0,0,46,46,46
2024-09-23 00:00:00+00:00,314.121,4.83,1.58,3.73,3.55,121.6673,21054.4,17974.27,158779.0,380.372,4.2,15.89,7109137.0,771.194,2024-08-01 00:00:00+00:00,2024-09-20 00:00:00+00:00,2024-09-20 00:00:00+00:00,2024-09-20 00:00:00+00:00,2024-09-20 00:00:00+00:00,2024-09-20 00:00:00+00:00,2024-07-01 00:00:00+00:00,2024-09-23 00:00:00+00:00,2024-08-01 00:00:00+00:00,2024-09-23 00:00:00+00:00,2024-08-01 00:00:00+00:00,2024-09-23 00:00:00+00:00,2024-09-18 00:00:00+00:00,2024-09-18 00:00:00+00:00,-0.022410443270407754,-0.0028651915480839563,0.008926223998692251,0.007231227183973843,0.0014874483553768414,0.014974994146051301,0.026922140689652707,0.30333597492996134,0.002856479866742312,0.02531446124754755,0.06396382014990376,0.18600939374952485,-0.01997116999533155,-0.12106740883984202,-55.54399999999998,-1056.9379999999999,-0.52,-0.7100000000000004,0.20000000000000018,0.40000000000000036,-0.5,-0.5,-1.1500000000000004,-1.5499999999999998,-0.43999999999999995,-0.48999999999999977,2.5600000000000005,-1.009999999999998,0.18000000000000016,2.15,6727993.806,-0.012981496011631677,0.02130960604237586,84,5,5,0,3,3,3,3,3.0,0,0,53,53,53
2024-09-30 00:00:00+00:00,314.121,4.83,1.6,3.75,3.55,121.356,21174.9,18189.17,158779.0,465.638,4.2,16.73,7080059.0,806.771,2024-08-01 00:00:00+00:00,2024-09-27 00:00:00+00:00,2024-09-27 00:00:00+00:00,2024-09-27 00:00:00+00:00,2024-09-27 00:00:00+00:00,2024-09-27 00:00:00+00:00,2024-08-01 00:00:00+00:00,2024-09-30 00:00:00+00:00,2024-08-01 00:00:00+00:00,2024-09-30 00:00:00+00:00,2024-08-01 00:00:00+00:00,2024-09-30 00:00:00+00:00,2024-09-25 00:00:00+00:00,2024-09-25 00:00:00+00:00,-0.025715484264977384,-0.01156394799644822,0.01003845793871605,0.014729025891419667,0.0014874483553768414,0.014974994146051301,0.017182742931385775,0.31522104613083,0.002856479866742312,0.02531446124754755,0.052619077608269116,0.16926759154065696,-0.02111763976828307,-0.12241726739931913,13.854999999999961,-900.1010000000001,-0.6100000000000003,-0.8399999999999999,0.20000000000000018,0.40000000000000036,-0.5,-0.5,-1.1600000000000001,-1.4800000000000004,-0.48,-0.6400000000000001,4.51,-0.879999999999999,0.20000000000000018,2.15,6613614.229,-0.02464245585196778,-0.0033254161339488775,60,5,5,0,3,3,3,3,3.0,0,0,60,60,60
2024-10-07 00:00:00+00:00,314.121,4.83,1.75,3.98,3.93,122.4533,21174.9,17923.9,159105.0,322.948,4.1,22.64,7046925.0,798.277,2024-08-01 00:00:00+00:00,2024-10-04 00:00:00+00:00,2024-10-04 00:00:00+00:00,2024-10-04 00:00:00+00:00,2024-10-04 00:00:00+00:00,2024-10-04 00:00:00+00:00,2024-08-01 00:00:00+00:00,2024-10-07 00:00:00+00:00,2024-09-01 00:00:00+00:00,2024-10-07 00:00:00+00:00,2024-09-01 00:00:00+00:00,2024-10-07 00:00:00+00:00,2024-10-02 00:00:00+00:00,2024-10-02 00:00:00+00:00,-0.01109270426799469,-0.0025625898940253578,0.01003845793871605,0.014729025891419667,0.002939484654341129,0.014121426261803904,-0.026418887033285543,0.3005297019051234,0.002856479866742312,0.02531446124754755,0.04733227268611806,0.17815400851307395,-0.024474105601454355,-0.12130760845093214,-92.30900000000003,-960.513,-0.30000000000000027,-0.7399999999999998,0.0,0.2999999999999998,-0.5,-0.5,-0.6699999999999995,-1.1,-0.25,-0.6600000000000001,10.270000000000001,4.940000000000001,0.04999999999999982,2.23,6723178.723,-0.012170280910996922,0.0076934129886190306,67,5,5,0,3,3,3,3,3.0,0,0,67,36,36
2024-10-14 00:00:00+00:00,314.686,4.83,1.76,4.09,3.98,122.4533,21174.9,18502.69,159105.0,331.735,4.1,19.7,7046840.0,802.115,2024-09-01 00:00:00+00:00,2024-10-10 00:00:00+00:00,2024-10-10 00:00:00+00:00,2024-10-10 00:00:00+00:00,2024-10-10 00:00:00+00:00,2024-10-04 00:00:00+00:00,2024-08-01 00:00:00+00:00,2024-10-14 00:00:00+00:00,2024-09-01 00:00:00+00:00,2024-10-11 00:00:00+00:00,2024-09-01 00:00:00+00:00,2024-10-14 00:00:00+00:00,2024-10-09 00:00:00+00:00,2024-10-09 00:00:00+00:00,-0.0029030129340164024,-0.012462312658739982,0.01003845793871605,0.014729025891419667,0.002939484654341129,0.014121426261803904,0.00162919782915516,0.3323108110279378,0.005215588459633658,0.023162019548264468,0.08547582383763253,0.12317081807795027,-0.024840462434450927,-0.12085097068558781,-81.54499999999996,-777.084,-0.08999999999999986,-0.54,0.0,0.2999999999999998,-0.5,-0.5,-0.4700000000000002,-1.06,-0.17999999999999994,-0.53,6.58,2.4899999999999984,0.10999999999999988,2.33,6714302.885,-0.014161302197758019,-0.01891692833117986,74,5,5,3,4,4,4,4,10.0,0,0,43,43,43
2024-10-21 00:00:00+00:00,314.686,4.83,1.77,4.08,3.95,124.1511,21174.9,18540.0,159105.0,261.044,4.1,18.37,7039284.0,791.792,2024-09-01 00:00:00+00:00,2024-10-18 00:00:00+00:00,2024-10-18 00:00:00+00:00,2024-10-18 00:00:00+00:00,2024-10-18 00:00:00+00:00,2024-10-18 00:00:00+00:00,2024-08-01 00:00:00+00:00,2024-10-21 00:00:00+00:00,2024-09-01 00:00:00+00:00,2024-10-21 00:00:00+00:00,2024-09-01 00:00:00+00:00,2024-10-21 00:00:00+00:00,2024-10-16 00:00:00+00:00,2024-10-16 00:00:00+00:00,0.005231495805807285,0.0011073287915106533,0.01003845793871605,0.014729025891419667,0.002939484654341129,0.014121426261803904,0.029138335094691215,0.3343252442463047,0.005215588459633658,0.023162019548264468,0.05210377702815272,0.041140836980623874,-0.023719326747260183,-0.11954523468521572,-134.85700000000003,-896.9320000000001,-0.16999999999999993,-0.8499999999999996,0.0,0.2999999999999998,-0.5,-0.5,-0.54,-1.12,-0.15999999999999992,-0.69,3.460000000000001,-2.0,0.1299999999999999,2.31,6777448.208,-0.005025559464998608,0.00044600266745398187,81,5,5,0,3,3,3,3,3.0,0,0,50,50,50
2024-10-28 00:00:00+00:00,314.686,4.83,1.96,4.25,4.11,124.8418,21221.2,18567.19,159105.0,251.032,4.1,19.8,7029408.0,829.991,2024-09-01 00:00:00+00:00,2024-10-25 00:00:00+00:00,2024-10-25 00:00:00+00:00,2024-10-25 00:00:00+00:00,2024-10-25 00:00:00+00:00,2024-10-25 00:00:00+00:00,2024-09-01 00:00:00+00:00,2024-10-28 00:00:00+00:00,2024-09-01 00:00:00+00:00,2024-10-28 00:00:00+00:00,2024-09-01 00:00:00+00:00,2024-10-28 00:00:00+00:00,2024-10-23 00:00:00+00:00,2024-10-23 00:00:00+00:00,0.0068770666650284085,0.006578690875445048,0.009302744981543043,0.02221831863377055,0.002939484654341129,0.014121426261803904,0.06663995029092717,0.33579072869102866,0.005215588459633658,0.023162019548264468,0.06943608981701921,-0.0053196184828667725,-0.02473588629708523,-0.1177509161089425,-134.249,-887.003,0.04999999999999982,-0.5899999999999999,0.0,0.2999999999999998,-0.5,-0.5,-0.25,-0.8799999999999999,0.030000000000000027,-0.45999999999999996,3.1999999999999993,0.05000000000000071,0.13999999999999968,2.29,6777546.009,-0.006156354394896368,0.001267548661616047,57,5,5,0,3,3,3,3,3.0,0,0,57,57,57
2024-11-04 00:00:00+00:00,314.686,4.83,2.04,4.37,4.21,125.0403,21221.2,18179.98,159005.0,171.885,4.1,21.98,7013490.0,835.237,2024-09-01 00:00:00+00:00,2024-11-01 00:00:00+00:00,2024-11-01 00:00:00+00:00,2024-11-01 00:00:00+00:00,2024-11-01 00:00:00+00:00,2024-11-01 00:00:00+00:00,2024-09-01 00:00:00+00:00,2024-11-04 00:00:00+00:00,2024-10-01 00:00:00+00:00,2024-11-04 00:00:00+00:00,2024-10-01 00:00:00+00:00,2024-11-04 00:00:00+00:00,2024-10-30 00:00:00+00:00,2024-10-30 00:00:00+00:00,0.01064019441901376,0.022701299210619474,0.009302744981543043,0.02221831863377055,0.0017751036990656388,0.013180409086153588,0.08036215765014809,0.3147156727473117,0.005215588459633658,0.023162019548264468,0.06014059495494095,0.017817450506342425,-0.023239825884699528,-0.11479864702540432,-144.361,-890.9929999999999,0.5700000000000003,-0.20000000000000018,-0.20000000000000018,0.19999999999999973,-0.5,-0.5,0.33000000000000007,-0.6200000000000001,0.28,-0.14000000000000012,-16.59,7.09,0.16000000000000014,2.33,6840769.763,-0.0030051924896383753,0.005541641783857187,64,5,5,0,3,3,3,3,3.0,0,0,64,34,34
2024-11-11 00:00:00+00:00,314.686,4.83,1.98,4.31,4.21,125.0403,21221.2,19298.76,159005.0,163.621,4.1,14.97,6994299.0,842.051,2024-09-01 00:00:00+00:00,2024-11-07 00:00:00+00:00,2024-11-07 00:00:00+00:00,2024-11-07 00:00:00+00:00,2024-11-07 00:00:00+00:00,2024-11-01 00:00:00+00:00,2024-09-01 00:00:00+00:00,2024-11-11 00:00:00+00:00,2024-10-01 00:00:00+00:00,2024-11-08 00:00:00+00:00,2024-10-01 00:00:00+00:00,2024-11-11 00:00:00+00:00,2024-11-06 00:00:00+00:00,2024-11-06 00:00:00+00:00,0.014856255449324784,0.01997255495304362,0.009302744981543043,0.02221831863377055,0.0017751036990656388,0.013180409086153588,0.13981679196287367,0.37443552925073575,0.005215588459633658,0.023162019548264468,0.0882417070842294,0.08596782599042019,-0.025543051794940652,-0.11677912740620044,-165.02,-856.6510000000001,0.36999999999999966,-0.3000000000000007,-0.20000000000000018,0.19999999999999973,-0.5,-0.5,0.16000000000000014,-0.8300000000000001,0.1399999999999999,-0.31000000000000005,-5.74,0.21000000000000085,0.09999999999999964,2.3299999999999996,6829835.949,-0.002341108784404966,-0.0014353677038521084,71,5,5,3,4,4,4,4,10.0,0,0,71,41,41
2024-11-18 00:00:00+00:00,315.454,4.58,2.1,4.43,4.31,127.1021,21221.2,18791.81,159005.0,200.03,4.1,15.58,6967108.0,832.186,2024-10-01 00:00:00+00:00,2024-11-15 00:00:00+00:00,2024-11-15 00:00:00+00:00,2024-11-15 00:00:00+00:00,2024-11-15 00:00:00+00:00,2024-11-15 00:00:00+00:00,2024-09-01 00:00:00+00:00,2024-11-18 00:00:00+00:00,2024-10-01 00:00:00+00:00,2024-11-18 00:00:00+00:00,2024-10-01 00:00:00+00:00,2024-11-18 00:00:00+00:00,2024-11-13 00:00:00+00:00,2024-11-13 00:00:00+00:00,0.035293989578664586,0.04681787081192024,0.009302744981543043,0.02221831863377055,0.0017751036990656388,0.013180409086153588,0.04991903196326142,0.3478158207286963,0.00610506389147325,0.025150866779959813,0.04682139019934084,0.1193509211199899,-0.02977710805570588,-0.1148435946628279,-133.55300000000003,-753.058,0.5399999999999996,-0.010000000000000675,-0.20000000000000018,0.19999999999999973,-0.75,-0.75,0.25,-0.5700000000000003,0.29000000000000004,-0.06000000000000005,0.9299999999999997,2.17,0.1200000000000001,2.3299999999999996,6766245.814,-0.011325260835155504,-0.01393077001166887,78,5,5,0,3,3,3,3,3.0,0,0,48,48,48
2024-11-25 00:00:00+00:00,315.454,4.58,2.07,4.41,4.37,127.6683,21221.2,19054.83,159005.0,186.749,4.1,14.6,6923731.0,751.873,2024-10-01 00:00:00+00:00,2024-11-22 00:00:00+00:00,2024-11-22 00:00:00+00:00,2024-11-22 00:00:00+00:00,2024-11-22 00:00:00+00:00,2024-11-22 00:00:00+00:00,2024-09-01 00:00:00+00:00,2024-11-25 00:00:00+00:00,2024-10-01 00:00:00+00:00,2024-11-25 00:00:00+00:00,2024-10-01 00:00:00+00:00,2024-11-25 00:00:00+00:00,2024-11-20 00:00:00+00:00,2024-11-20 00:00:00+00:00,0.04744519853159268,0.056570712045825644,0.009302744981543043,0.02221831863377055,0.0017751036990656388,0.013180409086153588,0.07230166395217807,0.3617152968517203,0.00610506389147325,0.025150866779959813,0.020666337478790986,0.06292811018532696,-0.030751267456057718,-0.12055439758885989,-166.80800000000002,-680.471,0.6000000000000001,-0.05999999999999961,-0.20000000000000018,0.19999999999999973,-0.75,-0.75,0.4700000000000002,-0.5499999999999998,0.3899999999999999,-0.14000000000000012,-1.549999999999999,1.9100000000000001,0.040000000000000036,2.3400000000000003,6736230.127,-0.007310901679584703,-0.030217383733663894,85,5,5,0,3,3,3,3,3.0,0,0,55,55,55
2024-12-02 00:00:00+00:00,315.454,4.58,1.92,4.18,4.13,126.8114,21311.2,19403.95,159005.0,135.858,4.1,13.34,6905140.0,775.25,2024-10-01 00:00:00+00:00,2024-11-29 00:00:00+00:00,2024-11-29 00:00:00+00:00,2024-11-29 00:00:00+00:00,2024-11-29 00:00:00+00:00,2024-11-29 00:00:00+00:00,2024-10-01 00:00:00+00:00,2024-12-02 00:00:00+00:00,2024-10-01 00:00:00+00:00,2024-12-02 00:00:00+00:00,2024-10-01 00:00:00+00:00,2024-12-02 00:00:00+00:00,2024-11-27 00:00:00+00:00,2024-11-27 00:00:00+00:00,0.040710647691870605,0.052133103251479795,0.012123191702150038,0.027863104970766273,0.0017751036990656388,0.013180409086153588,0.09114281839296723,0.37987133769995474,0.00610506389147325,0.025150866779959813,0.038659709629356165,0.047604862402526926,-0.03109633550720403,-0.12136331893539065,-297.272,-679.989,0.3099999999999996,-0.040000000000000036,-0.20000000000000018,0.19999999999999973,-0.75,-0.75,0.2599999999999998,-0.4299999999999997,0.20999999999999996,-0.08000000000000007,-2.210000000000001,0.2599999999999998,0.04999999999999982,2.26,6768506.75,0.011761968261531308,-0.030705210408006778,62,5,5,0,3,3,3,3,3.0,0,0,62,62,62
2024-12-09 00:00:00+00:00,315.454,4.58,1.91,4.15,4.1,126.9271,21311.2,19736.69,159288.0,153.029,4.2,14.19,6895827.0,789.516,2024-10-01 00:00:00+00:00,2024-12-06 00:00:00+00:00,2024-12-06 00:00:00+00:00,2024-12-06 00:00:00+00:00,2024-12-06 00:00:00+00:00,2024-12-06 00:00:00+00:00,2024-10-01 00:00:00+00:00,2024-12-09 00:00:00+00:00,2024-11-01 00:00:00+00:00,2024-12-09 00:00:00+00:00,2024-11-01 00:00:00+00:00,2024-12-09 00:00:00+00:00,2024-12-04 00:00:00+00:00,2024-12-04 00:00:00+00:00,0.033752386756500385,0.046570251956652875,0.012123191702150038,0.027863104970766273,0.003200586257021243,0.013914092514982102,0.15607737621606432,0.39687402421620277,0.00610506389147325,0.025150866779959813,0.07296693073772254,0.14564438569612115,-0.03094677340348362,-0.11514732917877168,-139.12900000000002,-685.478,0.43000000000000016,-0.08000000000000007,0.0,0.5,-0.75,-0.75,0.4399999999999995,-0.6100000000000003,0.21999999999999997,-0.1100000000000001,-5.26,1.5599999999999987,0.05000000000000071,2.24,6742008.484,-0.011453947581578916,-0.02290197916524228,69,5,5,0,3,3,3,3,3.0,0,0,69,38,38
2024-12-16 00:00:00+00:00,316.441,4.58,2.07,4.4,4.25,127.5569,21311.2,20173.89,159288.0,110.753,4.2,14.69,6897485.0,775.067,2024-11-01 00:00:00+00:00,2024-12-13 00:00:00+00:00,2024-12-13 00:00:00+00:00,2024-12-13 00:00:00+00:00,2024-12-13 00:00:00+00:00,2024-12-13 00:00:00+00:00,2024-10-01 00:00:00+00:00,2024-12-16 00:00:00+00:00,2024-11-01 00:00:00+00:00,2024-12-16 00:00:00+00:00,2024-11-01 00:00:00+00:00,2024-12-16 00:00:00+00:00,2024-12-11 00:00:00+00:00,2024-12-11 00:00:00+00:00,0.04525650448102869,0.0605542635349865,0.012123191702150038,0.027863104970766273,0.003200586257021243,0.013914092514982102,0.13693755110731587,0.41878387816366924,0.007358548306586776,0.027306544167251978,0.024963658148814183,0.1630760763706407,-0.031048519683983145,-0.11518876127214206,-128.63299999999998,-613.9509999999999,0.7400000000000002,0.4900000000000002,0.0,0.5,-0.75,-0.75,0.6800000000000002,-0.1900000000000004,0.48999999999999977,0.3799999999999999,-2.450000000000001,2.129999999999999,0.15000000000000036,2.3300000000000005,6785956.933,-0.013015820467298767,-0.033081853359616886,76,5,5,0,3,3,3,3,3.0,0,0,45,45,45
2024-12-23 00:00:00+00:00,316.441,4.33,2.23,4.52,4.3,128.1411,21311.2,19764.89,159288.0,116.004,4.2,16.78,6889332.0,767.932,2024-11-01 00:00:00+00:00,2024-12-20 00:00:00+00:00,2024-12-20 00:00:00+00:00,2024-12-20 00:00:00+00:00,2024-12-20 00:00:00+00:00,2024-12-20 00:00:00+00:00,2024-10-01 00:00:00+00:00,2024-12-23 00:00:00+00:00,2024-11-01 00:00:00+00:00,2024-12-23 00:00:00+00:00,2024-11-01 00:00:00+00:00,2024-12-23 00:00:00+00:00,2024-12-18 00:00:00+00:00,2024-12-18 00:00:00+00:00,0.05184173015460036,0.0651237245124392,0.012123191702150038,0.027863104970766273,0.003200586257021243,0.013914092514982102,0.09496584051842483,0.39830181544838617,0.007358548306586776,0.027306544167251978,-0.004238775622122937,0.047652949878001394,-0.031406729886928275,-0.11436639270774585,-264.368,-656.254,0.7899999999999996,0.6299999999999994,0.0,0.5,-0.5,-1.0,0.75,-0.03000000000000025,0.6499999999999999,0.53,0.8900000000000006,3.7500000000000018,0.21999999999999975,2.2899999999999996,6772560.068,0.00660216229606192,-0.026016843616064378,83,5,5,0,3,3,3,3,3.0,0,0,52,52,52
2024-12-30 00:00:00+00:00,316.441,4.33,2.28,4.62,4.31,128.6972,21447.6,19486.78,159288.0,260.743,4.2,17.4,6885963.0,764.77,2024-11-01 00:00:00+00:00,2024-12-27 00:00:00+00:00,2024-12-27 00:00:00+00:00,2024-12-27 00:00:00+00:00,2024-12-27 00:00:00+00:00,2024-12-27 00:00:00+00:00,2024-11-01 00:00:00+00:00,2024-12-30 00:00:00+00:00,2024-11-01 00:00:00+00:00,2024-12-30 00:00:00+00:00,2024-11-01 00:00:00+00:00,2024-12-30 00:00:00+00:00,2024-12-25 00:00:00+00:00,2024-12-25 00:00:00+00:00,0.05873398363562554,0.07480394396410528,0.012796233025406778,0.032228301498783196,0.003200586257021243,0.013914092514982102,0.06890992491836734,0.38413097104919736,0.007358548306586776,0.027306544167251978,-0.05346472593563956,0.04460779312995822,-0.027797249323370465,-0.11339383124672686,-204.89499999999998,-757.74,0.8700000000000001,0.7800000000000002,0.0,0.5,-0.5,-1.0,0.7599999999999998,0.04999999999999982,0.6799999999999997,0.5999999999999999,0.6699999999999982,4.949999999999999,0.3100000000000005,2.3400000000000003,6624455.23,0.0016378526275371286,-0.010378716341476135,59,5,5,0,3,3,3,3,3.0,0,0,59,59,59
2025-01-06 00:00:00+00:00,316.441,4.33,2.26,4.6,4.28,129.6721,21447.6,19864.98,159288.0,231.926,4.2,16.04,6852491.0,719.873,2024-11-01 00:00:00+00:00,2025-01-03 00:00:00+00:00,2025-01-03 00:00:00+00:00,2025-01-03 00:00:00+00:00,2025-01-03 00:00:00+00:00,2025-01-03 00:00:00+00:00,2024-11-01 00:00:00+00:00,2025-01-06 00:00:00+00:00,2024-11-01 00:00:00+00:00,2025-01-06 00:00:00+00:00,2024-11-01 00:00:00+00:00,2025-01-06 00:00:00+00:00,2025-01-01 00:00:00+00:00,2025-01-01 00:00:00+00:00,0.05727922357562676,0.07962443223055704,0.012796233025406778,0.032228301498783196,0.001149522886191079,0.012991462891664085,0.1028233646736556,0.403353066578779,0.007358548306586776,0.027306544167251978,-0.10338084744998888,-0.05219943251439041,-0.027979115656847853,-0.11414063580014755,-91.02199999999999,-459.559,0.6199999999999997,0.5499999999999998,0.10000000000000053,0.5,-0.5,-1.0,0.3500000000000001,-0.1200000000000001,0.5099999999999998,0.4299999999999997,-6.600000000000001,2.959999999999999,0.3199999999999994,2.34,6619845.127,-0.01548909198803905,-0.05423410998410638,66,5,5,0,3,3,3,3,3.0,0,0,66,66,66
2025-01-13 00:00:00+00:00,316.441,4.33,2.34,4.77,4.4,130.0513,21447.6,19088.1,159536.0,183.669,4.1,19.19,6853554.0,652.636,2024-11-01 00:00:00+00:00,2025-01-10 00:00:00+00:00,2025-01-10 00:00:00+00:00,2025-01-10 00:00:00+00:00,2025-01-10 00:00:00+00:00,2025-01-10 00:00:00+00:00,2024-11-01 00:00:00+00:00,2025-01-13 00:00:00+00:00,2024-12-01 00:00:00+00:00,2025-01-13 00:00:00+00:00,2024-12-01 00:00:00+00:00,2025-01-13 00:00:00+00:00,2025-01-08 00:00:00+00:00,2025-01-08 00:00:00+00:00,0.06019925518956715,0.08254446384449743,0.012796233025406778,0.032228301498783196,0.002705240460894487,0.014547180466367493,0.031148977316041382,0.3634597883439792,0.005561494036990133,0.024281088163037978,-0.2062324425108386,-0.1358017114087895,-0.02781193954601946,-0.11472551378031248,-148.066,-419.447,0.6799999999999997,0.7899999999999996,0.0,0.39999999999999947,-0.5,-1.0,0.4200000000000004,0.14000000000000057,0.5799999999999998,0.5799999999999998,-0.509999999999998,5.940000000000001,0.3699999999999992,2.4299999999999997,6669232.364,-0.006735244543556007,-0.060171100303129776,73,5,5,0,3,3,3,3,3.0,0,0,73,43,43
2025-01-20 00:00:00+00:00,317.685,4.33,2.19,4.61,4.23,130.0513,21447.6,19630.2,159536.0,118.327,4.1,15.81,6834070.0,641.225,2024-12-01 00:00:00+00:00,2025-01-16 00:00:00+00:00,2025-01-16 00:00:00+00:00,2025-01-16 00:00:00+00:00,2025-01-16 00:00:00+00:00,2025-01-10 00:00:00+00:00,2024-11-01 00:00:00+00:00,2025-01-17 00:00:00+00:00,2024-12-01 00:00:00+00:00,2025-01-17 00:00:00+00:00,2024-12-01 00:00:00+00:00,2025-01-20 00:00:00+00:00,2025-01-15 00:00:00+00:00,2025-01-15 00:00:00+00:00,0.04642961583540206,0.07218224501549564,0.012796233025406778,0.032228301498783196,0.002705240460894487,0.014547180466367493,0.057138636585767344,0.39146388083207206,0.00948500953971898,0.028204603665766825,-0.2109183216892676,-0.15520235366751667,-0.02958606390846441,-0.11588384438565669,-142.71699999999998,-528.776,0.5300000000000002,0.45999999999999996,0.0,0.39999999999999947,-0.5,-1.0,0.28000000000000025,-0.15999999999999925,0.41999999999999993,0.3799999999999999,-2.5600000000000005,2.620000000000001,0.3799999999999999,2.4200000000000004,6715101.775,-0.009241674378987597,-0.04524278568199591,80,5,5,3,4,4,4,4,10.0,0,3,50,50,50
2025-01-27 00:00:00+00:00,317.685,4.33,2.2,4.63,4.27,127.6833,21447.6,19341.83,159536.0,92.863,4.1,17.9,6831760.0,677.282,2024-12-01 00:00:00+00:00,2025-01-24 00:00:00+00:00,2025-01-24 00:00:00+00:00,2025-01-24 00:00:00+00:00,2025-01-24 00:00:00+00:00,2025-01-24 00:00:00+00:00,2024-11-01 00:00:00+00:00,2025-01-27 00:00:00+00:00,2024-12-01 00:00:00+00:00,2025-01-27 00:00:00+00:00,2024-12-01 00:00:00+00:00,2025-01-27 00:00:00+00:00,2025-01-22 00:00:00+00:00,2025-01-22 00:00:00+00:00,0.0225056434779054,0.05403933147222073,0.010612068991147083,0.027530051574474967,0.002705240460894487,0.014547180466367493,0.040874063510235814,0.21320337139454537,0.00948500953971898,0.028204603665766825,-0.20332712760168192,-0.16572117573574907,-0.028520164686735683,-0.11667647795300695,-158.169,-488.54699999999997,0.3799999999999999,0.47999999999999954,0.0,0.39999999999999947,-0.5,-1.0,0.15999999999999925,-0.07000000000000028,0.2400000000000002,0.3500000000000001,-1.9000000000000021,4.299999999999999,0.3600000000000003,2.4299999999999997,6738219.718,-0.0058193376202773095,-0.051597466741876374,87,5,5,0,3,3,3,3,3.0,0,0,57,57,57
2025-02-03 00:00:00+00:00,317.685,4.33,2.16,4.58,4.22,128.6686,21533.8,19391.96,159536.0,97.781,4.1,18.62,6818186.0,784.206,2024-12-01 00:00:00+00:00,2025-01-31 00:00:00+00:00,2025-01-31 00:00:00+00:00,2025-01-31 00:00:00+00:00,2025-01-31 00:00:00+00:00,2025-01-31 00:00:00+00:00,2024-12-01 00:00:00+00:00,2025-02-03 00:00:00+00:00,2024-12-01 00:00:00+00:00,2025-02-03 00:00:00+00:00,2024-12-01 00:00:00+00:00,2025-02-03 00:00:00+00:00,2025-01-29 00:00:00+00:00,2025-01-29 00:00:00+00:00,0.028604021247980782,0.059436712100984224,0.014623111701190794,0.03154109428451868,0.003333953819756985,0.011575108117444444,0.06453755853979004,0.21773636193134394,0.00948500953971898,0.028204603665766825,-0.06304377597503574,-0.07057368863380287,-0.028241983283857408,-0.11251064273149503,-74.10399999999998,-454.508,0.20999999999999996,0.5499999999999998,0.0,0.39999999999999947,-0.5,-1.0,0.009999999999999787,-0.14000000000000057,0.1200000000000001,0.3400000000000001,-3.3599999999999994,4.950000000000001,0.3600000000000003,2.42,6719620.794,-0.017868540274205813,-0.05181744008123168,64,5,5,0,3,3,3,3,3.0,0,0,64,64,64
2025-02-10 00:00:00+00:00,317.685,4.33,2.07,4.49,4.29,128.6144,21533.8,19714.27,159069.0,99.653,4.0,15.81,6810935.0,805.593,2024-12-01 00:00:00+00:00,2025-02-07 00:00:00+00:00,2025-02-07 00:00:00+00:00,2025-02-07 00:00:00+00:00,2025-02-07 00:00:00+00:00,2025-02-07 00:00:00+00:00,2024-12-01 00:00:00+00:00,2025-02-10 00:00:00+00:00,2025-01-01 00:00:00+00:00,2025-02-10 00:00:00+00:00,2025-01-01 00:00:00+00:00,2025-02-10 00:00:00+00:00,2025-02-05 00:00:00+00:00,2025-02-05 00:00:00+00:00,0.028182695308825778,0.05785064431966358,0.014623111701190794,0.03154109428451868,0.00040242208331164875,0.008643576380999107,0.02130189385798431,0.21235110352678,0.00948500953971898,0.02855434913235566,-0.04426193028846104,0.004301729313025859,-0.02656597982881337,-0.11372880203402325,-63.968,-481.91499999999996,0.1800000000000006,0.3200000000000003,-0.09999999999999964,0.2999999999999998,-0.5,-1.0,0.08000000000000007,-0.1900000000000004,0.08999999999999986,0.1499999999999999,0.8399999999999999,1.8800000000000008,0.20000000000000018,2.4200000000000004,6710476.407,-0.017630706097998328,-0.0492058650878473,71,5,5,0,3,3,3,3,3.0,0,0,71,40,40
2025-02-17 00:00:00+00:00,319.086,4.33,2.08,4.52,4.31,128.6144,21533.8,20026.77,159069.0,58.77,4.0,15.37,6813513.0,828.102,2025-01-01 00:00:00+00:00,2025-02-13 00:00:00+00:00,2025-02-13 00:00:00+00:00,2025-02-13 00:00:00+00:00,2025-02-13 00:00:00+00:00,2025-02-07 00:00:00+00:00,2024-12-01 00:00:00+00:00,2025-02-14 00:00:00+00:00,2025-01-01 00:00:00+00:00,2025-02-14 00:00:00+00:00,2025-01-01 00:00:00+00:00,2025-02-17 00:00:00+00:00,2025-02-12 00:00:00+00:00,2025-02-12 00:00:00+00:00,0.01182808016921122,0.05785064431966358,0.014623111701190794,0.03154109428451868,0.00040242208331164875,0.008643576380999107,0.06364874194130721,0.2386022665456089,0.01144778789340073,0.029905007089973346,-0.004919638324230924,-0.011887731847407323,-0.02229237139574103,-0.11368760289537327,-141.26,-473.355,0.08999999999999986,0.27999999999999936,-0.09999999999999964,0.2999999999999998,-0.25,-1.0,0.0,-0.25,-0.020000000000000018,0.14000000000000012,-0.21000000000000085,0.6599999999999984,0.20999999999999996,2.4399999999999995,6753914.898,-0.0018240788229793026,-0.050100763324188335,78,5,5,3,4,4,4,4,10.0,0,3,47,47,47
2025-02-24 00:00:00+00:00,319.086,4.33,2.0,4.42,4.19,127.3285,21533.8,19286.92,159069.0,76.818,4.0,18.98,6782332.0,790.062,2025-01-01 00:00:00+00:00,2025-02-21 00:00:00+00:00,2025-02-21 00:00:00+00:00,2025-02-21 00:00:00+00:00,2025-02-21 00:00:00+00:00,2025-02-21 00:00:00+00:00,2024-12-01 00:00:00+00:00,2025-02-24 00:00:00+00:00,2025-01-01 00:00:00+00:00,2025-02-24 00:00:00+00:00,2025-01-01 00:00:00+00:00,2025-02-24 00:00:00+00:00,2025-02-19 00:00:00+00:00,2025-02-19 00:00:00+00:00,-0.002665133061523939,0.04768689601399778,0.014623111701190794,0.03154109428451868,0.00040242208331164875,0.008643576380999107,0.012106533204308434,0.18832390148364553,0.01144778789340073,0.029905007089973346,0.049543996685471825,0.005835524297915562,-0.020633790567302412,-0.11141421105470783,-109.931,-448.14099999999996,0.009999999999999787,0.16000000000000014,-0.09999999999999964,0.2999999999999998,-0.25,-1.0,-0.17999999999999972,-0.47999999999999954,-0.06999999999999984,0.040000000000000036,4.380000000000001,5.24,0.22999999999999954,2.42,6704723.938,-0.00468809677525428,-0.05105726431223623,85,5,5,0,3,3,3,3,3.0,0,0,54,54,54
2025-03-03 00:00:00+00:00,319.086,4.33,1.86,4.24,3.99,128.4646,21561.4,18350.19,159069.0,119.987,4.0,22.78,6766101.0,681.161,2025-01-01 00:00:00+00:00,2025-02-28 00:00:00+00:00,2025-02-28 00:00:00+00:00,2025-02-28 00:00:00+00:00,2025-02-28 00:00:00+00:00,2025-02-28 00:00:00+00:00,2025-01-01 00:00:00+00:00,2025-03-03 00:00:00+00:00,2025-01-01 00:00:00+00:00,2025-03-03 00:00:00+00:00,2025-01-01 00:00:00+00:00,2025-03-03 00:00:00+00:00,2025-02-26 00:00:00+00:00,2025-02-26 00:00:00+00:00,0.012952436675951695,0.05677586845265559,0.011671922881651753,0.036827075326222314,0.00040242208331164875,0.008643576380999107,-0.05583672492095104,0.12416521360528243,0.01144778789340073,0.029905007089973346,-0.12938686273937527,-0.14293033588343018,-0.020341063992468378,-0.11197833148405323,-15.87100000000001,-319.80600000000004,0.0600000000000005,0.04999999999999982,-0.09999999999999964,0.2999999999999998,-0.25,-1.0,-0.13999999999999968,-0.5499999999999998,-0.05999999999999983,-0.010000000000000009,9.440000000000001,9.290000000000001,0.25,2.38,6645432.839,-0.018350666319078,-0.0699925765521705,61,5,5,0,3,3,3,3,3.0,0,0,61,61,61
2025-03-10 00:00:00+00:00,319.086,4.33,1.99,4.32,3.99,126.2243,21561.4,17468.32,159218.0,129.054,4.1,27.86,6756764.0,548.331,2025-01-01 00:00:00+00:00,2025-03-07 00:00:00+00:00,2025-03-07 00:00:00+00:00,2025-03-07 00:00:00+00:00,2025-03-07 00:00:00+00:00,2025-03-07 00:00:00+00:00,2025-01-01 00:00:00+00:00,2025-03-10 00:00:00+00:00,2025-02-01 00:00:00+00:00,2025-03-10 00:00:00+00:00,2025-02-01 00:00:00+00:00,2025-03-10 00:00:00+00:00,2025-03-05 00:00:00+00:00,2025-03-05 00:00:00+00:00,-0.005552422823450698,0.04756326127512356,0.011671922881651753,0.036827075326222314,-0.0004395521662203805,0.008895228133876998,-0.12209038543981343,0.08659658210578591,0.01144778789340073,0.029905007089973346,-0.36454098027831794,-0.33656289724806854,-0.02037236882229898,-0.10952650179932633,-23.974999999999994,-349.674,0.16999999999999993,0.23000000000000043,-0.10000000000000053,0.19999999999999973,-0.25,-1.0,-0.10999999999999943,-0.4900000000000002,0.08000000000000007,0.17999999999999994,13.67,12.639999999999999,0.33000000000000007,2.33,6627161.669,-0.017181266879610746,-0.06317796700421852,68,5,5,0,3,3,3,3,3.0,0,0,68,37,37
2025-03-17 00:00:00+00:00,319.775,4.33,2.01,4.31,4.02,125.9538,21561.4,17808.66,159218.0,89.496,4.1,20.51,6759571.0,512.581,2025-02-01 00:00:00+00:00,2025-03-14 00:00:00+00:00,2025-03-14 00:00:00+00:00,2025-03-14 00:00:00+00:00,2025-03-14 00:00:00+00:00,2025-03-14 00:00:00+00:00,2025-01-01 00:00:00+00:00,2025-03-17 00:00:00+00:00,2025-02-01 00:00:00+00:00,2025-03-17 00:00:00+00:00,2025-02-01 00:00:00+00:00,2025-03-17 00:00:00+00:00,2025-03-12 00:00:00+00:00,2025-03-12 00:00:00+00:00,-0.012647366511280289,0.04187491864634296,0.011671922881651753,0.036827075326222314,-0.0004395521662203805,0.008895228133876998,-0.12470433821405358,0.10065132109222219,0.01048081318051075,0.027651092938249633,-0.4134907299248667,-0.4048113392048629,-0.020197425903317523,-0.10952386200950848,-21.257000000000005,-351.1,-0.09000000000000075,0.0,-0.10000000000000053,0.19999999999999973,-0.25,-1.0,-0.23000000000000043,-0.7000000000000002,-0.06000000000000005,0.019999999999999796,5.820000000000002,6.1800000000000015,0.29000000000000004,2.3,6669562.419,-0.017301066465680748,-0.06262568628955023,75,5,5,0,3,3,3,3,3.0,0,0,44,44,44
2025-03-24 00:00:00+00:00,319.775,4.33,1.92,4.25,3.94,126.509,21561.4,18188.59,159218.0,196.565,4.1,17.48,6755982.0,435.936,2025-02-01 00:00:00+00:00,2025-03-21 00:00:00+00:00,2025-03-21 00:00:00+00:00,2025-03-21 00:00:00+00:00,2025-03-21 00:00:00+00:00,2025-03-21 00:00:00+00:00,2025-01-01 00:00:00+00:00,2025-03-24 00:00:00+00:00,2025-02-01 00:00:00+00:00,2025-03-24 00:00:00+00:00,2025-02-01 00:00:00+00:00,2025-03-24 00:00:00+00:00,2025-03-19 00:00:00+00:00,2025-03-19 00:00:00+00:00,-0.012818548653025452,0.03982815875448509,0.011671922881651753,0.036827075326222314,-0.0004395521662203805,0.008895228133876998,-0.08311265693240877,0.10446053943829803,0.01048081318051075,0.027651092938249633,-0.56620574397731,-0.6186717616434825,-0.019545793577306014,-0.10638592498377974,80.56099999999999,-277.222,-0.2699999999999996,0.03000000000000025,-0.10000000000000053,0.19999999999999973,0.0,-1.0,-0.3599999999999999,-0.6499999999999999,-0.31000000000000005,0.04999999999999982,0.6999999999999993,4.290000000000001,0.31000000000000005,2.33,6558981.064,-0.03204389905411276,-0.07073763466372185,82,5,5,0,3,3,3,3,3.0,0,0,51,51,51
2025-03-31 00:00:00+00:00,319.775,4.33,1.9,4.27,3.89,126.6599,21671.0,17299.29,159218.0,399.167,4.1,22.28,6740253.0,360.177,2025-02-01 00:00:00+00:00,2025-03-28 00:00:00+00:00,2025-03-28 00:00:00+00:00,2025-03-28 00:00:00+00:00,2025-03-28 00:00:00+00:00,2025-03-28 00:00:00+00:00,2025-02-01 00:00:00+00:00,2025-03-31 00:00:00+00:00,2025-02-01 00:00:00+00:00,2025-03-31 00:00:00+00:00,2025-02-01 00:00:00+00:00,2025-03-31 00:00:00+00:00,2025-03-26 00:00:00+00:00,2025-03-26 00:00:00+00:00,-0.015956816770924753,0.04236359341120988,0.010362210227997437,0.04181074706066745,-0.0004395521662203805,0.008895228133876998,-0.11907082674147951,0.05357743673533477,0.01048081318051075,0.027651092938249633,-0.7529795577380414,-0.800803512075082,-0.02138753036916441,-0.10476868621244506,138.42399999999998,-42.73600000000005,-0.35000000000000053,0.0699999999999994,-0.10000000000000053,0.19999999999999973,0.0,-1.0,-0.4199999999999995,-0.6999999999999997,-0.3799999999999999,0.020000000000000018,4.880000000000003,8.63,0.37999999999999945,2.3699999999999997,6340725.823,-0.04377489403782775,-0.10490377078851765,58,5,5,0,3,3,3,3,3.0,0,0,58,58,58
2025-04-07 00:00:00+00:00,319.775,4.33,1.83,4.01,3.68,126.0693,21671.0,15603.26,159398.0,148.146,4.2,46.98,6723452.0,360.177,2025-02-01 00:00:00+00:00,2025-04-04 00:00:00+00:00,2025-04-04 00:00:00+00:00,2025-04-04 00:00:00+00:00,2025-04-04 00:00:00+00:00,2025-04-04 00:00:00+00:00,2025-02-01 00:00:00+00:00,2025-04-07 00:00:00+00:00,2025-03-01 00:00:00+00:00,2025-04-07 00:00:00+00:00,2025-03-01 00:00:00+00:00,2025-04-07 00:00:00+00:00,2025-04-02 00:00:00+00:00,2025-03-26 00:00:00+00:00,-0.028177200629170507,0.038011918802330236,0.010362210227997437,0.04181074706066745,0.0006903347142230842,0.007967768138573916,-0.24147851568781675,-0.04085670461292423,0.01048081318051075,0.027651092938249633,-0.6924792302744924,-0.758041453051634,-0.019010522687205267,-0.10120972536062744,-83.78,-300.451,-0.5899999999999999,-0.3799999999999999,0.0,0.40000000000000036,0.0,-1.0,-0.6000000000000001,-1.0500000000000003,-0.4299999999999997,-0.18999999999999995,30.939999999999998,31.79,0.3299999999999996,2.1799999999999997,6574945.823,-0.006805636780294222,-0.06124173542476896,65,5,12,0,3,3,3,3,3.0,0,0,65,37,37
2025-04-14 00:00:00+00:00,319.615,4.33,2.28,4.48,3.96,124.3156,21671.0,16831.48,159398.0,102.838,4.2,30.89,6727416.0,306.049,2025-03-01 00:00:00+00:00,2025-04-11 00:00:00+00:00,2025-04-11 00:00:00+00:00,2025-04-11 00:00:00+00:00,2025-04-11 00:00:00+00:00,2025-04-11 00:00:00+00:00,2025-02-01 00:00:00+00:00,2025-04-14 00:00:00+00:00,2025-03-01 00:00:00+00:00,2025-04-14 00:00:00+00:00,2025-03-01 00:00:00+00:00,2025-04-14 00:00:00+00:00,2025-04-09 00:00:00+00:00,2025-04-09 00:00:00+00:00,-0.045105494542410085,0.013434912541717914,0.010362210227997437,0.04181074706066745,-0.0008653828604803238,0.007967768138573916,-0.1258141616934214,0.05787441577185781,0.009980336152907832,0.023377050744527672,-0.7572743267455122,-0.8344114473626592,-0.018576232367763623,-0.10043454002142305,-80.83100000000002,-224.22799999999998,-0.28999999999999915,-0.019999999999999574,0.10000000000000053,0.40000000000000036,0.0,-1.0,-0.4400000000000004,-0.9199999999999999,-0.06000000000000005,0.16999999999999993,11.7,11.66,0.5200000000000005,2.2000000000000006,6624271.951,-0.006764293803547261,-0.07081873665192262,72,5,5,0,3,3,3,3,3.0,0,0,44,44,44
2025-04-21 00:00:00+00:00,319.615,4.33,2.11,4.34,3.81,123.3365,21671.0,15870.9,159398.0,114.114,4.2,33.82,6727113.0,422.983,2025-03-01 00:00:00+00:00,2025-04-18 00:00:00+00:00,2025-04-17 00:00:00+00:00,2025-04-17 00:00:00+00:00,2025-04-17 00:00:00+00:00,2025-04-18 00:00:00+00:00,2025-02-01 00:00:00+00:00,2025-04-21 00:00:00+00:00,2025-03-01 00:00:00+00:00,2025-04-21 00:00:00+00:00,2025-03-01 00:00:00+00:00,2025-04-21 00:00:00+00:00,2025-04-16 00:00:00+00:00,2025-04-16 00:00:00+00:00,-0.053012595683802566,-0.0008866110967913343,0.010362210227997437,0.04181074706066745,-0.0008653828604803238,0.007967768138573916,-0.21258195301810723,0.026793454312040055,0.0060568206501789845,0.023377050744527672,-0.4160484202568382,-0.6329390815186251,-0.01577431966309284,-0.09607770071250954,-4.212999999999994,-295.702,-0.27000000000000046,-0.28000000000000025,0.10000000000000053,0.40000000000000036,0.0,-1.0,-0.4200000000000004,-1.1599999999999997,-0.08000000000000007,-0.10000000000000009,18.009999999999998,16.88,0.5299999999999998,2.23,6612576.017,-0.015385693153715962,-0.05620708476408964,79,5,5,0,3,4,4,4,3.0,0,0,51,51,51
2025-04-28 00:00:00+00:00,319.615,4.33,2.02,4.29,3.74,123.2454,21762.5,17366.13,159398.0,148.649,4.2,25.15,6726930.0,606.632,2025-03-01 00:00:00+00:00,2025-04-25 00:00:00+00:00,2025-04-25 00:00:00+00:00,2025-04-25 00:00:00+00:00,2025-04-25 00:00:00+00:00,2025-04-25 00:00:00+00:00,2025-03-01 00:00:00+00:00,2025-04-28 00:00:00+00:00,2025-03-01 00:00:00+00:00,2025-04-28 00:00:00+00:00,2025-03-01 00:00:00+00:00,2025-04-28 00:00:00+00:00,2025-04-23 00:00:00+00:00,2025-04-23 00:00:00+00:00,-0.03537548952107805,-0.0004461645739848308,0.014575554092109755,0.043256508293000095,-0.0008653828604803238,0.007967768138573916,-0.10774835059026167,0.08299109481026612,0.0060568206501789845,0.023377050744527672,-0.11016538284380495,-0.4394776489778982,-0.015463453901553237,-0.09568999188500982,55.786,-356.881,-0.33999999999999986,-0.3799999999999999,0.10000000000000053,0.40000000000000036,0.0,-1.0,-0.5299999999999994,-1.2199999999999998,-0.18000000000000016,-0.2200000000000002,7.25,10.479999999999999,0.5499999999999998,2.27,6577674.368,-0.024114509889614055,-0.047254862213357285,58,5,5,0,3,3,3,3,3.0,0,0,58,58,58
2025-05-05 00:00:00+00:00,319.615,4.33,2.06,4.33,3.83,122.859,21762.5,17844.24,159517.0,124.69,4.2,23.64,6709277.0,595.741,2025-03-01 00:00:00+00:00,2025-05-02 00:00:00+00:00,2025-05-02 00:00:00+00:00,2025-05-02 00:00:00+00:00,2025-05-02 00:00:00+00:00,2025-05-02 00:00:00+00:00,2025-03-01 00:00:00+00:00,2025-05-05 00:00:00+00:00,2025-04-01 00:00:00+00:00,2025-05-05 00:00:00+00:00,2025-04-01 00:00:00+00:00,2025-05-05 00:00:00+00:00,2025-04-30 00:00:00+00:00,2025-04-30 00:00:00+00:00,-0.04620275023350917,0.0028806131314302874,0.010564511382066044,0.043256508293000095,-0.00011910246901081223,0.007746976312988707,-0.08317778010381183,0.08749874234319677,0.0060568206501789845,0.023377050744527672,-0.27486573208160614,-0.43149446549333437,-0.016102258520325208,-0.09290482201154227,26.908999999999992,-344.28000000000003,-0.25,-0.16999999999999993,0.10000000000000053,0.30000000000000027,0.0,-1.0,-0.3899999999999997,-0.9799999999999995,-0.10000000000000009,-0.08999999999999986,5.02,10.15,0.5,2.27,6583991.259,-0.020390587717075803,-0.045805324810563874,65,5,5,0,3,3,3,3,3.0,0,0,65,34,34
2025-05-12 00:00:00+00:00,319.615,4.33,2.08,4.37,3.88,122.879,21762.5,18708.34,159517.0,147.505,4.2,18.39,6710889.0,583.727,2025-03-01 00:00:00+00:00,2025-05-09 00:00:00+00:00,2025-05-09 00:00:00+00:00,2025-05-09 00:00:00+00:00,2025-05-09 00:00:00+00:00,2025-05-09 00:00:00+00:00,2025-03-01 00:00:00+00:00,2025-05-12 00:00:00+00:00,2025-04-01 00:00:00+00:00,2025-05-12 00:00:00+00:00,2025-04-01 00:00:00+00:00,2025-05-12 00:00:00+00:00,2025-05-07 00:00:00+00:00,2025-05-07 00:00:00+00:00,-0.04561864930599935,0.003989098072938013,0.010564511382066044,0.043256508293000095,0.002812429267434524,0.007746976312988707,-0.05237332525843996,0.13240540930220135,0.0060568206501789845,0.023377050744527672,-0.3221452444122077,-0.37767295684291025,-0.014797977797568862,-0.0914324482004325,47.85199999999999,-344.563,-0.1200000000000001,-0.1299999999999999,0.20000000000000018,0.30000000000000027,0.0,-1.0,-0.41000000000000014,-0.9900000000000002,0.010000000000000231,-0.08000000000000007,2.58,4.790000000000001,0.4900000000000002,2.29,6562800.273,-0.02225256525946051,-0.044361253093976316,72,5,5,0,3,3,3,3,3.0,0,0,72,41,41
2025-05-19 00:00:00+00:00,320.321,4.33,2.09,4.43,3.98,123.3969,21762.5,19215.46,159517.0,180.417,4.2,18.14,6713270.0,575.846,2025-04-01 00:00:00+00:00,2025-05-16 00:00:00+00:00,2025-05-16 00:00:00+00:00,2025-05-16 00:00:00+00:00,2025-05-16 00:00:00+00:00,2025-05-16 00:00:00+00:00,2025-03-01 00:00:00+00:00,2025-05-19 00:00:00+00:00,2025-04-01 00:00:00+00:00,2025-05-19 00:00:00+00:00,2025-04-01 00:00:00+00:00,2025-05-19 00:00:00+00:00,2025-05-14 00:00:00+00:00,2025-05-14 00:00:00+00:00,-0.04141279105159423,0.014356568885708576,0.010564511382066044,0.043256508293000095,0.002812429267434524,0.007746976312988707,-0.04135471520065259,0.13464168072538385,0.0038629590722925045,0.022459304197069763,-0.3632960713665616,-0.3125569664897858,-0.014821681567187994,-0.08437321785230445,121.64699999999999,-309.31100000000004,-0.08999999999999986,0.009999999999999787,0.20000000000000018,0.30000000000000027,0.0,-1.0,-0.3299999999999996,-0.8500000000000001,0.009999999999999787,-0.010000000000000231,2.7700000000000014,5.99,0.44999999999999973,2.34,6532277.154,-0.0333667172491765,-0.04218803281300687,79,5,5,0,3,3,3,3,3.0,0,0,48,48,48
2025-05-26 00:00:00+00:00,320.321,4.33,2.2,4.54,4.0,123.3969,21762.5,18737.21,159517.0,154.841,4.2,20.57,6688726.0,503.055,2025-04-01 00:00:00+00:00,2025-05-22 00:00:00+00:00,2025-05-22 00:00:00+00:00,2025-05-22 00:00:00+00:00,2025-05-22 00:00:00+00:00,2025-05-16 00:00:00+00:00,2025-03-01 00:00:00+00:00,2025-05-23 00:00:00+00:00,2025-04-01 00:00:00+00:00,2025-05-23 00:00:00+00:00,2025-04-01 00:00:00+00:00,2025-05-26 00:00:00+00:00,2025-05-21 00:00:00+00:00,2025-05-21 00:00:00+00:00,-0.031364371503034505,0.014356568885708576,0.010564511382066044,0.043256508293000095,0.002812429267434524,0.007746976312988707,-0.028915759623142634,0.10196834292884382,0.0038629590722925045,0.022459304197069763,-0.45141191533574343,-0.3659906330485905,-0.013897573093890614,-0.08739147180963869,78.02300000000001,-276.39799999999997,0.1200000000000001,0.07000000000000028,0.20000000000000018,0.30000000000000027,0.0,-1.0,-0.1900000000000004,-0.9100000000000001,0.20000000000000018,0.03000000000000025,1.5899999999999999,8.21,0.54,2.34,6533381.945,-0.025887625226330258,-0.049890218591698954,86,5,5,3,4,4,4,4,10.0,0,3,55,55,55
2025-06-02 00:00:00+00:00,320.321,4.33,2.07,4.41,3.89,122.1112,21862.5,19242.61,159517.0,135.841,4.2,18.36,6673244.0,467.204,2025-04-01 00:00:00+00:00,2025-05-30 00:00:00+00:00,2025-05-30 00:00:00+00:00,2025-05-30 00:00:00+00:00,2025-05-30 00:00:00+00:00,2025-05-30 00:00:00+00:00,2025-04-01 00:00:00+00:00,2025-06-02 00:00:00+00:00,2025-04-01 00:00:00+00:00,2025-06-02 00:00:00+00:00,2025-04-01 00:00:00+00:00,2025-06-02 00:00:00+00:00,2025-05-28 00:00:00+00:00,2025-05-28 00:00:00+00:00,-0.0507212749989856,-0.0030523863652414107,0.013868161347179608,0.04658949992967365,0.002812429267434524,0.007746976312988707,0.0474871622525157,0.13404311139250602,0.0038629590722925045,0.022459304197069763,-0.37703270211998063,-0.4104881021277782,-0.013818899310196642,-0.08761785700876956,15.854000000000013,-251.228,0.16999999999999993,-0.09999999999999964,0.20000000000000018,0.30000000000000027,0.0,-1.0,-0.10000000000000009,-0.9999999999999996,0.20999999999999974,-0.0900000000000003,-4.420000000000002,5.25,0.52,2.3400000000000003,6536935.796,-0.01646130463923612,-0.05355213503453449,62,5,5,0,3,3,3,3,3.0,0,0,62,62,62
2025-06-09 00:00:00+00:00,320.321,4.33,2.2,4.51,4.04,121.5217,21862.5,19591.24,159561.0,179.315,4.2,17.16,6672885.0,378.947,2025-04-01 00:00:00+00:00,2025-06-06 00:00:00+00:00,2025-06-06 00:00:00+00:00,2025-06-06 00:00:00+00:00,2025-06-06 00:00:00+00:00,2025-06-06 00:00:00+00:00,2025-04-01 00:00:00+00:00,2025-06-09 00:00:00+00:00,2025-05-01 00:00:00+00:00,2025-06-09 00:00:00+00:00,2025-05-01 00:00:00+00:00,2025-06-09 00:00:00+00:00,2025-06-04 00:00:00+00:00,2025-06-04 00:00:00+00:00,-0.03796763542057757,-0.01914543197953744,0.013868161347179608,0.04658949992967365,0.00215196190694833,0.0064004443531260335,0.1146935728862637,0.13060754039680056,0.0038629590722925045,0.022459304197069763,-0.3694827655881481,-0.6283037330110002,-0.012491777072531463,-0.08373327502306083,50.260999999999996,-237.166,0.1899999999999995,0.22999999999999954,0.10000000000000053,0.20000000000000018,0.0,-1.0,0.04999999999999982,-0.6799999999999997,0.2100000000000002,0.20000000000000018,-10.7,4.42,0.46999999999999975,2.3099999999999996,6493191.053,-0.02042251076120216,-0.051813681679762524,69,5,5,0,3,3,3,3,3.0,0,0,69,39,39
2025-06-16 00:00:00+00:00,320.58,4.33,2.13,4.41,3.96,120.7131,21862.5,19701.21,159561.0,140.759,4.2,19.11,6677155.0,332.907,2025-05-01 00:00:00+00:00,2025-06-13 00:00:00+00:00,2025-06-13 00:00:00+00:00,2025-06-13 00:00:00+00:00,2025-06-13 00:00:00+00:00,2025-06-13 00:00:00+00:00,2025-04-01 00:00:00+00:00,2025-06-16 00:00:00+00:00,2025-05-01 00:00:00+00:00,2025-06-16 00:00:00+00:00,2025-05-01 00:00:00+00:00,2025-06-16 00:00:00+00:00,2025-06-11 00:00:00+00:00,2025-06-11 00:00:00+00:00,-0.0424985172777399,-0.03069225362262351,0.013868161347179608,0.04658949992967365,0.00215196190694833,0.0064004443531260335,0.10099519933650747,0.09828334695420793,0.002514231712278381,0.02321007306611822,-0.43159557560921424,-0.7047332072939305,-0.012267427878080994,-0.0835464979111542,51.26299999999999,-192.67,0.10000000000000053,0.20999999999999996,0.10000000000000053,0.20000000000000018,0.0,-1.0,-0.05999999999999961,-0.71,0.1200000000000001,0.10000000000000009,-1.4000000000000021,6.359999999999999,0.4500000000000002,2.2800000000000002,6536063.093,-0.020219242764762058,-0.05778447473996273,76,5,5,0,3,3,3,3,3.0,0,0,46,46,46
2025-06-23 00:00:00+00:00,320.58,4.33,2.05,4.38,3.9,121.411,21862.5,19630.97,159561.0,165.319,4.2,19.83,6681056.0,337.762,2025-05-01 00:00:00+00:00,2025-06-20 00:00:00+00:00,2025-06-20 00:00:00+00:00,2025-06-20 00:00:00+00:00,2025-06-20 00:00:00+00:00,2025-06-20 00:00:00+00:00,2025-04-01 00:00:00+00:00,2025-06-23 00:00:00+00:00,2025-05-01 00:00:00+00:00,2025-06-23 00:00:00+00:00,2025-05-01 00:00:00+00:00,2025-06-23 00:00:00+00:00,2025-06-18 00:00:00+00:00,2025-06-18 00:00:00+00:00,-0.04113196780607087,-0.02451922957490371,0.013868161347179608,0.04658949992967365,0.00215196190694833,0.0064004443531260335,0.07631394682214498,0.11508927109781375,0.002514231712278381,0.02321007306611822,-0.255153938136889,-0.7616346375864183,-0.011152275756645125,-0.08207596921621096,-31.24600000000001,-270.597,0.1299999999999999,0.1299999999999999,0.10000000000000053,0.20000000000000018,0.0,-1.0,-0.040000000000000036,-0.8000000000000003,0.1299999999999999,0.029999999999999805,2.349999999999998,6.499999999999998,0.48,2.33,6515399.238,-0.006666776766882876,-0.04509000953656539,83,5,5,0,3,3,3,3,3.0,0,0,53,53,53
2025-06-30 00:00:00+00:00,320.58,4.33,2.0,4.29,3.73,120.0786,21942.0,20369.73,159561.0,460.731,4.2,16.73,6662200.0,364.375,2025-05-01 00:00:00+00:00,2025-06-27 00:00:00+00:00,2025-06-27 00:00:00+00:00,2025-06-27 00:00:00+00:00,2025-06-27 00:00:00+00:00,2025-06-27 00:00:00+00:00,2025-05-01 00:00:00+00:00,2025-06-30 00:00:00+00:00,2025-05-01 00:00:00+00:00,2025-06-30 00:00:00+00:00,2025-05-01 00:00:00+00:00,2025-06-30 00:00:00+00:00,2025-06-25 00:00:00+00:00,2025-06-25 00:00:00+00:00,-0.05335901320956449,-0.03629733060984108,0.01242764716510436,0.045624548357224626,0.00215196190694833,0.0064004443531260335,0.16338451516529595,0.13040635627356956,0.002514231712278381,0.02321007306611822,0.011587979816386706,-0.7422372262490251,-0.011647700976128661,-0.0819501204369466,61.56400000000002,8.947999999999979,0.020000000000000462,-0.07000000000000028,0.10000000000000053,0.20000000000000018,0.0,-1.0,-0.16000000000000014,-0.98,0.10000000000000009,-0.08000000000000007,-5.550000000000001,4.51,0.56,2.29,6201104.625,-0.02226580351540086,-0.08904530077765926,60,5,5,0,3,3,3,3,3.0,0,0,60,60,60
2025-07-07 00:00:00+00:00,320.58,4.33,2.02,4.35,3.88,119.6678,21942.0,20412.52,159724.0,218.03,4.1,17.79,6659598.0,359.516,2025-05-01 00:00:00+00:00,2025-07-04 00:00:00+00:00,2025-07-03 00:00:00+00:00,2025-07-03 00:00:00+00:00,2025-07-03 00:00:00+00:00,2025-07-03 00:00:00+00:00,2025-05-01 00:00:00+00:00,2025-07-07 00:00:00+00:00,2025-06-01 00:00:00+00:00,2025-07-07 00:00:00+00:00,2025-06-01 00:00:00+00:00,2025-07-07 00:00:00+00:00,2025-07-02 00:00:00+00:00,2025-07-02 00:00:00+00:00,-0.05211218522950212,-0.034102866551040556,0.01242764716510436,0.045624548357224626,0.0020431064821693212,0.006822448736924613,0.2686685713055308,0.1035945332580841,0.002514231712278381,0.02321007306611822,-0.001836894858949556,-0.7503646998973128,-0.009542590747285473,-0.08100633469279295,69.88400000000001,-197.227,0.33999999999999986,0.0699999999999994,-0.10000000000000053,0.0,0.0,-1.0,0.19999999999999973,-0.7199999999999998,0.18999999999999995,0.020000000000000018,-29.189999999999998,5.42,0.46999999999999975,2.3299999999999996,6441208.484,-0.02055016287526179,-0.055015172554591985,67,5,5,0,3,4,4,4,4.0,0,0,67,36,36
2025-07-14 00:00:00+00:00,320.58,4.33,2.06,4.43,3.9,120.3354,21942.0,20640.33,159724.0,217.841,4.1,17.2,6661912.0,319.889,2025-05-01 00:00:00+00:00,2025-07-11 00:00:00+00:00,2025-07-11 00:00:00+00:00,2025-07-11 00:00:00+00:00,2025-07-11 00:00:00+00:00,2025-07-11 00:00:00+00:00,2025-05-01 00:00:00+00:00,2025-07-14 00:00:00+00:00,2025-06-01 00:00:00+00:00,2025-07-14 00:00:00+00:00,2025-06-01 00:00:00+00:00,2025-07-14 00:00:00+00:00,2025-07-09 00:00:00+00:00,2025-07-09 00:00:00+00:00,-0.03254064942508794,-0.020349901711947282,0.01242764716510436,0.045624548357224626,0.0020431064821693212,0.006822448736924613,0.2039959863156806,0.11095999976745574,0.0030147087398813,0.023772127389412923,0.044228840766944444,-0.8338021046517738,-0.009784587038540238,-0.08101322138677425,115.00300000000001,-195.43899999999996,-0.05000000000000071,0.25,-0.10000000000000053,0.0,0.0,-1.0,-0.06000000000000005,-0.5500000000000003,-0.21999999999999975,0.1200000000000001,-13.690000000000001,4.08,0.5299999999999998,2.3699999999999997,6443751.111,-0.027629630446549314,-0.0552904709914106,74,5,5,0,3,3,3,3,3.0,0,0,74,43,43
2025-07-21 00:00:00+00:00,321.5,4.33,2.03,4.44,3.88,120.7674,21942.0,20974.17,159724.0,213.666,4.1,16.65,6659273.0,296.247,2025-06-01 00:00:00+00:00,2025-07-18 00:00:00+00:00,2025-07-18 00:00:00+00:00,2025-07-18 00:00:00+00:00,2025-07-18 00:00:00+00:00,2025-07-18 00:00:00+00:00,2025-05-01 00:00:00+00:00,2025-07-21 00:00:00+00:00,2025-06-01 00:00:00+00:00,2025-07-21 00:00:00+00:00,2025-06-01 00:00:00+00:00,2025-07-21 00:00:00+00:00,2025-07-16 00:00:00+00:00,2025-07-16 00:00:00+00:00,-0.02105001078597546,-0.02240149482856868,0.01242764716510436,0.045624548357224626,0.0020431064821693212,0.006822448736924613,0.27880443694719226,0.1524994556095436,0.005880397219820033,0.026637815869351655,-0.3561384232975895,-0.9310013882155426,-0.010135757445835836,-0.07921546776465327,99.55199999999999,-182.235,0.10000000000000053,0.1900000000000004,-0.10000000000000053,0.0,0.0,-1.0,0.06999999999999984,-0.6100000000000003,-0.08000000000000007,0.09999999999999987,-17.17,1.7399999999999984,0.5600000000000005,2.4100000000000006,6445310.753,-0.025620441707641106,-0.05527336870534327,81,5,5,0,3,3,3,3,3.0,0,0,50,50,50
2025-07-28 00:00:00+00:00,321.5,4.33,1.96,4.4,3.91,120.4082,22020.8,21178.58,159724.0,170.463,4.1,15.03,6657715.0,323.176,2025-06-01 00:00:00+00:00,2025-07-25 00:00:00+00:00,2025-07-25 00:00:00+00:00,2025-07-25 00:00:00+00:00,2025-07-25 00:00:00+00:00,2025-07-25 00:00:00+00:00,2025-06-01 00:00:00+00:00,2025-07-28 00:00:00+00:00,2025-06-01 00:00:00+00:00,2025-07-28 00:00:00+00:00,2025-06-01 00:00:00+00:00,2025-07-28 00:00:00+00:00,2025-07-23 00:00:00+00:00,2025-07-23 00:00:00+00:00,-0.02328985284320062,-0.029282632221344862,0.011799156148823542,0.04628952421362342,0.0020431064821693212,0.006822448736924613,0.19846853604178705,0.19823419925268837,0.005880397219820033,0.026637815869351655,-0.629725280448894,-0.8737817010773616,-0.010342540572759518,-0.07906204545813367,21.813999999999993,-214.818,0.11000000000000032,0.20000000000000018,-0.10000000000000053,0.0,0.0,-1.0,0.16999999999999993,-0.4500000000000002,-0.06000000000000005,0.030000000000000027,-10.12,-1.570000000000002,0.4900000000000002,2.4400000000000004,6486928.824,-0.013892041276399425,-0.04998224318118716,57,5,5,0,3,3,3,3,3.0,0,0,57,57,57
2025-08-04 00:00:00+00:00,321.5,4.33,1.9,4.23,3.69,121.6148,22020.8,21053.58,159539.0,125.73,4.2,17.52,6642578.0,370.507,2025-06-01 00:00:00+00:00,2025-08-01 00:00:00+00:00,2025-08-01 00:00:00+00:00,2025-08-01 00:00:00+00:00,2025-08-01 00:00:00+00:00,2025-08-01 00:00:00+00:00,2025-06-01 00:00:00+00:00,2025-08-04 00:00:00+00:00,2025-07-01 00:00:00+00:00,2025-08-04 00:00:00+00:00,2025-07-01 00:00:00+00:00,2025-08-04 00:00:00+00:00,2025-07-30 00:00:00+00:00,2025-07-30 00:00:00+00:00,-0.010178683704802793,-0.017137218271317423,0.011799156148823542,0.04628952421362342,0.00013790682535308463,0.005127861875164896,0.1653898498521258,0.2271117859382521,0.005880397219820033,0.026637815869351655,-0.4749336709117875,-0.7527025840134884,-0.00999105440106618,-0.07757512208994832,1.0400000000000063,-190.51599999999996,-0.09999999999999964,0.4300000000000006,0.0,-0.09999999999999964,0.0,-1.0,-0.14000000000000012,-0.18999999999999995,-0.16000000000000014,0.1399999999999999,-6.120000000000001,-21.05,0.5400000000000005,2.3300000000000005,6516477.493,-0.01030716762674544,-0.05157148810766543,64,5,5,0,3,3,3,3,3.0,0,0,64,34,34
2025-08-11 00:00:00+00:00,321.5,4.33,1.88,4.27,3.76,120.7562,22020.8,21385.4,159539.0,82.214,4.2,16.25,6640843.0,421.043,2025-06-01 00:00:00+00:00,2025-08-08 00:00:00+00:00,2025-08-08 00:00:00+00:00,2025-08-08 00:00:00+00:00,2025-08-08 00:00:00+00:00,2025-08-08 00:00:00+00:00,2025-06-01 00:00:00+00:00,2025-08-11 00:00:00+00:00,2025-07-01 00:00:00+00:00,2025-08-11 00:00:00+00:00,2025-07-01 00:00:00+00:00,2025-08-11 00:00:00+00:00,2025-08-06 00:00:00+00:00,2025-08-06 00:00:00+00:00,-0.017426494375187396,-0.02000619292303618,0.011799156148823542,0.04628952421362342,0.00013790682535308463,0.005127861875164896,0.13373903246181307,0.24248439302423108,0.005880397219820033,0.026637815869351655,-0.32669844154472827,-0.6048639091611676,-0.01049251776916904,-0.07739952719049192,-65.291,-246.42700000000002,-0.10000000000000053,0.3299999999999996,0.0,-0.09999999999999964,0.0,-1.0,-0.1200000000000001,-0.29000000000000004,-0.20000000000000018,0.039999999999999813,-2.1400000000000006,-4.460000000000001,0.5099999999999998,2.3899999999999997,6558207.957,-0.000699994406986093,-0.0429243745488499,71,5,5,0,3,3,3,3,3.0,0,0,71,41,41
2025-08-18 00:00:00+00:00,322.132,4.33,1.95,4.33,3.75,120.7606,22020.8,21622.98,159539.0,38.24,4.2,14.99,6643615.0,504.304,2025-07-01 00:00:00+00:00,2025-08-15 00:00:00+00:00,2025-08-15 00:00:00+00:00,2025-08-15 00:00:00+00:00,2025-08-15 00:00:00+00:00,2025-08-15 00:00:00+00:00,2025-06-01 00:00:00+00:00,2025-08-15 00:00:00+00:00,2025-07-01 00:00:00+00:00,2025-08-18 00:00:00+00:00,2025-07-01 00:00:00+00:00,2025-08-18 00:00:00+00:00,2025-08-13 00:00:00+00:00,2025-08-13 00:00:00+00:00,-0.021595916240898738,-0.015886637544617166,0.011799156148823542,0.04628952421362342,0.00013790682535308463,0.005127861875164896,0.11804147468953907,0.1902545333934551,0.00563778143092275,0.027053592288089234,-0.1326610029995683,-0.45405532249102,-0.010429921563353872,-0.07732108258198878,-142.177,-295.343,-0.09999999999999964,0.43999999999999995,0.0,-0.09999999999999964,0.0,-1.0,-0.22999999999999998,-0.3099999999999996,-0.1399999999999999,0.1399999999999999,-3.1500000000000004,0.33999999999999986,0.5800000000000001,2.38,6604870.696,0.011051756700414472,-0.03546430020689684,78,5,5,0,3,3,3,3,3.0,0,3,48,48,48
2025-08-25 00:00:00+00:00,322.132,4.33,1.85,4.26,3.68,120.6974,22020.8,21449.29,159539.0,47.567,4.2,14.79,6618415.0,519.534,2025-07-01 00:00:00+00:00,2025-08-22 00:00:00+00:00,2025-08-22 00:00:00+00:00,2025-08-22 00:00:00+00:00,2025-08-22 00:00:00+00:00,2025-08-22 00:00:00+00:00,2025-06-01 00:00:00+00:00,2025-08-25 00:00:00+00:00,2025-07-01 00:00:00+00:00,2025-08-25 00:00:00+00:00,2025-07-01 00:00:00+00:00,2025-08-25 00:00:00+00:00,2025-08-20 00:00:00+00:00,2025-08-20 00:00:00+00:00,-0.022119402739115834,-0.008703708772081598,0.011799156148823542,0.04628952421362342,0.00013790682535308463,0.005127861875164896,0.1351801582688097,0.19067259580215357,0.00563778143092275,0.027053592288089234,0.032232747884893165,-0.34896883328658745,-0.010567507222502215,-0.07585013833975296,-107.274,-305.99,-0.28000000000000025,0.44999999999999973,0.0,-0.09999999999999964,0.0,-1.0,-0.31999999999999984,-0.21999999999999975,-0.3500000000000001,0.17000000000000015,-5.780000000000001,-1.3599999999999994,0.5799999999999996,2.4099999999999997,6570328.466,0.005639107969876989,-0.03224751571129225,85,5,5,0,3,3,3,3,3.0,0,0,55,55,55
2025-09-01 00:00:00+00:00,322.132,4.33,1.81,4.22,3.62,120.6974,22115.4,21455.55,159539.0,77.898,4.2,16.12,6603384.0,589.998,2025-07-01 00:00:00+00:00,2025-08-28 00:00:00+00:00,2025-08-28 00:00:00+00:00,2025-08-28 00:00:00+00:00,2025-08-28 00:00:00+00:00,2025-08-22 00:00:00+00:00,2025-07-01 00:00:00+00:00,2025-08-29 00:00:00+00:00,2025-07-01 00:00:00+00:00,2025-08-29 00:00:00+00:00,2025-07-01 00:00:00+00:00,2025-09-01 00:00:00+00:00,2025-08-27 00:00:00+00:00,2025-08-27 00:00:00+00:00,-0.011645518140918298,-0.008703708772081598,0.011501358083080504,0.0491646340140619,0.00013790682535308463,0.005127861875164896,0.10885626224209588,0.19164951796662777,0.00563778143092275,0.027053592288089234,0.23335315394230882,-0.23440670128769092,-0.010523853610585832,-0.07578015242045488,-57.94300000000001,-355.23199999999997,-0.1900000000000004,0.34999999999999964,0.0,-0.09999999999999964,0.0,-1.0,-0.27,-0.25,-0.2599999999999998,0.10000000000000009,-2.2399999999999984,0.5700000000000003,0.5999999999999996,2.4099999999999997,6524896.002,-0.0018435082607073383,-0.02489351095749015,62,5,5,3,4,4,4,4,10.0,0,3,62,62,62
2025-09-08 00:00:00+00:00,322.132,4.33,1.73,4.1,3.51,120.5394,22115.4,21798.7,159540.0,19.416,4.3,15.11,6602071.0,597.513,2025-07-01 00:00:00+00:00,2025-09-05 00:00:00+00:00,2025-09-05 00:00:00+00:00,2025-09-05 00:00:00+00:00,2025-09-05 00:00:00+00:00,2025-09-05 00:00:00+00:00,2025-07-01 00:00:00+00:00,2025-09-08 00:00:00+00:00,2025-08-01 00:00:00+00:00,2025-09-08 00:00:00+00:00,2025-08-01 00:00:00+00:00,2025-09-08 00:00:00+00:00,2025-09-03 00:00:00+00:00,2025-09-03 00:00:00+00:00,-0.008116177214706255,-0.01788384870223414,0.011501358083080504,0.0491646340140619,-0.00013161976947806409,0.004781376228271128,0.10676780743534309,0.2554483710978577,0.00563778143092275,0.027053592288089234,0.4553796872761424,-0.20567712785260106,-0.010668912454868007,-0.07447983175318207,-159.899,-272.742,-0.41000000000000014,0.37999999999999945,0.09999999999999964,0.09999999999999964,0.0,-1.0,-0.5300000000000002,-0.15000000000000036,-0.4700000000000002,0.040000000000000036,-2.0500000000000007,-4.34,0.5899999999999999,2.3699999999999997,6582057.487,0.01359328690387862,-0.0354644383185132,69,5,5,0,3,3,3,3,3.0,0,0,69,38,38
2025-09-15 00:00:00+00:00,323.364,4.33,1.7,4.06,3.56,120.4905,22115.4,22348.75,159540.0,16.954,4.3,15.69,6605962.0,672.274,2025-08-01 00:00:00+00:00,2025-09-12 00:00:00+00:00,2025-09-12 00:00:00+00:00,2025-09-12 00:00:00+00:00,2025-09-12 00:00:00+00:00,2025-09-12 00:00:00+00:00,2025-07-01 00:00:00+00:00,2025-09-15 00:00:00+00:00,2025-08-01 00:00:00+00:00,2025-09-15 00:00:00+00:00,2025-08-01 00:00:00+00:00,2025-09-15 00:00:00+00:00,2025-09-10 00:00:00+00:00,2025-09-10 00:00:00+00:00,-0.0018457441198691527,-0.01173512342786065,0.011501358083080504,0.0491646340140619,-0.00013161976947806409,0.004781376228271128,0.12609033590636542,0.23931874813613518,0.008646768494871893,0.0290003616942478,0.7028028238203552,-0.11731982356491155,-0.010719424018860835,-0.0742327974842425,-123.80499999999998,-222.432,-0.35000000000000053,0.39999999999999947,0.09999999999999964,0.09999999999999964,0.0,-1.0,-0.3999999999999999,-0.009999999999999787,-0.42999999999999994,0.11999999999999988,-3.42,-1.450000000000001,0.49999999999999956,2.3599999999999994,6588335.726,0.007965760584802695,-0.04257036911293888,76,5,5,0,3,3,3,3,3.0,0,0,45,45,45
2025-09-22 00:00:00+00:00,323.364,4.08,1.75,4.14,3.57,120.2166,22115.4,22788.98,159540.0,14.173,4.3,16.1,6608597.0,756.376,2025-08-01 00:00:00+00:00,2025-09-19 00:00:00+00:00,2025-09-19 00:00:00+00:00,2025-09-19 00:00:00+00:00,2025-09-19 00:00:00+00:00,2025-09-19 00:00:00+00:00,2025-07-01 00:00:00+00:00,2025-09-22 00:00:00+00:00,2025-08-01 00:00:00+00:00,2025-09-22 00:00:00+00:00,2025-08-01 00:00:00+00:00,2025-09-22 00:00:00+00:00,2025-09-17 00:00:00+00:00,2025-09-17 00:00:00+00:00,-0.009886368348648311,-0.011995154653144269,0.011501358083080504,0.0491646340140619,-0.00013161976947806409,0.004781376228271128,0.14916866455432753,0.23733579496248858,0.008646768494871893,0.0290003616942478,0.8061971015903717,-0.019401356145950288,-0.010904681712828435,-0.07300948093370785,-151.146,-366.199,-0.2400000000000002,0.4099999999999997,0.09999999999999964,0.09999999999999964,-0.25,-0.75,-0.33000000000000007,0.020000000000000018,-0.2999999999999998,0.16999999999999993,-3.729999999999997,0.21000000000000085,0.5699999999999998,2.3899999999999997,6593667.624,0.01194124904056082,-0.020167264484372893,83,5,5,0,3,3,3,3,3.0,0,0,52,52,52
2025-09-29 00:00:00+00:00,323.364,4.09,1.82,4.2,3.63,120.8615,22195.4,22591.15,159540.0,56.22,4.3,16.12,6608395.0,804.856,2025-08-01 00:00:00+00:00,2025-09-26 00:00:00+00:00,2025-09-26 00:00:00+00:00,2025-09-26 00:00:00+00:00,2025-09-26 00:00:00+00:00,2025-09-26 00:00:00+00:00,2025-08-01 00:00:00+00:00,2025-09-29 00:00:00+00:00,2025-08-01 00:00:00+00:00,2025-09-29 00:00:00+00:00,2025-08-01 00:00:00+00:00,2025-09-29 00:00:00+00:00,2025-09-24 00:00:00+00:00,2025-09-24 00:00:00+00:00,0.006498733547338098,-0.004083112797525601,0.011482451805347793,0.04706854222385637,-0.00013161976947806409,0.004781376228271128,0.10350826130093793,0.2167318746431217,0.008646768494871893,0.0290003616942478,0.7924798223249381,-0.002376481532356145,-0.008108949874358728,-0.06894143054302226,-404.51099999999997,-409.418,-0.08999999999999986,0.4500000000000002,0.09999999999999964,0.09999999999999964,-0.2400000000000002,-0.7400000000000002,-0.10000000000000009,0.08000000000000007,-0.17999999999999994,0.21999999999999997,-0.6099999999999994,-0.6099999999999994,0.5700000000000003,2.38,6551370.144,0.05494676855760261,-0.009456076368088873,59,5,5,0,3,3,3,3,3.0,0,0,59,59,59
2025-10-06 00:00:00+00:00,323.364,4.09,1.8,4.13,3.58,120.5163,22195.4,22941.67,159540.0,21.776,4.3,16.37,6587119.0,805.139,2025-08-01 00:00:00+00:00,2025-10-03 00:00:00+00:00,2025-10-03 00:00:00+00:00,2025-10-03 00:00:00+00:00,2025-10-03 00:00:00+00:00,2025-10-03 00:00:00+00:00,2025-08-01 00:00:00+00:00,2025-10-06 00:00:00+00:00,2025-08-01 00:00:00+00:00,2025-10-06 00:00:00+00:00,2025-08-01 00:00:00+00:00,2025-10-06 00:00:00+00:00,2025-10-01 00:00:00+00:00,2025-10-01 00:00:00+00:00,0.007065442964719892,-0.015944719318325973,0.011482451805347793,0.04706854222385637,-0.0011526512251425203,0.002730312857440964,0.11680646956869367,0.2468198898600633,0.008646768494871893,0.0290003616942478,0.8062562508907085,0.008559278307277651,-0.010943046987453187,-0.06747527607879178,-196.254,-301.17199999999997,-0.21999999999999975,0.1499999999999999,0.20000000000000018,0.20000000000000018,-0.2400000000000002,-0.7400000000000002,-0.2999999999999998,-0.3500000000000001,-0.21999999999999997,0.050000000000000044,-1.4199999999999982,-6.27,0.5499999999999998,2.33,6564537.861,0.018965935606198414,-0.023878956037396648,66,5,5,0,3,3,3,3,3.0,0,0,66,66,66
2025-10-13 00:00:00+00:00,323.364,4.1,1.8,4.14,3.6,120.5163,22195.4,22694.61,159540.0,4.124,4.3,19.03,6590815.0,807.428,2025-08-01 00:00:00+00:00,2025-10-09 00:00:00+00:00,2025-10-09 00:00:00+00:00,2025-10-09 00:00:00+00:00,2025-10-09 00:00:00+00:00,2025-10-03 00:00:00+00:00,2025-08-01 00:00:00+00:00,2025-10-13 00:00:00+00:00,2025-08-01 00:00:00+00:00,2025-10-10 00:00:00+00:00,2025-08-01 00:00:00+00:00,2025-10-13 00:00:00+00:00,2025-10-08 00:00:00+00:00,2025-10-08 00:00:00+00:00,0.0015021694596049073,-0.015944719318325973,0.011482451805347793,0.04706854222385637,-0.0011526512251425203,0.002730312857440964,0.0948805225012812,0.2042113244395818,0.008646768494871893,0.027203307424651157,0.9258798264160468,0.006601897926640454,-0.010729517339482797,-0.06690227629180612,-213.717,-327.611,-0.29000000000000004,0.04999999999999982,0.20000000000000018,0.20000000000000018,-0.23000000000000043,-0.7300000000000004,-0.2999999999999998,-0.3799999999999999,-0.26,0.040000000000000036,1.8300000000000018,-0.6699999999999982,0.5399999999999996,2.34,6585883.572,0.021817664494593103,-0.01931150429905948,73,5,5,3,4,4,4,4,10.0,0,0,73,73,73
2025-10-20 00:00:00+00:00,323.364,4.11,1.75,4.02,3.46,121.1218,22195.4,22990.54,159540.0,5.931,4.3,18.23,6596454.0,809.593,2025-08-01 00:00:00+00:00,2025-10-17 00:00:00+00:00,2025-10-17 00:00:00+00:00,2025-10-17 00:00:00+00:00,2025-10-17 00:00:00+00:00,2025-10-17 00:00:00+00:00,2025-08-01 00:00:00+00:00,2025-10-20 00:00:00+00:00,2025-08-01 00:00:00+00:00,2025-10-20 00:00:00+00:00,2025-08-01 00:00:00+00:00,2025-10-20 00:00:00+00:00,2025-10-15 00:00:00+00:00,2025-10-15 00:00:00+00:00,0.0029302693430484084,-0.024702721291327556,0.011482451805347793,0.04706854222385637,-0.0011526512251425203,0.002730312857440964,0.09179114631992746,0.21515226683477984,0.00578108001493316,0.027203307424651157,1.0053380864349748,0.02223292119127951,-0.00947808751244672,-0.0649742285298398,-207.73499999999999,-255.11299999999997,-0.4200000000000008,-0.0600000000000005,0.20000000000000018,0.20000000000000018,-0.21999999999999975,-0.7199999999999998,-0.41999999999999993,-0.4900000000000002,-0.2799999999999998,-0.020000000000000018,1.5800000000000018,-0.14000000000000057,0.5599999999999996,2.2699999999999996,6589713.407,0.022157007129052886,-0.02809080211129178,80,5,5,0,3,3,3,3,3.0,0,0,80,80,80
2025-10-27 00:00:00+00:00,324.368,4.11,1.73,4.02,3.48,121.342,22195.4,23637.46,159540.0,10.642,4.3,16.37,6589533.0,908.001,2025-09-01 00:00:00+00:00,2025-10-24 00:00:00+00:00,2025-10-24 00:00:00+00:00,2025-10-24 00:00:00+00:00,2025-10-24 00:00:00+00:00,2025-10-24 00:00:00+00:00,2025-08-01 00:00:00+00:00,2025-10-27 00:00:00+00:00,2025-08-01 00:00:00+00:00,2025-10-27 00:00:00+00:00,2025-08-01 00:00:00+00:00,2025-10-24 00:00:00+00:00,2025-10-22 00:00:00+00:00,2025-10-22 00:00:00+00:00,0.007725368121277221,-0.02843433076509605,0.007897598957516294,0.044884378189596674,-0.0011526512251425203,0.002730312857440964,0.10984244821261413,0.24143669717437533,0.008881130048163932,0.03030335745788193,1.0330484134582942,0.08983062256391339,-0.01029385153281659,-0.06462001069386503,-159.821,-240.39000000000001,-0.3800000000000008,-0.23000000000000043,0.20000000000000018,0.20000000000000018,-0.21999999999999975,-0.7199999999999998,-0.43000000000000016,-0.6300000000000003,-0.22999999999999998,-0.22999999999999998,1.3400000000000016,-3.4299999999999997,0.5399999999999996,2.2899999999999996,6577982.999,0.013938961166671149,-0.02988692761961964,87,5,5,0,3,3,3,3,3.0,3,0,56,87,87
2025-11-03 00:00:00+00:00,324.368,3.86,1.81,4.11,3.6,121.7715,22212.5,23724.96,159540.0,23.792,4.3,17.44,6587034.0,957.99,2025-09-01 00:00:00+00:00,2025-10-31 00:00:00+00:00,2025-10-31 00:00:00+00:00,2025-10-31 00:00:00+00:00,2025-10-31 00:00:00+00:00,2025-10-31 00:00:00+00:00,2025-09-01 00:00:00+00:00,2025-10-31 00:00:00+00:00,2025-08-01 00:00:00+00:00,2025-11-03 00:00:00+00:00,2025-08-01 00:00:00+00:00,2025-10-31 00:00:00+00:00,2025-10-29 00:00:00+00:00,2025-10-29 00:00:00+00:00,0.00128766509579048,-0.026489747594540702,0.00866773223764028,0.04565451146972066,6.2680402042047945e-06,0.0033590262163034623,0.11945704158250159,0.2662066698706056,0.008881130048163932,0.03030335745788193,0.9499650015580405,0.13712182258961114,-0.008396969822358713,-0.06273226602760751,-101.938,-148.093,-0.1200000000000001,-0.2599999999999998,0.09999999999999964,0.20000000000000018,-0.4700000000000002,-0.9700000000000002,-0.08999999999999986,-0.6099999999999999,-0.08999999999999986,-0.22999999999999998,-0.0799999999999983,-4.539999999999999,0.5100000000000002,2.3000000000000003,6562284.01,0.0070047464794509295,-0.041561549138576126,63,5,5,0,3,3,3,3,3.0,3,3,63,94,94
2025-11-10 00:00:00+00:00,324.368,3.87,1.83,4.11,3.55,121.7835,22212.5,23527.17,159540.0,7.152,4.3,19.08,6572732.0,940.979,2025-09-01 00:00:00+00:00,2025-11-07 00:00:00+00:00,2025-11-07 00:00:00+00:00,2025-11-07 00:00:00+00:00,2025-11-07 00:00:00+00:00,2025-11-07 00:00:00+00:00,2025-09-01 00:00:00+00:00,2025-11-10 00:00:00+00:00,2025-08-01 00:00:00+00:00,2025-11-10 00:00:00+00:00,2025-08-01 00:00:00+00:00,2025-11-07 00:00:00+00:00,2025-11-05 00:00:00+00:00,2025-11-05 00:00:00+00:00,0.008471241148657604,-0.02639120722370336,0.00866773223764028,0.04565451146972066,6.2680402042047945e-06,0.0033590262163034623,0.09544747730931746,0.19811507837067488,0.008881130048163932,0.03030335745788193,0.8041858564180844,0.11108024017268736,-0.010309337669665908,-0.06216581306521718,-75.062,-156.46900000000002,-0.15999999999999925,-0.1999999999999993,0.09999999999999964,0.20000000000000018,-0.45999999999999996,-0.96,-0.20999999999999996,-0.6600000000000001,-0.04999999999999982,-0.1499999999999999,2.8299999999999983,4.109999999999998,0.5600000000000005,2.2800000000000002,6564639.021,0.0009801325163074637,-0.03960313324813747,70,5,5,0,3,3,3,3,3.0,3,0,70,101,101
2025-11-17 00:00:00+00:00,324.368,3.88,1.86,4.14,3.62,121.363,22212.5,22708.07,159540.0,3.172,4.3,19.83,6580462.0,953816.0,2025-09-01 00:00:00+00:00,2025-11-14 00:00:00+00:00,2025-11-14 00:00:00+00:00,2025-11-14 00:00:00+00:00,2025-11-14 00:00:00+00:00,2025-11-14 00:00:00+00:00,2025-09-01 00:00:00+00:00,2025-11-17 00:00:00+00:00,2025-08-01 00:00:00+00:00,2025-11-17 00:00:00+00:00,2025-08-01 00:00:00+00:00,2025-11-14 00:00:00+00:00,2025-11-12 00:00:00+00:00,2025-11-12 00:00:00+00:00,0.004975981217618219,-0.04620464590566353,0.00866773223764028,0.04565451146972066,6.2680402042047945e-06,0.0033590262163034623,0.04896372986749142,0.1892992312976851,0.006917274294810483,0.027865802691426467,7.545046798872946,7.044170086182585,-0.009551287413804843,-0.05709526194008774,-35.068000000000005,-196.858,-0.1900000000000004,-0.29000000000000004,0.09999999999999964,0.20000000000000018,-0.4500000000000002,-0.7000000000000002,-0.1299999999999999,-0.6899999999999995,-0.08999999999999986,-0.24,4.839999999999998,4.249999999999998,0.5199999999999996,2.2799999999999994,5623474.0,-0.16085773870222653,-0.18499677807396786,77,5,5,0,3,3,3,3,3.0,3,0,77,108,108
2025-11-24 00:00:00+00:00,324.368,3.88,1.82,4.06,3.51,122.235,22212.5,22872.01,159626.0,1.077,4.4,23.43,6555283.0,941926.0,2025-09-01 00:00:00+00:00,2025-11-21 00:00:00+00:00,2025-11-21 00:00:00+00:00,2025-11-21 00:00:00+00:00,2025-11-21 00:00:00+00:00,2025-11-21 00:00:00+00:00,2025-09-01 00:00:00+00:00,2025-11-24 00:00:00+00:00,2025-09-01 00:00:00+00:00,2025-11-24 00:00:00+00:00,2025-09-01 00:00:00+00:00,2025-11-21 00:00:00+00:00,2025-11-19 00:00:00+00:00,2025-11-19 00:00:00+00:00,0.012658834579588607,-0.04349007272408567,0.00866773223764028,0.04565451146972066,0.0005451725731511203,0.003897930749250378,0.06422234764262491,0.1825932794926004,0.006917274294810483,0.027865802691426467,7.502749738266124,7.133114567500746,-0.00958462586607034,-0.05468349674976558,-46.49,-185.672,-0.20000000000000018,-0.35000000000000053,0.20000000000000018,0.3000000000000007,-0.4500000000000002,-0.7000000000000002,-0.17000000000000037,-0.8600000000000003,-0.030000000000000027,-0.24999999999999978,8.64,8.83,0.5499999999999998,2.2399999999999993,5612280.0,-0.15760677198994344,-0.182543386021651,84,5,5,0,3,3,3,3,3.0,3,0,84,84,84
2025-12-01 00:00:00+00:00,324.368,3.89,1.79,4.02,3.47,121.4288,22298.1,23275.92,159626.0,3.24,4.4,16.35,6552419.0,903394.0,2025-09-01 00:00:00+00:00,2025-11-28 00:00:00+00:00,2025-11-28 00:00:00+00:00,2025-11-28 00:00:00+00:00,2025-11-28 00:00:00+00:00,2025-11-28 00:00:00+00:00,2025-10-01 00:00:00+00:00,2025-12-01 00:00:00+00:00,2025-09-01 00:00:00+00:00,2025-12-01 00:00:00+00:00,2025-09-01 00:00:00+00:00,2025-11-28 00:00:00+00:00,2025-11-26 00:00:00+00:00,2025-11-26 00:00:00+00:00,0.006041495919514084,-0.04337286054443812,0.008227274614670321,0.045268716926582186,0.0005451725731511203,0.003897930749250378,0.0814359966068281,0.18194269618048864,0.006917274294810483,0.027865802691426467,7.333794913540808,7.0607285026237605,-0.007747950460384345,-0.052431767373635196,-74.658,-132.618,-0.20000000000000018,-0.16000000000000014,0.20000000000000018,0.3000000000000007,-0.43999999999999995,-0.69,-0.1499999999999999,-0.6599999999999997,-0.020000000000000018,-0.1299999999999999,0.23000000000000043,3.0100000000000016,0.5499999999999994,2.2299999999999995,5645785.0,-0.14471576564137933,-0.1813712448604008,61,5,5,0,3,3,3,3,3.0,3,0,91,91,91
2025-12-08 00:00:00+00:00,324.368,3.89,1.88,4.14,3.56,121.0615,22298.1,23545.9,159626.0,1.703,4.4,16.66,6535781.0,937167.0,2025-09-01 00:00:00+00:00,2025-12-05 00:00:00+00:00,2025-12-05 00:00:00+00:00,2025-12-05 00:00:00+00:00,2025-12-05 00:00:00+00:00,2025-12-05 00:00:00+00:00,2025-10-01 00:00:00+00:00,2025-12-08 00:00:00+00:00,2025-09-01 00:00:00+00:00,2025-12-08 00:00:00+00:00,2025-09-01 00:00:00+00:00,2025-12-08 00:00:00+00:00,2025-12-03 00:00:00+00:00,2025-12-03 00:00:00+00:00,0.0043220104952057525,-0.04731422496352877,0.008227274614670321,0.045268716926582186,0.0005389045329469155,0.0021196945041968007,0.07710137265172534,0.1764723675335187,0.006917274294810483,0.027865802691426467,7.357840732837087,7.079196674246764,-0.010091537425655162,-0.05362459577535361,-17.713,-151.326,0.040000000000000036,-0.010000000000000675,0.10000000000000053,0.20000000000000018,-0.43999999999999995,-0.69,0.050000000000000266,-0.5399999999999996,0.1499999999999999,-0.030000000000000027,1.5500000000000007,2.4700000000000006,0.5799999999999996,2.26,5596911.0,-0.16213254604738658,-0.18614303678432087,68,5,5,0,3,3,3,3,3.0,0,0,98,98,98
2025-12-15 00:00:00+00:00,324.368,3.64,1.93,4.19,3.52,120.5383,22298.1,23057.41,159626.0,2.601,4.4,16.5,6539303.0,858946.0,2025-09-01 00:00:00+00:00,2025-12-12 00:00:00+00:00,2025-12-12 00:00:00+00:00,2025-12-12 00:00:00+00:00,2025-12-12 00:00:00+00:00,2025-12-12 00:00:00+00:00,2025-10-01 00:00:00+00:00,2025-12-15 00:00:00+00:00,2025-09-01 00:00:00+00:00,2025-12-15 00:00:00+00:00,2025-09-01 00:00:00+00:00,2025-12-15 00:00:00+00:00,2025-12-10 00:00:00+00:00,2025-12-10 00:00:00+00:00,0.0003966331046472149,-0.05659499480424213,0.008227274614670321,0.045268716926582186,0.0005389045329469155,0.0021196945041968007,0.03121680175096131,0.13359799877978062,0.0031000500332307723,0.024741863420891796,7.1527953396794715,7.010511857965746,-0.01014198973965108,-0.05332626753991043,-14.353000000000002,-108.152,0.13000000000000078,-0.20999999999999996,0.10000000000000053,0.20000000000000018,-0.69,-0.94,-0.040000000000000036,-0.73,0.22999999999999998,-0.1399999999999999,0.8100000000000005,1.8100000000000005,0.6700000000000004,2.2600000000000007,5677756.0,-0.1487446869980431,-0.17829923564368322,75,5,5,0,3,3,3,3,3.0,0,0,105,105,105
2025-12-22 00:00:00+00:00,325.031,3.64,1.92,4.16,3.48,120.5571,22298.1,23428.83,159552.0,1.523,4.6,14.08,6556861.0,833093.0,2025-11-01 00:00:00+00:00,2025-12-19 00:00:00+00:00,2025-12-19 00:00:00+00:00,2025-12-19 00:00:00+00:00,2025-12-19 00:00:00+00:00,2025-12-19 00:00:00+00:00,2025-10-01 00:00:00+00:00,2025-12-22 00:00:00+00:00,2025-11-01 00:00:00+00:00,2025-12-22 00:00:00+00:00,2025-11-01 00:00:00+00:00,2025-12-22 00:00:00+00:00,2025-12-17 00:00:00+00:00,2025-12-17 00:00:00+00:00,0.002828383889046826,-0.061008500918697806,0.008227274614670321,0.045268716926582186,7.521341810878823e-05,0.0016560033893586734,0.027690229509493847,0.1700601839535576,0.0051419387036917286,0.026783752091352753,7.004361952537908,6.989199372014081,-0.007859394836268407,-0.04946214588304798,-12.65,-114.48100000000001,0.020000000000000462,-0.35999999999999943,0.2999999999999998,0.39999999999999947,-0.43999999999999995,-0.69,-0.08999999999999986,-0.8199999999999998,0.16999999999999993,-0.31000000000000005,-2.0200000000000014,-2.700000000000001,0.6800000000000002,2.24,5722245.0,-0.1417485266475751,-0.1685179534280099,82,5,5,0,3,3,3,3,3.0,0,0,51,51,51
2025-12-29 00:00:00+00:00,325.031,3.64,1.91,4.14,3.46,119.8529,22322.4,23474.35,159552.0,10.551,4.6,14.2,6581231.0,837120.0,2025-11-01 00:00:00+00:00,2025-12-26 00:00:00+00:00,2025-12-26 00:00:00+00:00,2025-12-26 00:00:00+00:00,2025-12-26 00:00:00+00:00,2025-12-26 00:00:00+00:00,2025-11-01 00:00:00+00:00,2025-12-29 00:00:00+00:00,2025-11-01 00:00:00+00:00,2025-12-29 00:00:00+00:00,2025-11-01 00:00:00+00:00,2025-12-29 00:00:00+00:00,2025-12-24 00:00:00+00:00,2025-12-24 00:00:00+00:00,-0.00838010441004755,-0.0711972008431987,0.005705598413584312,0.0399779076120339,7.521341810878823e-05,0.0016560033893586734,0.03835009901473896,0.18617204873949333,0.0051419387036917286,0.026783752091352753,6.947059328941166,6.99814757334445,-0.004119000554789309,-0.04526318177444111,-45.669,-250.192,-0.0600000000000005,-0.4800000000000004,0.2999999999999998,0.39999999999999947,-0.44999999999999973,-0.69,-0.16999999999999993,-0.8499999999999996,0.08999999999999986,-0.3699999999999999,-1.9200000000000017,-3.1999999999999993,0.6799999999999997,2.2299999999999995,5733560.0,-0.13333758080813674,-0.14443150980376274,58,5,5,0,3,3,3,3,3.0,0,0,58,58,58
2026-01-05 00:00:00+00:00,325.031,3.64,1.94,4.19,3.47,119.9876,22322.4,23395.82,159552.0,6.485,4.6,14.9,6640618.0,837306.0,2025-11-01 00:00:00+00:00,2026-01-02 00:00:00+00:00,2026-01-02 00:00:00+00:00,2026-01-02 00:00:00+00:00,2026-01-02 00:00:00+00:00,2026-01-02 00:00:00+00:00,2025-11-01 00:00:00+00:00,2026-01-05 00:00:00+00:00,2025-11-01 00:00:00+00:00,2026-01-05 00:00:00+00:00,2025-11-01 00:00:00+00:00,2026-01-05 00:00:00+00:00,2025-12-31 00:00:00+00:00,2025-12-31 00:00:00+00:00,-0.004396609382674832,-0.07762055227662756,0.005705598413584312,0.0399779076120339,7.521341810878823e-05,0.0016560033893586734,0.019602466271750885,0.1635989914581586,0.0051419387036917286,0.026783752091352753,6.946929940737081,7.058870066494348,0.008088956063819097,-0.03140720435812483,-15.291,-225.44099999999997,0.0600000000000005,-0.40999999999999925,0.2999999999999998,0.39999999999999947,-0.44999999999999973,-0.69,-0.10999999999999988,-0.81,0.1399999999999999,-0.31999999999999984,-1.4700000000000006,-1.1399999999999988,0.7200000000000002,2.2500000000000004,5796827.0,-0.12437141202287627,-0.13276127607223387,65,5,5,0,3,3,3,3,3.0,0,0,65,65,65
2026-01-12 00:00:00+00:00,325.031,3.64,1.9,4.18,3.54,120.5856,22322.4,23733.9,159526.0,3.402,4.4,15.12,6573602.0,796148.0,2025-11-01 00:00:00+00:00,2026-01-09 00:00:00+00:00,2026-01-09 00:00:00+00:00,2026-01-09 00:00:00+00:00,2026-01-09 00:00:00+00:00,2026-01-09 00:00:00+00:00,2025-11-01 00:00:00+00:00,2026-01-12 00:00:00+00:00,2025-12-01 00:00:00+00:00,2026-01-12 00:00:00+00:00,2025-12-01 00:00:00+00:00,2026-01-12 00:00:00+00:00,2026-01-07 00:00:00+00:00,2026-01-07 00:00:00+00:00,0.0005748606867754802,-0.07556911382111764,0.005705598413584312,0.0399779076120339,-8.775613828504447e-05,-6.268374173856728e-05,0.04477695451035402,0.21783930163389442,0.0051419387036917286,0.026783752091352753,6.893686490157216,7.106520830594695,-0.002615081216202242,-0.0417054179619889,-0.7219999999999995,-180.26700000000002,0.040000000000000036,-0.5899999999999999,0.10000000000000053,0.3000000000000007,-0.4599999999999995,-0.69,-0.06000000000000005,-0.8600000000000003,0.09999999999999987,-0.43999999999999995,-3.910000000000002,-4.070000000000002,0.6399999999999997,2.28,5774052.0,-0.13155441860418549,-0.14413067835968896,72,5,5,0,3,3,3,3,3.0,0,0,72,42,42
2026-01-19 00:00:00+00:00,326.03,3.64,1.88,4.17,3.56,120.5856,22322.4,23515.39,159526.0,1.222,4.4,18.84,6581700.0,779175.0,2025-12-01 00:00:00+00:00,2026-01-15 00:00:00+00:00,2026-01-15 00:00:00+00:00,2026-01-15 00:00:00+00:00,2026-01-15 00:00:00+00:00,2026-01-09 00:00:00+00:00,2025-11-01 00:00:00+00:00,2026-01-16 00:00:00+00:00,2025-12-01 00:00:00+00:00,2026-01-16 00:00:00+00:00,2025-12-01 00:00:00+00:00,2026-01-19 00:00:00+00:00,2026-01-14 00:00:00+00:00,2026-01-14 00:00:00+00:00,-0.004436776694388023,-0.07556911382111764,0.005705598413584312,0.0399779076120339,-8.775613828504447e-05,-6.268374173856728e-05,0.022572273445399915,0.1805859036944124,0.008210777979980044,0.02592907586491222,6.869459294356079,7.102610537236626,-0.0022391612914098857,-0.03762732591278528,-4.709,-117.105,0.15000000000000036,-0.4400000000000004,0.10000000000000053,0.3000000000000007,-0.4700000000000002,-0.69,0.10000000000000009,-0.6700000000000004,0.1299999999999999,-0.31000000000000005,0.6099999999999994,3.0299999999999994,0.6099999999999999,2.29,5801303.0,-0.1274273110007904,-0.1462764387330946,79,5,5,3,4,4,4,4,10.0,0,3,49,49,49
2026-01-26 00:00:00+00:00,326.03,3.64,1.92,4.24,3.6,119.2855,22322.4,23601.36,159526.0,1.489,4.4,16.15,6584580.0,869261.0,2025-12-01 00:00:00+00:00,2026-01-23 00:00:00+00:00,2026-01-23 00:00:00+00:00,2026-01-23 00:00:00+00:00,2026-01-23 00:00:00+00:00,2026-01-23 00:00:00+00:00,2025-11-01 00:00:00+00:00,2026-01-26 00:00:00+00:00,2025-12-01 00:00:00+00:00,2026-01-26 00:00:00+00:00,2025-12-01 00:00:00+00:00,2026-01-26 00:00:00+00:00,2026-01-21 00:00:00+00:00,2026-01-21 00:00:00+00:00,-0.01709322560241766,-0.06803319984541911,0.005705598413584312,0.0399779076120339,-8.775613828504447e-05,-6.268374173856728e-05,-0.0015284042669794218,0.1990342293971601,0.005110727946749272,0.02592907586491222,6.8641532244550545,7.15731097462065,-0.0007519292165429903,-0.036851775223672334,-9.152999999999999,-91.374,0.22000000000000064,-0.3899999999999997,0.10000000000000053,0.3000000000000007,-0.4700000000000002,-0.69,0.1200000000000001,-0.6699999999999995,0.18999999999999995,-0.28000000000000025,-0.22000000000000242,-1.75,0.6400000000000001,2.3200000000000003,5713830.0,-0.14083861136093034,-0.16490620136027268,86,5,5,0,3,3,3,3,3.0,0,0,56,56,56
2026-02-02 00:00:00+00:00,326.03,3.64,1.9,4.26,3.52,117.8996,22411.0,23592.11,159526.0,10.415,4.4,16.34,6587568.0,923042.0,2025-12-01 00:00:00+00:00,2026-01-30 00:00:00+00:00,2026-01-30 00:00:00+00:00,2026-01-30 00:00:00+00:00,2026-01-30 00:00:00+00:00,2026-01-30 00:00:00+00:00,2025-12-01 00:00:00+00:00,2026-02-02 00:00:00+00:00,2025-12-01 00:00:00+00:00,2026-02-02 00:00:00+00:00,2025-12-01 00:00:00+00:00,2026-02-02 00:00:00+00:00,2026-01-28 00:00:00+00:00,2026-01-28 00:00:00+00:00,-0.0323129229161605,-0.08740669175868199,0.008896716272680294,0.03992811604121016,-8.775613828504447e-05,-6.268374173856728e-05,-0.005615324409726341,0.1960537869210892,0.005110727946749272,0.02592907586491222,6.870592676738687,7.070758275303334,8.106506751381914e-05,-0.03440921767623628,-13.377000000000002,-87.36600000000001,0.14999999999999947,-0.3200000000000003,0.10000000000000053,0.3000000000000007,-0.21999999999999975,-0.69,-0.08000000000000007,-0.6999999999999997,0.08999999999999986,-0.26000000000000023,-1.1000000000000014,-2.280000000000001,0.7399999999999998,2.36,5654111.0,-0.1489558234166548,-0.17264883228102512,63,5,5,0,3,3,3,3,3.0,0,0,63,63,63
2026-02-09 00:00:00+00:00,326.03,3.64,1.88,4.22,3.5,118.2407,22411.0,23238.67,159526.0,1.306,4.4,17.36,6605909.0,908773.0,2025-12-01 00:00:00+00:00,2026-02-06 00:00:00+00:00,2026-02-06 00:00:00+00:00,2026-02-06 00:00:00+00:00,2026-02-06 00:00:00+00:00,2026-02-06 00:00:00+00:00,2025-12-01 00:00:00+00:00,2026-02-09 00:00:00+00:00,2025-12-01 00:00:00+00:00,2026-02-09 00:00:00+00:00,2025-12-01 00:00:00+00:00,2026-02-09 00:00:00+00:00,2026-02-04 00:00:00+00:00,2026-02-04 00:00:00+00:00,-0.029522500774135985,-0.08409640330666512,0.008896716272680294,0.03992811604121016,-8.775613828504447e-05,0.002868847994706769,-0.01233822208240376,0.1644749624302868,0.005110727946749272,0.02592907586491222,6.872929794348665,7.0282719648098135,0.0050349759264403104,-0.0305648573099635,-5.846,-98.34700000000001,0.10999999999999943,-0.27000000000000046,0.10000000000000053,0.40000000000000036,-0.22999999999999998,-0.69,-0.04999999999999982,-0.79,0.04999999999999982,-0.18999999999999995,-1.7199999999999989,1.549999999999999,0.7199999999999998,2.34,5695830.0,-0.1419631927073386,-0.16393561985747773,70,5,5,0,3,3,3,3,3.0,0,0,70,70,70
2026-02-16 00:00:00+00:00,326.588,3.64,1.8,4.09,3.47,118.2407,22411.0,22546.67,158627.0,0.377,4.3,21.2,6622382.0,915306.0,2026-01-01 00:00:00+00:00,2026-02-12 00:00:00+00:00,2026-02-12 00:00:00+00:00,2026-02-12 00:00:00+00:00,2026-02-12 00:00:00+00:00,2026-02-06 00:00:00+00:00,2025-12-01 00:00:00+00:00,2026-02-13 00:00:00+00:00,2026-01-01 00:00:00+00:00,2026-02-13 00:00:00+00:00,2026-01-01 00:00:00+00:00,2026-02-16 00:00:00+00:00,2026-02-11 00:00:00+00:00,2026-02-11 00:00:00+00:00,-0.026063677231790372,-0.08409640330666512,0.008896716272680294,0.03992811604121016,-0.005739140174883417,-0.0027825360418916034,-0.007132984714013801,0.1185175046423641,0.0068207639432325,0.023238778741258237,-0.04121234513162442,7.007877379375191,0.006350168322416749,-0.02845272222192996,-2.795,-58.393,-0.04999999999999982,-0.4299999999999997,0.0,0.2999999999999998,-0.23999999999999977,-0.69,-0.1499999999999999,-0.8399999999999994,-0.06000000000000005,-0.28,1.370000000000001,5.83,0.6199999999999997,2.29,5706699.0,0.01469112552117835,-0.1684815737298102,77,5,5,3,4,4,4,4,10.0,0,3,46,46,46
2026-02-23 00:00:00+00:00,326.588,3.64,1.8,4.08,3.48,117.9917,22411.0,22627.27,158627.0,0.877,4.3,21.01,6613395.0,912727.0,2026-01-01 00:00:00+00:00,2026-02-20 00:00:00+00:00,2026-02-20 00:00:00+00:00,2026-02-20 00:00:00+00:00,2026-02-20 00:00:00+00:00,2026-02-20 00:00:00+00:00,2025-12-01 00:00:00+00:00,2026-02-23 00:00:00+00:00,2026-01-01 00:00:00+00:00,2026-02-23 00:00:00+00:00,2026-01-01 00:00:00+00:00,2026-02-23 00:00:00+00:00,2026-02-18 00:00:00+00:00,2026-02-18 00:00:00+00:00,-0.03533113843158109,-0.07615607809414282,0.008896716272680294,0.03992811604121016,-0.0062780447078303325,-0.0027825360418916034,-0.010758076190890975,0.159728670097401,0.0068207639432325,0.023238778741258237,-0.031489893584865314,7.052080677230409,0.008825848307921547,-0.025223857874541622,-0.19999999999999996,-75.941,0.020000000000000462,-0.33999999999999986,-0.10000000000000053,0.2999999999999998,-0.23999999999999977,-0.69,-0.029999999999999805,-0.7100000000000004,-0.020000000000000018,-0.19999999999999996,-2.419999999999998,2.030000000000001,0.6000000000000001,2.2800000000000002,5699791.0,0.015472453419759447,-0.16238283582663726,84,5,5,0,3,3,3,3,3.0,0,0,53,53,53
2026-03-02 00:00:00+00:00,326.588,3.64,1.72,3.97,3.38,117.8223,22442.1,22748.86,158627.0,0.627,4.3,21.44,6613797.0,887612.0,2026-01-01 00:00:00+00:00,2026-02-27 00:00:00+00:00,2026-02-27 00:00:00+00:00,2026-02-27 00:00:00+00:00,2026-02-27 00:00:00+00:00,2026-02-27 00:00:00+00:00,2026-01-01 00:00:00+00:00,2026-03-02 00:00:00+00:00,2026-01-01 00:00:00+00:00,2026-03-02 00:00:00+00:00,2026-01-01 00:00:00+00:00,2026-03-02 00:00:00+00:00,2026-02-25 00:00:00+00:00,2026-02-25 00:00:00+00:00,-0.03015052557353126,-0.08647582279392108,0.006437186121118543,0.04003398016604898,-0.0062780447078303325,-0.0027825360418916034,-0.022904315520539953,0.21487510558089973,0.0068207639432325,0.023238778741258237,-0.01762407105170638,7.172491294311429,0.00932362717305324,-0.02276707620811358,-2.6130000000000004,-119.36,-0.04999999999999938,-0.27,-0.10000000000000053,0.2999999999999998,-0.25,-0.69,-0.0900000000000003,-0.6100000000000003,-0.07000000000000006,-0.14000000000000012,5.09,-1.3399999999999999,0.5900000000000003,2.25,5725558.0,0.014030762890032022,-0.14898981565129077,60,5,5,0,3,3,3,3,3.0,0,0,60,60,60
2026-03-09 00:00:00+00:00,326.588,3.64,1.8,4.15,3.56,119.491,22442.1,22695.95,158466.0,0.332,4.4,25.5,6628894.0,832053.0,2026-01-01 00:00:00+00:00,2026-03-06 00:00:00+00:00,2026-03-06 00:00:00+00:00,2026-03-06 00:00:00+00:00,2026-03-06 00:00:00+00:00,2026-03-06 00:00:00+00:00,2026-01-01 00:00:00+00:00,2026-03-09 00:00:00+00:00,2026-02-01 00:00:00+00:00,2026-03-09 00:00:00+00:00,2026-02-01 00:00:00+00:00,2026-03-09 00:00:00+00:00,2026-03-04 00:00:00+00:00,2026-03-04 00:00:00+00:00,-0.013057626209112883,-0.05481942834919096,0.006437186121118543,0.04003398016604898,-0.007293519750389166,-0.0047342730799719845,-0.03676521316837267,0.26179753980495946,0.0068207639432325,0.023238778741258237,-0.11896535403070096,7.324772300494381,0.014146122521562887,-0.019106104431491744,-1.371,-128.722,0.010000000000000675,-0.16999999999999993,0.0,0.3000000000000007,-0.25,-0.69,0.0,-0.43000000000000016,-0.07999999999999985,-0.18999999999999995,8.84,-2.3599999999999994,0.5900000000000003,2.3500000000000005,5796509.0,0.035041001381143744,-0.13392076852356638,67,5,5,0,3,3,3,3,3.0,0,0,67,36,36
2026-03-16 00:00:00+00:00,327.46,3.64,1.92,4.28,3.73,120.5518,22442.1,22374.18,158466.0,0.582,4.4,23.51,6646344.0,838186.0,2026-02-01 00:00:00+00:00,2026-03-13 00:00:00+00:00,2026-03-13 00:00:00+00:00,2026-03-13 00:00:00+00:00,2026-03-13 00:00:00+00:00,2026-03-13 00:00:00+00:00,2026-01-01 00:00:00+00:00,2026-03-16 00:00:00+00:00,2026-02-01 00:00:00+00:00,2026-03-16 00:00:00+00:00,2026-02-01 00:00:00+00:00,2026-03-16 00:00:00+00:00,2026-03-11 00:00:00+00:00,2026-03-11 00:00:00+00:00,0.00011199132618155971,-0.04383563696678028,0.006437186121118543,0.04003398016604898,-0.007293519750389166,-0.0047342730799719845,-0.030079577390184298,0.2282227596036499,0.009487236485508532,0.023748286725889578,-0.024466023319297037,7.399536564571315,0.0162363441842448,-0.01689249745234811,-2.019,-88.914,0.08999999999999986,-0.02999999999999936,0.0,0.3000000000000007,0.0,-0.69,0.20999999999999996,-0.2899999999999996,-0.010000000000000009,-0.08999999999999986,7.010000000000002,3.0,0.5500000000000003,2.3600000000000003,5807576.0,0.022607187853198596,-0.13839098132480387,74,5,5,0,3,3,3,3,3.0,0,0,43,43,43
2026-03-23 00:00:00+00:00,327.46,3.64,2.01,4.39,3.88,120.2757,22442.1,21946.76,158466.0,0.857,4.4,26.15,6655939.0,853052.0,2026-02-01 00:00:00+00:00,2026-03-20 00:00:00+00:00,2026-03-20 00:00:00+00:00,2026-03-20 00:00:00+00:00,2026-03-20 00:00:00+00:00,2026-03-20 00:00:00+00:00,2026-01-01 00:00:00+00:00,2026-03-23 00:00:00+00:00,2026-02-01 00:00:00+00:00,2026-03-23 00:00:00+00:00,2026-02-01 00:00:00+00:00,2026-03-23 00:00:00+00:00,2026-03-18 00:00:00+00:00,2026-03-18 00:00:00+00:00,-0.0023368920517636838,-0.05052684431743604,0.006437186121118543,0.04003398016604898,-0.0068298286355510385,-0.0047342730799719845,-0.06534779486778675,0.18782504601817962,0.007445347815047576,0.023748286725889578,0.023675226353722323,7.579080342345113,0.014997556475590201,-0.014918795830151765,-0.6659999999999999,-195.708,0.22999999999999954,0.13999999999999968,-0.1999999999999993,0.3000000000000007,0.0,-0.69,0.3999999999999999,-0.06000000000000005,0.08999999999999986,0.08999999999999986,12.069999999999999,8.669999999999998,0.5099999999999998,2.38,5802030.0,0.013846645408589708,-0.12262740896530744,81,5,5,0,3,3,3,3,3.0,0,0,50,50,50
2026-03-30 00:00:00+00:00,327.46,3.64,2.13,4.44,3.88,120.8851,22667.3,20794.64,158466.0,0.752,4.4,30.61,6657161.0,874077.0,2026-02-01 00:00:00+00:00,2026-03-27 00:00:00+00:00,2026-03-27 00:00:00+00:00,2026-03-27 00:00:00+00:00,2026-03-27 00:00:00+00:00,2026-03-27 00:00:00+00:00,2026-02-01 00:00:00+00:00,2026-03-30 00:00:00+00:00,2026-02-01 00:00:00+00:00,2026-03-30 00:00:00+00:00,2026-02-01 00:00:00+00:00,2026-03-30 00:00:00+00:00,2026-03-25 00:00:00+00:00,2026-03-25 00:00:00+00:00,0.008575350176275087,-0.04666503389599885,0.015332698679889845,0.04494839606392631,-0.0068298286355510385,-0.0047342730799719845,-0.12121307448888352,0.18402980099208932,0.007445347815047576,0.023748286725889578,0.04320104307267236,7.794328174155163,0.011471307488033489,-0.01240434391724321,-9.799,-398.41499999999996,0.3000000000000007,0.17000000000000082,-0.1999999999999993,0.3000000000000007,0.0,-0.69,0.41999999999999993,-0.010000000000000231,0.21999999999999997,0.22999999999999998,16.41,8.329999999999998,0.5600000000000005,2.3100000000000005,5782332.0,0.008470432270179629,-0.09218618349575536,57,5,5,0,3,3,3,3,3.0,0,0,57,57,57
2026-04-06 00:00:00+00:00,327.46,3.64,1.99,4.35,3.84,120.6565,22667.3,21996.34,158637.0,0.227,4.3,24.17,6675344.0,847718.0,2026-02-01 00:00:00+00:00,2026-04-03 00:00:00+00:00,2026-04-03 00:00:00+00:00,2026-04-03 00:00:00+00:00,2026-04-03 00:00:00+00:00,2026-04-03 00:00:00+00:00,2026-02-01 00:00:00+00:00,2026-04-06 00:00:00+00:00,2026-03-01 00:00:00+00:00,2026-04-06 00:00:00+00:00,2026-03-01 00:00:00+00:00,2026-04-06 00:00:00+00:00,2026-04-01 00:00:00+00:00,2026-04-01 00:00:00+00:00,0.005559261354979306,-0.04388409029247775,0.015332698679889845,0.04494839606392631,-0.005751314609664604,-0.004785645934529015,-0.061681298046353916,0.34339620909962143,0.007445347815047576,0.023748286725889578,0.012358438240946512,7.7637077350097865,0.005215707092382615,-0.007180974578536947,-6.258,-147.91899999999998,0.15999999999999925,0.33999999999999986,-0.2999999999999998,0.09999999999999964,0.0,-0.69,0.36999999999999966,0.1599999999999997,0.050000000000000044,0.15999999999999992,9.270000000000001,-22.809999999999995,0.5099999999999998,2.3599999999999994,5827399.0,0.0052600612702171645,-0.12069557802172248,64,5,5,0,3,3,3,3,3.0,0,0,64,36,36
2026-04-13 00:00:00+00:00,330.293,3.64,1.95,4.31,3.81,118.8552,22667.3,23183.74,158637.0,0.227,4.3,19.12,6693871.0,748376.0,2026-03-01 00:00:00+00:00,2026-04-10 00:00:00+00:00,2026-04-10 00:00:00+00:00,2026-04-10 00:00:00+00:00,2026-04-10 00:00:00+00:00,2026-04-10 00:00:00+00:00,2026-02-01 00:00:00+00:00,2026-04-13 00:00:00+00:00,2026-03-01 00:00:00+00:00,2026-04-13 00:00:00+00:00,2026-03-01 00:00:00+00:00,2026-04-13 00:00:00+00:00,2026-04-08 00:00:00+00:00,2026-04-08 00:00:00+00:00,-0.014453928700457475,-0.04491754797916503,0.015332698679889845,0.04494839606392631,-0.005588345053270771,-0.004785645934529015,-0.0234532349846166,0.32020022834269923,0.016059576920893548,0.03286299285933847,-0.06187957273673206,7.801915584603475,0.01813039973241537,-0.004998785861809907,-3.1750000000000003,-102.61099999999999,0.1299999999999999,-0.17000000000000082,-0.10000000000000053,0.09999999999999964,0.0,-0.69,0.27,-0.1499999999999999,0.050000000000000044,-0.32999999999999985,4.000000000000002,-11.77,0.49999999999999956,2.3599999999999994,5945268.0,0.02922152193709593,-0.10814486261904577,71,5,5,0,3,3,3,3,3.0,0,0,43,43,43
2026-04-20 00:00:00+00:00,330.293,3.64,1.9,4.26,3.71,118.0795,22667.3,24404.39,158637.0,0.503,4.3,18.87,6705696.0,751354.0,2026-03-01 00:00:00+00:00,2026-04-17 00:00:00+00:00,2026-04-17 00:00:00+00:00,2026-04-17 00:00:00+00:00,2026-04-17 00:00:00+00:00,2026-04-17 00:00:00+00:00,2026-02-01 00:00:00+00:00,2026-04-20 00:00:00+00:00,2026-03-01 00:00:00+00:00,2026-04-20 00:00:00+00:00,2026-03-01 00:00:00+00:00,2026-04-20 00:00:00+00:00,2026-04-15 00:00:00+00:00,2026-04-15 00:00:00+00:00,-0.0210017477530533,-0.043558265890368375,0.015332698679889845,0.04494839606392631,-0.005588345053270771,-0.004785645934529015,0.03710793373074672,0.43027579044326636,0.012990737644605233,0.03286299285933847,-0.03635875541655764,7.482300202076907,0.018664243847473116,-0.003188762402219325,-0.719,-113.611,0.08999999999999986,-0.08000000000000007,-0.10000000000000053,0.09999999999999964,0.0,-0.69,0.1499999999999999,-0.10000000000000009,0.020000000000000018,-0.20999999999999996,0.030000000000001137,-14.95,0.5499999999999998,2.36,5953839.0,0.025953674089441492,-0.10493707148993714,78,5,5,0,3,3,3,3,3.0,0,0,50,50,50
2026-04-27 00:00:00+00:00,330.293,3.64,1.89,4.31,3.78,118.7294,22667.3,24887.1,158637.0,0.363,4.3,18.02,6707419.0,1005968.0,2026-03-01 00:00:00+00:00,2026-04-24 00:00:00+00:00,2026-04-24 00:00:00+00:00,2026-04-24 00:00:00+00:00,2026-04-24 00:00:00+00:00,2026-04-24 00:00:00+00:00,2026-02-01 00:00:00+00:00,2026-04-27 00:00:00+00:00,2026-03-01 00:00:00+00:00,2026-04-27 00:00:00+00:00,2026-03-01 00:00:00+00:00,2026-04-27 00:00:00+00:00,2026-04-22 00:00:00+00:00,2026-04-22 00:00:00+00:00,-0.004672825204503184,-0.037330535528844244,0.015332698679889845,0.04073505219981399,-0.005588345053270771,-0.004785645934529015,0.05304525944585947,0.3598278394332812,0.012990737644605233,0.03286299285933847,0.14606211561344296,7.413538473077898,0.01848367537049178,-0.002904645951627316,-1.1260000000000001,-148.286,0.0699999999999994,0.019999999999999574,-0.10000000000000053,0.09999999999999964,0.0,-0.69,0.17999999999999972,0.03999999999999959,-0.030000000000000027,-0.13000000000000012,1.870000000000001,-7.129999999999999,0.5299999999999998,2.42,5701088.0,-0.002232518059669175,-0.1430242095303278,85,5,5,0,3,3,3,3,3.0,0,0,57,57,57
2026-05-04 00:00:00+00:00,330.293,3.64,1.91,4.39,3.88,118.3926,22686.0,25067.8,158637.0,0.618,4.3,18.29,6699950.0,981929.0,2026-03-01 00:00:00+00:00,2026-05-01 00:00:00+00:00,2026-05-01 00:00:00+00:00,2026-05-01 00:00:00+00:00,2026-05-01 00:00:00+00:00,2026-05-01 00:00:00+00:00,2026-03-01 00:00:00+00:00,2026-05-04 00:00:00+00:00,2026-03-01 00:00:00+00:00,2026-05-04 00:00:00+00:00,2026-03-01 00:00:00+00:00,2026-05-04 00:00:00+00:00,2026-04-29 00:00:00+00:00,2026-04-29 00:00:00+00:00,0.004172805664811818,-0.037031135860361,0.012196084383399253,0.04155968904254337,-0.005588345053270771,-0.005531926325998526,0.06067181993197934,0.3399033869568804,0.012990737644605233,0.03286299285933847,0.06184426705536161,7.407468274440301,0.016915827287657947,-0.001391131868253126,-9.796999999999999,-124.072,0.1299999999999999,0.05999999999999961,-0.10000000000000053,0.09999999999999964,0.0,-0.69,0.3599999999999999,0.04999999999999982,0.010000000000000009,-0.15000000000000013,1.9499999999999993,-5.350000000000001,0.5099999999999998,2.4799999999999995,5717403.0,0.011131790116408524,-0.1411264544475408,64,5,5,0,3,3,3,3,3.0,0,0,64,64,64
2026-05-11 00:00:00+00:00,330.293,3.63,1.93,4.38,3.9,118.0392,22686.0,26274.13,158736.0,1.133,4.3,18.38,6709505.0,877761.0,2026-03-01 00:00:00+00:00,2026-05-08 00:00:00+00:00,2026-05-08 00:00:00+00:00,2026-05-08 00:00:00+00:00,2026-05-08 00:00:00+00:00,2026-05-08 00:00:00+00:00,2026-03-01 00:00:00+00:00,2026-05-11 00:00:00+00:00,2026-04-01 00:00:00+00:00,2026-05-11 00:00:00+00:00,2026-04-01 00:00:00+00:00,2026-05-11 00:00:00+00:00,2026-05-06 00:00:00+00:00,2026-05-06 00:00:00+00:00,-0.0017056046565828709,-0.04018335865724865,0.012196084383399253,0.04155968904254337,-0.004964473437151895,-0.00490805470987965,0.12276710346186093,0.3396153911505877,0.012990737644605233,0.03286299285933847,-0.03472099100633841,7.315696218215683,0.015560626252630883,-0.00020625325976375564,-0.17300000000000004,-146.37199999999999,0.16000000000000014,0.009999999999999787,-0.10000000000000053,0.09999999999999964,-0.010000000000000231,-0.7000000000000002,0.3999999999999999,0.020000000000000018,0.050000000000000044,-0.15000000000000013,1.0199999999999996,-0.010000000000001563,0.48,2.45,5830611.0,0.023387469456732646,-0.11829558514128458,71,5,5,0,3,3,3,3,3.0,0,0,71,40,40
2026-05-18 00:00:00+00:00,332.407,3.63,2.1,4.59,4.09,119.2825,22686.0,26090.73,158736.0,7.193,4.3,17.82,6728502.0,838584.0,2026-04-01 00:00:00+00:00,2026-05-15 00:00:00+00:00,2026-05-15 00:00:00+00:00,2026-05-15 00:00:00+00:00,2026-05-15 00:00:00+00:00,2026-05-15 00:00:00+00:00,2026-03-01 00:00:00+00:00,2026-05-18 00:00:00+00:00,2026-04-01 00:00:00+00:00,2026-05-18 00:00:00+00:00,2026-04-01 00:00:00+00:00,2026-05-18 00:00:00+00:00,2026-05-13 00:00:00+00:00,2026-05-13 00:00:00+00:00,0.00877225197995557,-0.03391136027511532,0.012196084383399253,0.04155968904254337,0.0006869105994464775,-0.00490805470987965,0.14599269562242156,0.30586491546543826,0.017660684055588405,0.03703650372455414,-0.08754368046047212,7.283629770281281,0.01589740948168661,0.0022663688269446425,6.816,-173.224,0.5,0.16000000000000014,0.0,0.09999999999999964,-0.010000000000000231,-0.7000000000000002,0.6199999999999997,0.10999999999999988,0.30000000000000004,0.010000000000000231,-3.379999999999999,-0.3200000000000003,0.5,2.4899999999999998,5882725.0,0.03037934201439363,-0.10473551446624008,78,5,5,0,3,3,3,3,3.0,0,0,47,47,47
2026-05-25 00:00:00+00:00,332.407,3.62,2.18,4.57,4.08,119.2825,22686.0,26343.97,158736.0,0.965,4.3,16.59,6713643.0,781293.0,2026-04-01 00:00:00+00:00,2026-05-21 00:00:00+00:00,2026-05-21 00:00:00+00:00,2026-05-21 00:00:00+00:00,2026-05-21 00:00:00+00:00,2026-05-15 00:00:00+00:00,2026-03-01 00:00:00+00:00,2026-05-22 00:00:00+00:00,2026-04-01 00:00:00+00:00,2026-05-22 00:00:00+00:00,2026-04-01 00:00:00+00:00,2026-05-25 00:00:00+00:00,2026-05-20 00:00:00+00:00,2026-05-20 00:00:00+00:00,0.010880346315992995,-0.03391136027511532,0.012196084383399253,0.04155968904254337,0.0006869105994464775,-0.00490805470987965,0.1520835902493527,0.3407280199698963,0.017660684055588405,0.03703650372455414,-0.1554865821065583,7.348006010459594,0.015044586926794778,0.0037183021461437704,0.08799999999999997,-153.876,0.4900000000000002,0.03000000000000025,0.0,0.09999999999999964,-0.020000000000000018,-0.71,0.6000000000000001,0.08000000000000007,0.3800000000000001,-0.020000000000000018,-4.420000000000002,-3.9800000000000004,0.4900000000000002,2.39,5931385.0,0.03982823641632294,-0.09666697418398407,85,5,5,3,4,4,4,4,10.0,0,3,54,54,54
2026-06-01 00:00:00+00:00,332.407,3.62,2.07,4.45,3.98,118.8783,22804.5,27086.81,158736.0,1.302,4.3,16.05,6704383.0,830296.0,2026-04-01 00:00:00+00:00,2026-05-29 00:00:00+00:00,2026-05-29 00:00:00+00:00,2026-05-29 00:00:00+00:00,2026-05-29 00:00:00+00:00,2026-05-29 00:00:00+00:00,2026-04-01 00:00:00+00:00,2026-06-01 00:00:00+00:00,2026-04-01 00:00:00+00:00,2026-06-01 00:00:00+00:00,2026-04-01 00:00:00+00:00,2026-06-01 00:00:00+00:00,2026-05-27 00:00:00+00:00,2026-05-27 00:00:00+00:00,0.008922723525924603,-0.026831824269010873,0.01601922574327297,0.04218504456214234,0.0006869105994464775,-0.00490805470987965,0.17453185928257398,0.341919802610958,0.017660684055588405,0.03703650372455414,-0.0667524468499252,7.482771549581485,0.013603570001460952,0.004655393103544014,0.675,-134.53900000000002,0.48,0.040000000000000036,0.0,0.09999999999999964,-0.020000000000000018,-0.71,0.6000000000000001,0.08999999999999986,0.34999999999999987,0.0,-5.390000000000001,-2.3099999999999987,0.4700000000000002,2.3800000000000003,5872785.0,0.025388955723649076,-0.10713955528840557,61,5,5,0,3,3,3,3,3.0,0,0,61,61,61
2026-06-08 00:00:00+00:00,332.407,3.62,2.19,4.55,4.17,120.0831,22804.5,25929.66,159001.0,1.832,4.3,18.92,6711495.0,875713.0,2026-04-01 00:00:00+00:00,2026-06-05 00:00:00+00:00,2026-06-05 00:00:00+00:00,2026-06-05 00:00:00+00:00,2026-06-05 00:00:00+00:00,2026-06-05 00:00:00+00:00,2026-04-01 00:00:00+00:00,2026-06-08 00:00:00+00:00,2026-05-01 00:00:00+00:00,2026-06-08 00:00:00+00:00,2026-05-01 00:00:00+00:00,2026-06-08 00:00:00+00:00,2026-06-03 00:00:00+00:00,2026-06-03 00:00:00+00:00,0.004942948386754686,-0.011908844541858699,0.01601922574327297,0.04218504456214234,0.003370432243087862,-0.0035158027438324524,0.133200992766632,0.28030495968532776,0.017660684055588405,0.03703650372455414,0.05114227096922974,7.745397337051759,0.012383755169377508,0.005769427810417227,1.5,-177.483,0.39999999999999947,0.040000000000000036,-0.10000000000000053,0.09999999999999964,-0.020000000000000018,-0.71,0.6099999999999999,0.1299999999999999,0.3899999999999999,-0.010000000000000231,-6.579999999999998,1.7600000000000016,0.3799999999999999,2.36,5833950.0,0.006438461171509147,-0.10705979659085507,68,5,5,0,3,3,3,3,3.0,0,0,68,38,38
2026-06-15 00:00:00+00:00,333.979,3.62,2.17,4.48,4.09,119.5073,22804.5,26683.94,159001.0,0.581,4.3,16.2,6725397.0,828122.0,2026-05-01 00:00:00+00:00,2026-06-12 00:00:00+00:00,2026-06-12 00:00:00+00:00,2026-06-12 00:00:00+00:00,2026-06-12 00:00:00+00:00,2026-06-12 00:00:00+00:00,2026-04-01 00:00:00+00:00,2026-06-15 00:00:00+00:00,2026-05-01 00:00:00+00:00,2026-06-15 00:00:00+00:00,2026-05-01 00:00:00+00:00,2026-06-15 00:00:00+00:00,2026-06-10 00:00:00+00:00,2026-06-10 00:00:00+00:00,-0.008702078707485406,-0.010039198396525784,0.01601922574327297,0.04218504456214234,0.003370432243087862,-0.0035158027438324524,0.1761542708616215,0.30338183112876393,0.019712206537188415,0.04094626155079961,-0.012079546367321115,7.8190525938132085,0.01182402815245176,0.007198958578184644,-0.0010000000000000009,-140.178,0.20000000000000018,0.07000000000000028,-0.10000000000000053,0.09999999999999964,-0.020000000000000018,-0.71,0.3599999999999999,0.1299999999999999,0.25,0.040000000000000036,-7.310000000000002,-2.91,0.39000000000000057,2.3100000000000005,5896694.0,0.015228582777220723,-0.1029431557828211,75,5,5,0,3,3,3,3,3.0,0,0,45,45,45
2026-06-22 00:00:00+00:00,333.979,3.63,2.21,4.46,4.19,120.3958,22804.5,26166.6,159001.0,3.925,4.3,17.28,6736424.0,880713.0,2026-05-01 00:00:00+00:00,2026-06-19 00:00:00+00:00,2026-06-18 00:00:00+00:00,2026-06-18 00:00:00+00:00,2026-06-18 00:00:00+00:00,2026-06-18 00:00:00+00:00,2026-04-01 00:00:00+00:00,2026-06-22 00:00:00+00:00,2026-05-01 00:00:00+00:00,2026-06-22 00:00:00+00:00,2026-05-01 00:00:00+00:00,2026-06-22 00:00:00+00:00,2026-06-17 00:00:00+00:00,2026-06-17 00:00:00+00:00,0.0009980409809156043,-0.008396835530449565,0.01601922574327297,0.04218504456214234,0.003370432243087862,-0.0035158027438324524,0.17586426792074583,0.28737536711678047,0.019712206537188415,0.04094626155079961,0.031911299741423704,7.866145580223426,0.012019681513768532,0.008253161440261891,3.0679999999999996,-161.39399999999998,0.07000000000000028,0.08000000000000007,-0.10000000000000053,0.09999999999999964,-0.010000000000000231,-0.7000000000000002,0.3100000000000005,0.2900000000000005,0.20000000000000018,0.16000000000000014,-8.869999999999997,-2.549999999999997,0.2699999999999996,2.25,5851786.0,0.008539057478101242,-0.10742157472032332,82,5,5,0,3,4,4,4,4.0,0,0,52,52,52
2026-06-29 00:00:00+00:00,333.979,3.63,2.18,4.38,4.07,120.8866,23052.3,25820.14,159001.0,3.546,4.3,17.65,6735645.0,918696.0,2026-05-01 00:00:00+00:00,2026-06-26 00:00:00+00:00,2026-06-26 00:00:00+00:00,2026-06-26 00:00:00+00:00,2026-06-26 00:00:00+00:00,2026-06-26 00:00:00+00:00,2026-05-01 00:00:00+00:00,2026-06-29 00:00:00+00:00,2026-05-01 00:00:00+00:00,2026-06-29 00:00:00+00:00,2026-05-01 00:00:00+00:00,2026-06-29 00:00:00+00:00,2026-06-24 00:00:00+00:00,2026-06-24 00:00:00+00:00,1.2408400156260768e-05,0.006706387713721895,0.016842190250796918,0.04936293914961887,0.003370432243087862,-0.0035158027438324524,0.21645954636595377,0.23710483219274714,0.019712206537188415,0.04094626155079961,0.049786800828098166,7.832526995166875,0.011720456256533396,0.010963813315418847,2.7939999999999996,-457.185,-0.0600000000000005,0.08999999999999986,-0.10000000000000053,0.09999999999999964,-0.010000000000000231,-0.7000000000000002,0.1900000000000004,0.3400000000000003,0.050000000000000266,0.18000000000000016,-12.96,0.9199999999999982,0.3099999999999996,2.1999999999999997,5813403.0,0.00535905216215582,-0.06456132781819868,59,5,5,0,3,3,3,3,3.0,0,0,59,59,59
2026-07-06 00:00:00+00:00,333.979,3.63,2.26,4.49,4.14,120.6902,23052.3,26121.16,158984.0,2.719,4.2,15.57,6724564.0,880237.0,2026-05-01 00:00:00+00:00,2026-07-03 00:00:00+00:00,2026-07-02 00:00:00+00:00,2026-07-02 00:00:00+00:00,2026-07-02 00:00:00+00:00,2026-07-02 00:00:00+00:00,2026-05-01 00:00:00+00:00,2026-07-06 00:00:00+00:00,2026-06-01 00:00:00+00:00,2026-07-06 00:00:00+00:00,2026-06-01 00:00:00+00:00,2026-07-06 00:00:00+00:00,2026-07-01 00:00:00+00:00,2026-07-01 00:00:00+00:00,0.00027926630212071757,0.008507361239145084,0.016842190250796918,0.04936293914961887,0.0021849949345558173,-0.004643757482142519,0.17186963795360555,0.2465972757476962,0.019712206537188415,0.04094626155079961,0.0376431560784205,7.803187785947157,0.007346352133492218,0.009707968302240744,2.492,-215.311,0.14000000000000057,0.14000000000000057,-0.09999999999999964,0.10000000000000053,-0.010000000000000231,-0.7000000000000002,0.2999999999999998,0.2599999999999998,0.2699999999999998,0.23999999999999977,-8.600000000000001,-2.219999999999999,0.35000000000000053,2.2300000000000004,5841608.0,0.002435341245860201,-0.09771007390060049,66,5,5,0,3,4,4,4,4.0,0,0,66,35,35
2026-07-13 00:00:00+00:00,333.979,3.62,2.32,4.56,4.21,120.5046,23052.3,25873.18,158984.0,0.795,4.2,17.16,6735609.0,774062.0,2026-05-01 00:00:00+00:00,2026-07-10 00:00:00+00:00,2026-07-10 00:00:00+00:00,2026-07-10 00:00:00+00:00,2026-07-10 00:00:00+00:00,2026-07-10 00:00:00+00:00,2026-05-01 00:00:00+00:00,2026-07-13 00:00:00+00:00,2026-06-01 00:00:00+00:00,2026-07-13 00:00:00+00:00,2026-06-01 00:00:00+00:00,2026-07-13 00:00:00+00:00,2026-07-08 00:00:00+00:00,2026-07-08 00:00:00+00:00,0.013781980997500831,0.0014050824434237441,0.016842190250796918,0.04936293914961887,0.0021849949345558173,-0.004643757482142519,0.10975574006277533,0.22595998208979395,0.011097977431342443,0.04094626155079961,0.033746448267679696,7.79143319210421,0.0062158973224804015,0.011001698499210733,0.5680000000000001,-217.04600000000002,0.25,0.1299999999999999,-0.09999999999999964,0.10000000000000053,-0.020000000000000018,-0.71,0.3999999999999999,0.31000000000000005,0.3699999999999999,0.2599999999999998,-1.9600000000000009,-0.03999999999999915,0.34999999999999964,2.2399999999999998,5960752.0,0.0026010385888177723,-0.07791419358367868,73,5,5,0,3,3,3,3,3.0,0,0,73,42,42
2026-07-20 00:00:00+00:00,332.568,3.63,2.31,4.55,4.18,120.5315,23052.3,25508.07,158984.0,0.03,4.2,18.65,6743028.0,756218.0,2026-06-01 00:00:00+00:00,2026-07-17 00:00:00+00:00,2026-07-17 00:00:00+00:00,2026-07-17 00:00:00+00:00,2026-07-17 00:00:00+00:00,2026-07-17 00:00:00+00:00,2026-05-01 00:00:00+00:00,2026-07-20 00:00:00+00:00,2026-06-01 00:00:00+00:00,2026-07-20 00:00:00+00:00,2026-06-01 00:00:00+00:00,2026-07-20 00:00:00+00:00,2026-07-15 00:00:00+00:00,2026-07-15 00:00:00+00:00,0.020553003131391634,-0.001955251973001282,0.016842190250796918,0.04936293914961887,0.0021849949345558173,-0.004643757482142519,0.044231838537726276,0.19570319203380038,0.006864211147331822,0.03384680678685026,0.006452782192052808,7.844891407566549,0.005551767719758516,0.012498762763375026,-0.473,-213.636,0.29000000000000004,0.10999999999999943,-0.09999999999999964,0.10000000000000053,-0.010000000000000231,-0.7000000000000002,0.46999999999999975,0.2999999999999998,0.41000000000000014,0.28000000000000025,-0.22000000000000242,2.0,0.3700000000000001,2.2399999999999998,5986780.0,0.005517483401405343,-0.07379914638089069,80,5,5,0,3,3,3,3,3.0,0,0,49,49,49
2026-07-27 00:00:00+00:00,332.568,3.63,2.43,4.69,4.33,120.7105,23052.3,24932.08,158984.0,1.38,4.2,18.67,6747378.0,829623.0,2026-06-01 00:00:00+00:00,2026-07-24 00:00:00+00:00,2026-07-24 00:00:00+00:00,2026-07-24 00:00:00+00:00,2026-07-24 00:00:00+00:00,2026-07-24 00:00:00+00:00,2026-05-01 00:00:00+00:00,2026-07-27 00:00:00+00:00,2026-06-01 00:00:00+00:00,2026-07-27 00:00:00+00:00,2026-06-01 00:00:00+00:00,2026-07-27 00:00:00+00:00,2026-07-22 00:00:00+00:00,2026-07-22 00:00:00+00:00,0.01654816268111059,0.0025074799954669658,0.016842190250796918,0.04577808630178737,0.0021849949345558173,-0.004643757482142519,0.0018057307335066497,0.16316503412500083,0.006864211147331822,0.03384680678685026,-0.19273416027318824,7.8505295932536034,0.0059397577654713984,0.0133776523866036,1.017,-169.083,0.3800000000000008,0.29000000000000004,-0.09999999999999964,0.10000000000000053,-0.010000000000000231,-0.7000000000000002,0.5500000000000003,0.41999999999999993,0.5400000000000003,0.4700000000000002,0.6500000000000021,3.6400000000000023,0.3600000000000003,2.2600000000000002,5916375.0,0.03706689644483596,-0.09206527180909241,87,5,5,0,3,3,3,3,3.0,0,0,56,56,56
2026-08-03 00:00:00+00:00,332.568,3.63,2.47,4.75,4.28,119.7034,23155.2,25913.9,158984.0,2.127,4.2,15.86,6738190.0,910776.0,2026-06-01 00:00:00+00:00,2026-07-31 00:00:00+00:00,2026-07-31 00:00:00+00:00,2026-07-31 00:00:00+00:00,2026-07-31 00:00:00+00:00,2026-07-31 00:00:00+00:00,2026-06-01 00:00:00+00:00,2026-08-03 00:00:00+00:00,2026-06-01 00:00:00+00:00,2026-08-03 00:00:00+00:00,2026-06-01 00:00:00+00:00,2026-08-03 00:00:00+00:00,2026-07-29 00:00:00+00:00,2026-07-29 00:00:00+00:00,0.011010796008026347,-0.015841656147531857,0.02047138320187969,0.050231916095599516,0.0021849949345558173,-0.0034848382167957936,0.03319535024964004,0.20770888735439463,0.006864211147331822,0.03384680678685026,-0.07522202093365848,7.80717992441843,0.005691279182711284,0.014291201715524338,1.509,-123.60300000000001,0.3600000000000003,0.5199999999999996,-0.09999999999999964,0.0,-0.010000000000000231,-0.7000000000000002,0.40000000000000036,0.5900000000000003,0.5600000000000003,0.5700000000000003,-2.4299999999999997,-1.6600000000000001,0.46999999999999975,2.28,5825287.0,0.018693587310330884,-0.11212569951046447,63,5,5,0,3,3,3,3,3.0,0,0,63,63,63
2026-08-10 00:00:00+00:00,332.568,3.63,2.4,4.65,4.19,119.0649,23155.2,26605.36,158858.0,0.975,4.1,15.46,6748567.0,907324.0,2026-06-01 00:00:00+00:00,2026-08-07 00:00:00+00:00,2026-08-07 00:00:00+00:00,2026-08-07 00:00:00+00:00,2026-08-07 00:00:00+00:00,2026-08-07 00:00:00+00:00,2026-06-01 00:00:00+00:00,2026-08-10 00:00:00+00:00,2026-07-01 00:00:00+00:00,2026-08-10 00:00:00+00:00,2026-07-01 00:00:00+00:00,2026-08-10 00:00:00+00:00,2026-08-05 00:00:00+00:00,2026-08-05 00:00:00+00:00,0.008651949910009726,-0.014104914372051525,0.02047138320187969,0.050231916095599516,0.0007682765165633043,-0.00427768501866943,0.012527894355624625,0.21840425304439925,0.006864211147331822,0.03384680678685026,0.03312526092422097,7.675519920684632,0.005805008279482493,0.016091272788887778,-0.15800000000000003,-81.239,0.27000000000000046,0.3800000000000008,-0.20000000000000018,-0.10000000000000053,0.0,-0.7000000000000002,0.2900000000000005,0.4300000000000006,0.47,0.52,-2.919999999999998,-0.7899999999999991,0.45999999999999996,2.2500000000000004,5840268.0,0.0016548885827596393,-0.11594070215153884,70,5,5,0,3,3,3,3,3.0,0,0,70,40,40
2026-08-17 00:00:00+00:00,332.813,3.63,2.41,4.68,4.17,118.9028,23155.2,26644.91,158858.0,0.255,4.1,15.19,6759955.0,963950.0,2026-07-01 00:00:00+00:00,2026-08-14 00:00:00+00:00,2026-08-14 00:00:00+00:00,2026-08-14 00:00:00+00:00,2026-08-14 00:00:00+00:00,2026-08-14 00:00:00+00:00,2026-06-01 00:00:00+00:00,2026-08-17 00:00:00+00:00,2026-07-01 00:00:00+00:00,2026-08-17 00:00:00+00:00,2026-07-01 00:00:00+00:00,2026-08-17 00:00:00+00:00,2026-08-12 00:00:00+00:00,2026-08-12 00:00:00+00:00,-0.0031882767042370475,-0.01550372073845363,0.02047138320187969,0.050231916095599516,0.0007682765165633043,-0.00427768501866943,0.02101805917243027,0.20884149994832946,0.00122064895947549,0.03261937125310688,0.13932467090890732,7.5556154441897565,0.004663699785496078,0.017359990175794593,-6.938,-37.985,0.08999999999999986,0.34999999999999964,-0.20000000000000018,-0.10000000000000053,0.0,-0.7000000000000002,0.08000000000000007,0.41999999999999993,0.31000000000000005,0.4600000000000002,-2.630000000000001,0.1999999999999993,0.5099999999999998,2.2699999999999996,5795750.0,-0.014895199598813136,-0.13068247076546768,77,5,5,0,3,3,3,3,3.0,0,0,47,47,47
2026-08-24 00:00:00+00:00,332.813,3.63,2.4,4.74,4.24,118.0628,23155.2,25980.19,158858.0,0.38,4.1,15.85,6745699.0,953612.0,2026-07-01 00:00:00+00:00,2026-08-21 00:00:00+00:00,2026-08-21 00:00:00+00:00,2026-08-21 00:00:00+00:00,2026-08-21 00:00:00+00:00,2026-08-21 00:00:00+00:00,2026-06-01 00:00:00+00:00,2026-08-24 00:00:00+00:00,2026-07-01 00:00:00+00:00,2026-08-24 00:00:00+00:00,2026-07-01 00:00:00+00:00,2026-08-24 00:00:00+00:00,2026-08-19 00:00:00+00:00,2026-08-19 00:00:00+00:00,-0.01027794303920615,-0.022069900575205637,0.02047138320187969,0.050231916095599516,0.0007682765165633043,-0.00427768501866943,-0.013905081760539062,0.19164277994054757,0.00122064895947549,0.03261937125310688,0.19930664058855996,7.515079903163261,0.00476339194178621,0.019049201310432196,-0.585,-47.187,0.16999999999999993,0.4800000000000004,-0.20000000000000018,-0.10000000000000053,0.009999999999999787,-0.7000000000000002,0.16000000000000014,0.56,0.21999999999999975,0.5499999999999998,-0.7400000000000002,1.0600000000000005,0.5,2.3400000000000003,5791707.0,-0.023830677130646905,-0.12613675928450796,84,5,5,0,3,3,3,3,3.0,0,0,54,54,54
2026-08-31 00:00:00+00:00,332.813,3.63,2.42,4.73,4.34,118.7479,23218.0,26370.89,158858.0,6.726,4.1,14.43,6730912.0,950736.0,2026-07-01 00:00:00+00:00,2026-08-28 00:00:00+00:00,2026-08-28 00:00:00+00:00,2026-08-28 00:00:00+00:00,2026-08-28 00:00:00+00:00,2026-08-28 00:00:00+00:00,2026-07-01 00:00:00+00:00,2026-08-31 00:00:00+00:00,2026-07-01 00:00:00+00:00,2026-08-31 00:00:00+00:00,2026-07-01 00:00:00+00:00,2026-08-28 00:00:00+00:00,2026-08-26 00:00:00+00:00,2026-08-26 00:00:00+00:00,-0.0010975221847546734,-0.01628382831284725,0.01796995500898113,0.048653641488042965,0.0007682765165633043,-0.00427768501866943,-0.02678614326419826,0.20627739710466386,0.00122064895947549,0.03261937125310688,0.13545415776246728,7.384872553401643,0.00394915548612218,0.019128402200252026,5.4239999999999995,-71.172,0.28000000000000025,0.5100000000000007,-0.20000000000000018,-0.10000000000000053,0.009999999999999787,-0.7000000000000002,0.3599999999999999,0.7199999999999998,0.3500000000000001,0.6099999999999999,-1.620000000000001,-1.6900000000000013,0.39000000000000057,2.3100000000000005,5773450.0,-0.0170591455490392,-0.12235519257673744,61,5,5,0,3,3,3,3,3.0,3,0,61,61,61
